一个	yi ge	yg	373855
没有	mei you	my	325559
我们	wo men	wm	322329
可以	ke yi	ky	304372
什么	shen me	sm	295403
这个	zhe ge	zg	253424
呵呵	he he	hh	249662
现在	xian zai	xz	246263
自己	zi ji	zj	239007
就是	jiu shi	js	211267
不是	bu shi	bs	173509
怎么	zen me	zm	173077
还是	hai shi	hs	166934
他们	ta men	tm	156264
如果	ru guo	rg	155100
知道	zhi dao	zd	144465
时候	shi hou	sh	143389
问题	wen ti	wt	137270
这样	zhe yang	zy	131084
已经	yi jing	yj	129784
哈哈	ha ha	hh	121640
因为	yin wei	yw	121338
公司	gong si	gs	118498
那个	na ge	ng	117323
今天	jin tian	jt	109961
工作	gong zuo	gz	107925
中国	zhong guo	zg	106588
但是	dan shi	ds	105663
不过	bu guo	bg	103577
可能	ke neng	kn	100901
应该	ying gai	yg	97684
所以	suo yi	sy	95995
你们	ni men	nm	95399
一下	yi xia	yx	94335
时间	shi jian	sj	92935
都是	dou shi	ds	91784
还有	hai you	hy	86132
进行	jin xing	jx	84537
觉得	jue de	jd	83907
需要	xu yao	xy	82765
不能	bu neng	bn	80727
开始	kai shi	ks	78154
东西	dong xi	dx	77090
那么	na me	nm	76230
这么	zhe me	zm	74446
喜欢	xi huan	xh	72704
比较	bi jiao	bj	72343
然后	ran hou	rh	69601
一些	yi xie	yx	69428
不会	bu hui	bh	68739
大家	da jia	dj	67803
很多	hen duo	hd	66548
看到	kan dao	kd	65642
不要	bu yao	by	65478
一样	yi yang	yy	64748
这些	zhe xie	zx	62997
也是	ye shi	ys	62372
感觉	gan jue	gj	61600
看看	kan kan	kk	59859
其实	qi shi	qs	59636
出来	chu lai	cl	59118
朋友	peng you	py	58897
明天	ming tian	mt	58168
以后	yi hou	yh	58095
只是	zhi shi	zs	58095
这里	zhe li	zl	57305
而且	er qie	eq	56949
系统	xi tong	xt	56454
通过	tong guo	tg	56313
一定	yi ding	yd	56103
使用	shi yong	sy	55824
一起	yi qi	yq	55755
企业	qi ye	qy	54722
或者	huo zhe	hz	54518
发展	fa zhan	fz	54045
市场	shi chang	sc	54045
一直	yi zhi	yz	53242
北京	bei jing	bj	53176
其他	qi ta	qt	52912
好像	hao xiang	hx	52780
产品	chan pin	cp	51481
这种	zhe zhong	zz	51161
事情	shi qing	sq	51097
的人	de ren	dr	50970
为什么	wei shen me	wsm	50907
发现	fa xian	fx	50590
只有	zhi you	zy	50276
地方	di fang	df	50276
希望	xi wang	xw	50276
情况	qing kuang	qk	50151
要求	yao qiu	yq	49284
电话	dian hua	dh	49100
信息	xin xi	xx	48673
多少	duo shao	ds	47891
提供	ti gong	tg	47772
一般	yi ban	yb	47653
谢谢	xie xie	xx	47594
回来	hui lai	hl	47004
主要	zhu yao	zy	46887
不错	bu cuo	bc	46770
生活	sheng huo	sh	46770
上海	shang hai	sh	46654
目前	mu qian	mq	45167
直接	zhi jie	zj	44386
所有	suo you	sy	44275
晚上	wan shang	ws	43945
技术	ji shu	js	43401
方面	fang mian	fm	43347
出现	chu xian	cx	43293
虽然	sui ran	sr	43131
为了	wei le	wl	43078
支持	zhi chi	zc	43078
价格	jia ge	jg	42438
美国	mei guo	mg	42227
是不是	shi bu shi	sbs	42122
我的	wo de	wd	41860
选择	xuan ze	xz	41445
以前	yi qian	yq	41394
项目	xiang mu	xm	41136
非常	fei chang	fc	41085
里面	li mian	lm	40932
别人	bie ren	br	40576
国家	guo jia	gj	40475
以及	yi ji	yj	39676
你的	ni de	nd	39676
同时	tong shi	ts	39627
对于	dui yu	dy	39578
两个	liang ge	lg	39430
准备	zhun bei	zb	39430
管理	guan li	gl	39332
一点	yi dian	yd	39136
肯定	ken ding	kd	38942
这是	zhe shi	zs	38748
昨天	zuo tian	zt	38603
认为	ren wei	rw	38603
服务	fu wu	fw	38555
最后	zui hou	zh	38459
成为	cheng wei	cw	38459
网站	wang zhan	wz	38411
作为	zuo wei	zw	37936
哪里	na li	nl	37936
起来	qi lai	ql	37936
之后	zhi hou	zh	37747
继续	ji xu	jx	37700
手机	shou ji	sj	37653
真的	zhen de	zd	37606
不同	bu tong	bt	37559
用户	yong hu	yh	37419
由于	you yu	yy	37419
结果	jie guo	jg	37326
估计	gu ji	gj	37233
最近	zui jin	zj	36818
影响	ying xiang	yx	36726
学校	xue xiao	xx	36498
孩子	hai zi	hz	36407
好的	hao de	hd	36136
设计	she ji	sj	36001
任务	ren wu	rw	35912
关系	guan xi	gx	35644
部分	bu fen	bf	35467
活动	huo dong	hd	35379
必须	bi xu	bx	34984
网络	wang luo	wl	34723
研究	yan jiu	yj	34680
如何	ru he	rh	34508
当然	dang ran	dr	34508
那些	nei xie	nx	34379
功能	gong neng	gn	34251
可是	ke shi	ks	34208
学生	xue sheng	xs	33996
数据	shu ju	sj	33827
告诉	gao su	gs	33658
给我	gei wo	gw	33658
方式	fang shi	fs	33616
内容	nei rong	nr	33241
一次	yi ci	yc	33200
那里	na li	nl	33200
女人	nv ren	nr	33076
是否	shi fou	sf	33035
电脑	dian nao	dn	33035
意思	yi si	ys	32504
联系	lian xi	lx	32464
游戏	you xi	yx	32383
老师	lao shi	ls	32262
只要	zhi yao	zy	32102
特别	te bie	tb	32102
个人	ge ren	gr	32022
文件	wen jian	wj	31862
有点	you dian	yd	31823
能够	neng gou	ng	31823
软件	ruan jian	rj	31744
几个	ji ge	jg	31704
过去	guo qu	gq	31665
学习	xue xi	xx	31468
社会	she hui	sh	31390
过来	guo lai	gl	31233
给你	gei ni	gn	31117
男人	nan ren	nr	31039
了解	liao jie	lj	31001
只能	zhi neng	zn	30962
吃饭	chi fan	cf	30885
世界	shi jie	sj	30808
不好	bu hao	bh	30541
不用	bu yong	by	30503
的话	de hua	dh	30389
表示	biao shi	bs	30351
嘿嘿	hei hei	hh	30087
发生	fa sheng	fs	29900
得到	de dao	dd	29752
同学	tong xue	tx	29715
基本	ji ben	jb	29715
处理	chu li	cl	29715
老婆	lao po	lp	29641
照片	zhao pian	zp	29567
客户	ke hu	kh	29530
方法	fang fa	ff	29383
完成	wan cheng	wc	29347
关于	guan yu	gy	28983
有些	you xie	yx	28983
当时	dang shi	ds	28947
刚才	gang cai	gc	28875
实现	shi xian	sx	28767
原来	yuan lai	yl	28696
包括	bao kuo	bk	28660
解决	jie jue	jj	28553
中的	zhong de	zd	28517
一种	yi zhong	yz	28059
反正	fan zheng	fz	27816
政府	zheng fu	zf	27677
根据	gen ju	gj	27677
重要	zhong yao	zy	27643
成功	cheng gong	cg	27437
考虑	kao lv	kl	27403
下载	xia zai	xz	27334
能力	neng li	nl	27266
过程	guo cheng	gc	27165
他的	ta de	td	27030
分析	fen xi	fx	27030
机会	ji hui	jh	26962
下午	xia wu	xw	26828
提高	ti gao	tg	26728
认识	ren shi	rs	26695
注意	zhu yi	zy	26662
介绍	jie shao	js	26562
之前	zhi qian	zq	26463
存在	cun zai	cz	26430
日本	ri ben	rb	26430
进入	jin ru	jr	26430
其中	qi zhong	qz	26299
今年	jin nian	jn	26200
增加	zeng jia	zj	26070
记者	ji zhe	jz	26005
出去	chu qu	cq	25973
无法	wu fa	wf	25973
国内	guo nei	gn	25779
决定	jue ding	jd	25683
人家	ren jia	rj	25556
相关	xiang guan	xg	25428
完全	wan quan	wq	25334
单位	dan wei	dw	25176
组织	zu zhi	zz	25176
有人	you ren	yr	25051
测试	ce shi	cs	24989
还要	hai yao	hy	24989
业务	ye wu	yw	24958
任何	ren he	rh	24926
后来	hou lai	hl	24926
正在	zheng zai	zz	24926
专业	zhuan ye	zy	24772
之间	zhi jian	zj	24556
每天	mei tian	mt	24404
除了	chu le	cl	24283
建议	jian yi	jy	24252
论坛	lun tan	lt	24162
投资	tou zi	tz	24132
具有	ju you	jy	24042
空间	kong jian	kj	23982
计划	ji hua	jh	23982
不行	bu xing	bx	23714
原因	yuan yin	yy	23567
开发	kai fa	kf	23508
建立	jian li	jl	23362
名字	ming zi	mz	23304
参加	can jia	cj	23246
回家	hui jia	hj	23246
人员	ren yuan	ry	23159
全部	quan bu	qb	23131
回去	hui qu	hq	23044
睡觉	shui jiao	sj	23044
建设	jian she	js	23016
显示	xian shi	xs	22987
甚至	shen zhi	sz	22901
最好	zui hao	zh	22844
我国	wo guo	wg	22844
找到	zhao dao	zd	22844
获得	huo de	hd	22787
到了	dao le	dl	22702
这次	zhe ci	zc	22646
部门	bu men	bm	22646
人们	ren men	rm	22618
标准	biao zhun	bz	22561
经济	jing ji	jj	22505
控制	kong zhi	kz	22393
网上	wang shang	ws	22365
程序	cheng xu	cx	22310
简单	jian dan	jd	22254
让我	rang wo	rw	22143
一切	yi qie	yq	22116
效果	xiao guo	xg	22006
本来	ben lai	bl	22006
上班	shang ban	sb	21869
哪个	na ge	ng	21733
城市	cheng shi	cs	21733
真是	zhen shi	zs	21679
也许	ye xu	yx	21545
好了	hao le	hl	21545
电影	dian ying	dy	21545
达到	da dao	dd	21518
具体	ju ti	jt	21384
速度	su du	sd	21384
负责	fu ze	fz	21357
环境	huan jing	hj	21251
小时	xiao shi	xs	21172
经常	jing chang	jc	21172
银行	yin hang	yh	21172
办法	ban fa	bf	21119
消息	xiao xi	xx	21040
提出	ti chu	tc	21014
生产	sheng chan	sc	21014
申请	shen qing	sq	20988
大学	da xue	dx	20962
看来	kan lai	kl	20962
说话	shuo hua	sh	20962
因此	yin ci	yc	20936
我是	wo shi	ws	20858
来说	lai shuo	ls	20754
你好	ni hao	nh	20728
相信	xiang xin	xx	20728
许多	xu duo	xd	20728
说明	shuo ming	sm	20702
作用	zuo yong	zy	20651
安全	an quan	aq	20599
各种	ge zhong	gz	20574
终于	zhong yu	zy	20574
真正	zhen zheng	zz	20548
记得	ji de	jd	20497
全国	quan guo	qg	20471
正常	zheng chang	zc	20446
调整	tiao zheng	tz	20420
操作	cao zuo	cz	20395
领导	ling dao	ld	20395
没事	mei shi	ms	20370
资料	zi liao	zl	20370
采用	cai yong	cy	20370
下来	xia lai	xl	20319
努力	nu li	nl	20294
另外	ling wai	lw	20294
修改	xiu gai	xg	20268
国际	guo ji	gj	20243
有关	you guan	yg	20243
行业	hang ye	hy	20243
以上	yi shang	ys	20218
图片	tu pian	tp	20218
接受	jie shou	js	20218
容易	rong yi	ry	20142
才能	cai neng	cn	20142
有没有	you mei you	ymy	20142
设置	she zhi	sz	20067
妈妈	ma ma	mm	20017
产生	chan sheng	cs	19968
以为	yi wei	yw	19968
明白	ming bai	mb	19968
上面	shang mian	sm	19794
历史	li shi	ls	19769
合作	he zuo	hz	19647
目标	mu biao	mb	19598
代表	dai biao	db	19525
我也	wo ye	wy	19500
需求	xu qiu	xq	19500
总是	zong shi	zs	19476
这一	zhe yi	zy	19452
第一	di yi	dy	19403
安装	an zhuang	az	19379
广告	guang gao	gg	19307
按照	an zhao	az	19307
那样	na yang	ny	19307
股票	gu piao	gp	19235
也有	ye you	yy	19187
也不	ye bu	yb	19139
文化	wen hua	wh	19115
不断	bu duan	bd	19068
确定	que ding	qd	19020
服务器	fu wu qi	fwq	18997
好好	hao hao	hh	18973
销售	xiao shou	xs	18926
左右	zuo you	zy	18902
麻烦	ma fan	mf	18902
中心	zhong xin	zx	18879
应用	ying yong	yy	18808
表现	biao xian	bx	18785
如此	ru ci	rc	18761
经验	jing yan	jy	18761
不少	bu shao	bs	18691
根本	gen ben	gb	18691
关注	guan zhu	gz	18622
文章	wen zhang	wz	18598
经过	jing guo	jg	18598
差不多	cha bu duo	cbd	18575
地址	di zhi	dz	18483
条件	tiao jian	tj	18437
比如	bi ru	br	18414
都有	dou you	dy	18391
确实	que shi	qs	18345
形成	xing cheng	xc	18299
整个	zheng ge	zg	18299
帮助	bang zhu	bz	18231
家里	jia li	jl	18208
精神	jing shen	js	18163
身体	shen ti	st	18163
水平	shui ping	sp	18118
资源	zi yuan	zy	18118
马上	ma shang	ms	18050
似乎	si hu	sh	17983
休息	xiu xi	xx	17938
香港	xiang gang	xg	17916
突然	tu ran	tr	17871
一天	yi tian	yt	17849
刚刚	gang gang	gg	17849
是个	shi ge	sg	17849
明显	ming xian	mx	17805
收到	shou dao	sd	17782
并且	bing qie	bq	17738
教育	jiao yu	jy	17716
行为	xing wei	xw	17716
带来	dai lai	dl	17650
要是	yao shi	ys	17628
造成	zao cheng	zc	17606
上的	shang de	sd	17540
清楚	qing chu	qc	17540
房子	fang zi	fz	17475
深圳	shen zhen	sz	17475
利用	li yong	ly	17431
就会	jiu hui	jh	17431
大概	da gai	dg	17410
重新	chong xin	cx	17410
安排	an pai	ap	17388
理解	li jie	lj	17345
资金	zi jin	zj	17280
不到	bu dao	bd	17258
先生	xian sheng	xs	17215
变化	bian hua	bh	17215
拥有	yong you	yy	17173
推荐	tui jian	tj	17173
博客	bo ke	bk	17151
状态	zhuang tai	zt	17109
保证	bao zheng	bz	17087
美女	mei nv	mn	17045
难道	nan dao	nd	17045
干嘛	gan ma	gm	17002
品牌	pin pai	pp	16876
打开	da kai	dk	16876
改变	gai bian	gb	16876
不想	bu xiang	bx	16834
有个	you ge	yg	16750
比赛	bi sai	bs	16729
保持	bao chi	bc	16708
超过	chao guo	cg	16708
地区	di qu	dq	16667
下面	xia mian	xm	16646
广州	guang zhou	gz	16646
楼主	lou zhu	lz	16625
工程	gong cheng	gc	16604
位置	wei zhi	wz	16584
视频	shi pin	sp	16584
回答	hui da	hd	16563
看见	kan jian	kj	16522
自然	zi ran	zr	16522
方便	fang bian	fb	16501
快乐	kuai le	kl	16481
还在	hai zai	hz	16481
规定	gui ding	gd	16419
分钟	fen zhong	fz	16399
声音	sheng yin	sy	16399
心里	xin li	xl	16399
幸福	xing fu	xf	16358
音乐	yin yue	yy	16358
设备	she bei	sb	16338
媒体	mei ti	mt	16256
那是	na shi	ns	16256
漂亮	piao liang	pl	16216
更新	geng xin	gx	16196
老板	lao ban	lb	16196
基金	ji jin	jj	16176
实在	shi zai	sz	16176
密码	mi ma	mm	16075
慢慢	man man	mm	16075
第一次	di yi ci	dyc	16075
导致	dao zhi	dz	16035
很好	hen hao	hh	15995
讨论	tao lun	tl	15975
上网	shang wang	sw	15935
版本	ban ben	bb	15935
至少	zhi shao	zs	15916
基础	ji chu	jc	15896
通知	tong zhi	tz	15896
以下	yi xia	yx	15856
结婚	jie hun	jh	15836
结束	jie shu	js	15836
未来	wei lai	wl	15797
每个	mei ge	mg	15679
我想	wo xiang	wx	15660
检查	jian cha	jc	15621
还没	hai mei	hm	15621
曾经	ceng jing	cj	15582
治疗	zhi liao	zl	15582
随便	sui bian	sb	15582
医院	yi yuan	yy	15543
离开	li kai	lk	15543
上次	shang ci	sc	15524
集团	ji tuan	jt	15524
严重	yan zhong	yz	15504
发表	fa biao	fb	15504
相当	xiang dang	xd	15504
怎么样	zen me yang	zmy	15408
不仅	bu jin	bj	15370
衣服	yi fu	yf	15351
属于	shu yu	sy	15332
实际	shi ji	sj	15312
购买	gou mai	gm	15293
政策	zheng ce	zc	15274
注册	zhu ce	zc	15236
更加	geng jia	gj	15198
居然	ju ran	jr	15142
这边	zhe bian	zb	15142
加强	jia qiang	jq	15104
报告	bao gao	bg	15104
有效	you xiao	yx	15104
保护	bao hu	bh	15066
并不	bing bu	bb	15048
目的	mu di	md	15048
我就	wo jiu	wj	15010
记录	ji lu	jl	15010
质量	zhi liang	zl	14991
坚持	jian chi	jc	14954
新的	xin de	xd	14954
而已	er yi	ey	14806
机器	ji qi	jq	14732
郁闷	yu men	ym	14732
宝宝	bao bao	bb	14714
实施	shi shi	ss	14714
模式	mo shi	ms	14714
好多	hao duo	hd	14695
是啊	shi a	sa	14695
便宜	pian yi	py	14659
怎样	zen yang	zy	14659
让人	rang ren	rr	14659
关键	guan jian	gj	14622
后面	hou mian	hm	14622
培训	pei xun	px	14586
故事	gu shi	gs	14550
意见	yi jian	yj	14532
爱情	ai qing	aq	14477
都会	du hui	dh	14477
看了	kan le	kl	14441
台湾	tai wan	tw	14405
发布	fa bu	fb	14387
方案	fang an	fa	14370
每次	mei ci	mc	14370
大量	da liang	dl	14352
同样	tong yang	ty	14316
到底	dao di	dd	14298
永远	yong yuan	yy	14280
老公	lao gong	lg	14280
受到	shou dao	sd	14262
看着	kan zhe	kz	14227
绝对	jue dui	jd	14227
来了	lai le	ll	14174
于是	yu shi	ys	14121
感情	gan qing	gq	14121
太多	tai duo	td	14103
愿意	yuan yi	yy	14068
对方	dui fang	df	14051
压力	ya li	yl	14033
随着	sui zhe	sz	14033
网友	wang you	wy	14016
机构	ji gou	jg	13998
不管	bu guan	bg	13963
考试	kao shi	ks	13946
交流	jiao liu	jl	13929
之一	zhi yi	zy	13911
毕业	bi ye	by	13911
价值	jia zhi	jz	13894
免费	mian fei	mf	13894
一年	yi nian	yn	13825
平台	ping tai	pt	13808
成本	cheng ben	cb	13808
配置	pei zhi	pz	13808
几乎	ji hu	jh	13791
生命	sheng ming	sm	13791
制度	zhi du	zd	13756
首先	shou xian	sx	13756
变成	bian cheng	bc	13739
她们	ta men	tm	13722
升级	sheng ji	sj	13705
打算	da suan	ds	13705
一家	yi jia	yj	13688
稳定	wen ding	wd	13688
工资	gong zi	gz	13671
帖子	tie zi	tz	13654
专家	zhuan jia	zj	13637
那就	na jiu	nj	13637
即使	ji shi	js	13603
现场	xian chang	xc	13586
重点	zhong dian	zd	13586
交易	jiao yi	jy	13552
错误	cuo wu	cw	13552
参与	can yu	cy	13485
材料	cai liao	cl	13485
传统	chuan tong	ct	13434
同事	tong shi	ts	13434
调查	diao cha	dc	13434
她的	ta de	td	13401
结构	jie gou	jg	13384
费用	fei yong	fy	13384
厉害	li hai	lh	13368
而是	er shi	es	13368
尤其	you qi	yq	13318
作品	zuo pin	zp	13301
天天	tian tian	tt	13284
样子	yang zi	yz	13284
第二	di er	de	13284
父母	fu mu	fm	13268
确认	que ren	qr	13268
加入	jia ru	jr	13251
眼睛	yan jing	yj	13218
引起	yin qi	yq	13202
更多	geng duo	gd	13186
心情	xin qing	xq	13169
身上	shen shang	ss	13169
家庭	jia ting	jt	13153
最终	zui zhong	zz	13136
面对	mian dui	md	13120
一位	yi wei	yw	13104
分别	fen bie	fb	13104
它们	ta men	tm	13087
习惯	xi guan	xg	13071
来自	lai zi	lz	13071
不够	bu gou	bg	13038
事件	shi jian	sj	13022
推出	tui chu	tc	13022
知识	zhi shi	zs	13022
范围	fan wei	fw	13022
你是	ni shi	ns	13006
去年	qu nian	qn	13006
新闻	xin wen	xw	13006
自动	zi dong	zd	13006
垃圾	la ji	lj	12941
早上	zao shang	zs	12909
意义	yi yi	yy	12893
还好	hai hao	hh	12877
积极	ji ji	jj	12845
适合	shi he	sh	12829
全面	quan mian	qm	12781
执行	zhi xing	zx	12781
人生	ren sheng	rs	12765
正式	zheng shi	zs	12749
进一步	jin yi bu	jyb	12749
满足	man zu	mz	12702
运行	yun xing	yx	12670
收入	shou ru	sr	12639
不知	bu zhi	bz	12607
十分	shi fen	sf	12607
聊天	liao tian	lt	12591
代码	dai ma	dm	12576
遇到	yu dao	yd	12576
其它	qi ta	qt	12560
优势	you shi	ys	12544
等等	deng deng	dd	12544
哈哈哈	ha ha ha	hhh	12529
去了	qu le	ql	12513
取得	qu de	qd	12513
及时	ji shi	js	12420
方向	fang xiang	fx	12420
不乖	bu guai	bg	12358
不再	bu zai	bz	12343
邮件	you jian	yj	12312
姐姐	jie jie	jj	12297
系列	xi lie	xl	12297
再次	zai ci	zc	12266
普通	pu tong	pt	12266
经历	jing li	jl	12266
解释	jie shi	js	12266
您的	nin de	nd	12251
会议	hui yi	hy	12236
领域	ling yu	ly	12236
风险	feng xian	fx	12236
统一	tong yi	ty	12220
全球	quan qiu	qq	12205
形式	xing shi	xs	12205
思想	si xiang	sx	12205
无论	wu lun	wl	12205
农民	nong min	nm	12190
几天	ji tian	jt	12190
员工	yuan gong	yg	12190
短信	duan xin	dx	12144
进去	jin qu	jq	12099
增长	zeng zhang	zz	12069
本人	ben ren	br	12054
现实	xian shi	xs	12054
所谓	suo wei	sw	12024
不然	bu ran	br	11994
法律	fa lv	fl	11964
开心	kai xin	kx	11934
就要	jiu yao	jy	11920
移动	yi dong	yd	11905
域名	yu ming	ym	11890
农村	nong cun	nc	11875
合同	he tong	ht	11875
开展	kai zhan	kz	11875
时代	shi dai	sd	11875
同意	tong yi	ty	11860
工具	gong ju	gj	11860
想到	xiang dao	xd	11845
汽车	qi che	qc	11845
中午	zhong wu	zw	11831
女孩	nv hai	nh	11831
想法	xiang fa	xf	11816
自由	zi you	zy	11801
儿子	er zi	ez	11787
电视	dian shi	ds	11787
文字	wen zi	wz	11728
欢迎	huan ying	hy	11728
无聊	wu liao	wl	11684
一会	yi hui	yh	11670
担心	dan xin	dx	11641
听说	ting shuo	ts	11626
共同	gong tong	gt	11597
现象	xian xiang	xx	11597
下去	xia qu	xq	11583
事实	shi shi	ss	11583
理论	li lun	ll	11568
三个	san ge	sg	11554
人民	ren min	rm	11554
一张	yi zhang	yz	11539
前面	qian mian	qm	11511
减少	jian shao	js	11482
的事	de shi	ds	11482
宣传	xuan chuan	xc	11468
链接	lian jie	lj	11439
竟然	jing ran	jr	11439
感到	gan dao	gd	11425
力量	li liang	ll	11411
消费者	xiao fei zhe	xfz	11411
马甲	ma jia	mj	11397
办公室	ban gong shi	bgs	11368
阶段	jie duan	jd	11368
健康	jian kang	jk	11354
回复	hui fu	hf	11354
语言	yu yan	yy	11354
会有	hui you	hy	11326
放在	fang zai	fz	11326
是在	shi zai	sz	11326
也就	ye jiu	yj	11312
页面	ye mian	ym	11312
证明	zheng ming	zm	11284
医生	yi sheng	ys	11269
对象	dui xiang	dx	11269
周末	zhou mo	zm	11241
针对	zhen dui	zd	11241
要不	yao bu	yb	11227
仍然	reng ran	rr	11213
数量	shu liang	sl	11199
运动	yun dong	yd	11186
我在	wo zai	wz	11172
报道	bao dao	bd	11172
让你	rang ni	rn	11172
都在	dou zai	dz	11172
失败	shi bai	sb	11144
貌似	mao si	ms	11130
旅游	lv you	ly	11088
相对	xiang dui	xd	11088
下次	xia ci	xc	11047
号码	hao ma	hm	11047
毕竟	bi jing	bj	11047
责任	ze ren	zr	11033
期间	qi jian	qj	11019
没什么	mei shen me	msm	11019
一条	yi tiao	yt	11006
不敢	bu gan	bg	10978
促进	cu jin	cj	10978
恢复	hui fu	hf	10978
算了	suan le	sl	10978
长期	chang qi	cq	10978
不如	bu ru	br	10965
删除	shan chu	sc	10965
心理	xin li	xl	10937
忘记	wang ji	wj	10937
输入	shu ru	sr	10924
再说	zai shuo	zs	10897
试试	shi shi	ss	10897
制作	zhi zuo	zz	10869
可惜	ke xi	kx	10856
享受	xiang shou	xs	10815
下班	xia ban	xb	10802
成了	cheng le	cl	10802
经营	jing ying	jy	10802
都要	dou yao	dy	10775
很快	hen kuai	hk	10721
结合	jie he	jh	10721
维护	wei hu	wh	10721
最大	zui da	zd	10708
身边	shen bian	sb	10708
作者	zuo zhe	zz	10681
南京	nan jing	nj	10668
否则	fou ze	fz	10668
股市	gu shi	gs	10668
母亲	mu qin	mq	10642
登录	deng lu	dl	10628
也会	ye hui	yh	10615
尽管	jin guan	jg	10615
最新	zui xin	zx	10602
加上	jia shang	js	10602
外面	wai mian	wm	10602
搜索	sou suo	ss	10602
有限公司	you xian gong si	yxgs	10602
本身	ben shen	bs	10602
问问	wen wen	ww	10602
听到	ting dao	td	10589
可爱	ke ai	ka	10575
利益	li yi	ly	10562
平时	ping shi	ps	10562
做好	zuo hao	zh	10549
很大	hen da	hd	10549
查询	cha xun	cx	10536
科技	ke ji	kj	10536
内部	nei bu	nb	10523
英语	ying yu	yy	10523
也要	ye yao	yy	10510
认真	ren zhen	rz	10510
哥哥	ge ge	gg	10497
完善	wan shan	ws	10497
宝贝	bao bei	bb	10497
很难	hen nan	hn	10484
杭州	hang zhou	hz	10484
计算	ji suan	js	10484
父亲	fu qin	fq	10445
访问	fang wen	fw	10445
我要	wo yao	wy	10393
因素	yin su	ys	10367
就像	jiu xiang	jx	10367
上午	shang wu	sw	10354
明确	ming que	mq	10341
真实	zhen shi	zs	10328
反映	fan ying	fy	10315
感受	gan shou	gs	10315
符合	fu he	fh	10315
美丽	mei li	ml	10302
越来越	yue lai yue	yly	10289
一边	yi bian	yb	10277
日子	ri zi	rz	10277
启动	qi dong	qd	10251
兴趣	xing qu	xq	10238
数据库	shu ju ku	sjk	10238
感谢	gan xie	gx	10226
打电话	da dian hua	ddh	10226
都不	dou bu	db	10213
国外	guo wai	gw	10200
往往	wang wang	ww	10200
我不	wo bu	wb	10187
特点	te dian	td	10187
必要	bi yao	by	10162
放弃	fang qi	fq	10162
熟悉	shu xi	sx	10149
社区	she qu	sq	10149
专门	zhuan men	zm	10137
计算机	ji suan ji	jsj	10137
政治	zheng zhi	zz	10124
一份	yi fen	yf	10112
电子	dian zi	dz	10099
会员	hui yuan	hy	10086
复杂	fu za	fz	10086
妹妹	mei mei	mm	10074
依然	yi ran	yr	10061
区域	qu yu	qy	10061
星期	xing qi	xq	10061
程度	cheng du	cd	10061
整体	zheng ti	zt	10036
唯一	wei yi	wy	9999
集中	ji zhong	jz	9986
投入	tou ru	tr	9974
对了	dui le	dl	9961
类型	lei xing	lx	9961
限制	xian zhi	xz	9961
帮我	bang wo	bw	9937
正确	zheng que	zq	9937
统计	tong ji	tj	9937
韩国	han guo	hg	9937
做了	zuo le	zl	9924
咱们	zan men	zm	9900
上市	shang shi	ss	9887
关心	guan xin	gx	9887
采取	cai qu	cq	9863
规划	gui hua	gh	9850
装备	zhuang bei	zb	9838
在线	zai xian	zx	9814
年轻	nian qing	nq	9814
爸爸	ba ba	bb	9814
很少	hen shao	hs	9789
不得	bu de	bd	9777
良好	liang hao	lh	9753
暂时	zan shi	zs	9740
沟通	gou tong	gt	9740
别的	bie de	bd	9728
成绩	cheng ji	cj	9716
帮忙	bang mang	bm	9704
最高	zui gao	zg	9692
双方	shuang fang	sf	9692
小心	xiao xin	xx	9680
数字	shu zi	sz	9680
类似	lei si	ls	9680
附近	fu jin	fj	9680
买了	mai le	ml	9668
各位	ge wei	gw	9668
来看	lai kan	lk	9668
点击	dian ji	dj	9668
人类	ren lei	rl	9656
失去	shi qu	sq	9656
女儿	nv er	ne	9656
举行	ju xing	jx	9620
人物	ren wu	rw	9620
是一种	shi yi zhong	syz	9620
成都	cheng du	cd	9608
提升	ti sheng	ts	9608
科学	ke xue	kx	9608
巨大	ju da	jd	9584
及其	ji qi	jq	9572
态度	tai du	td	9572
成立	cheng li	cl	9572
颜色	yan se	ys	9560
评价	ping jia	pj	9536
风格	feng ge	fg	9513
兄弟	xiong di	xd	9477
困难	kun nan	kn	9453
产业	chan ye	cy	9442
更多的	geng duo de	gdd	9442
没人	mei ren	mr	9430
教师	jiao shi	js	9418
连接	lian jie	lj	9418
中文	zhong wen	zw	9371
丰富	feng fu	ff	9371
值得	zhi de	zd	9371
反应	fan ying	fy	9371
概念	gai nian	gn	9348
请问	qing wen	qw	9336
当地	dang di	dd	9325
人的	ren de	rd	9313
有了	you le	yl	9313
观点	guan dian	gd	9313
面前	mian qian	mq	9313
配合	pei he	ph	9302
连续	lian xu	lx	9290
主题	zhu ti	zt	9278
独立	du li	dl	9255
那种	na zhong	nz	9255
中国人	zhong guo ren	zgr	9244
同志	tong zhi	tz	9232
代理	dai li	dl	9221
降低	jiang di	jd	9221
职业	zhi ye	zy	9198
从来	cong lai	cl	9186
评论	ping lun	pl	9175
即可	ji ke	jk	9163
相应	xiang ying	xy	9163
女生	nv sheng	ns	9152
月份	yue fen	yf	9152
经理	jing li	jl	9152
原则	yuan ze	yz	9129
性能	xing neng	xn	9129
综合	zong he	zh	9129
从而	cong er	ce	9095
当年	dang nian	dn	9095
改革	gai ge	gg	9095
英文	ying wen	yw	9073
每年	mei nian	mn	9050
痛苦	tong ku	tk	9050
艺术	yi shu	ys	9050
协议	xie yi	xy	9039
意识	yi shi	ys	9039
消费	xiao fei	xf	8983
英国	ying guo	yg	8983
节目	jie mu	jm	8960
上来	shang lai	sl	8949
商品	shang pin	sp	8938
还能	hai neng	hn	8938
那边	na bian	nb	8927
提示	ti shi	ts	8905
合理	he li	hl	8893
用于	yong yu	yy	8882
应当	ying dang	yd	8871
形象	xing xiang	xx	8849
等待	deng dai	dd	8849
行动	xing dong	xd	8849
最大的	zui da de	zdd	8816
干什么	gan shen me	gsm	8816
中间	zhong jian	zj	8805
它的	ta de	td	8805
来到	lai dao	ld	8805
理由	li you	ly	8805
背景	bei jing	bj	8805
就在	jiu zai	jz	8794
翻译	fan yi	fy	8794
事业	shi ye	sy	8783
发挥	fa hui	fh	8783
回到	hui dao	hd	8783
持续	chi xu	cx	8783
制定	zhi ding	zd	8772
老大	lao da	ld	8772
追求	zhui qiu	zq	8772
既然	ji ran	jr	8761
留下	liu xia	lx	8761
皮肤	pi fu	pf	8761
不好意思	bu hao yi si	bhys	8751
公布	gong bu	gb	8751
不太	bu tai	bt	8729
大部分	da bu fen	dbf	8729
办理	ban li	bl	8718
合适	he shi	hs	8718
就算	jiu suan	js	8718
成熟	cheng shu	cs	8718
多了	duo le	dl	8707
当前	dang qian	dq	8707
教授	jiao shou	js	8707
添加	tian jia	tj	8707
竞争	jing zheng	jz	8707
女性	nv xing	nx	8664
看过	kan guo	kg	8653
加油	jia you	jy	8642
不懂	bu dong	bd	8621
创新	chuang xin	cx	8621
旁边	pang bian	pb	8621
高兴	gao xing	gx	8621
内存	nei cun	nc	8610
辛苦	xin ku	xk	8610
见到	jian dao	jd	8588
使得	shi de	sd	8578
互联网	hu lian wang	hlw	8567
规范	gui fan	gf	8567
你要	ni yao	ny	8546
正是	zheng shi	zs	8546
重庆	chong qing	cq	8546
硬盘	ying pan	yp	8535
做到	zuo dao	zd	8514
攻击	gong ji	gj	8514
详细	xiang xi	xx	8503
天涯	tian ya	ty	8482
人才	ren cai	rc	8461
笔记本	bi ji ben	bjb	8461
可怜	ke lian	kl	8450
观众	guan zhong	gz	8450
走了	zou le	zl	8450
有时	you shi	ys	8440
又是	you shi	ys	8429
才是	cai shi	cs	8429
寻找	xun zhao	xz	8419
大盘	da pan	dp	8398
主动	zhu dong	zd	8387
或许	huo xu	hx	8387
指导	zhi dao	zd	8377
特殊	te shu	ts	8377
病毒	bing du	bd	8377
下降	xia jiang	xj	8367
改善	gai shan	gs	8367
迅速	xun su	xs	8367
比例	bi li	bl	8356
商业	shang ye	sy	8346
好久	hao jiu	hj	8346
措施	cuo shi	cs	8335
更是	geng shi	gs	8325
上去	shang qu	sq	8315
就能	jiu neng	jn	8315
房间	fang jian	fj	8315
明年	ming nian	mn	8315
经典	jing dian	jd	8315
优秀	you xiu	yx	8304
不去	bu qu	bq	8294
紧张	jin zhang	jz	8294
奇怪	qi guai	qg	8273
群众	qun zhong	qz	8273
有限	you xian	yx	8263
处于	chu yu	cy	8253
提前	ti qian	tq	8253
倒是	dao shi	ds	8242
投资者	tou zi zhe	tzz	8242
不足	bu zu	bz	8232
好吧	hao ba	hb	8222
的确	di que	dq	8222
伤害	shang hai	sh	8212
以来	yi lai	yl	8201
嘻嘻	xi xi	xx	8201
期待	qi dai	qd	8201
不可	bu ke	bk	8191
带着	dai zhe	dz	8191
规模	gui mo	gm	8181
表达	biao da	bd	8161
据说	ju shuo	js	8140
尽量	jin liang	jl	8120
并不是	bing bu shi	bbs	8120
酒店	jiu dian	jd	8120
接口	jie kou	jk	8110
美元	mei yuan	my	8090
角度	jiao du	jd	8090
动作	dong zuo	dz	8080
技能	ji neng	jn	8080
不了	bu liao	bl	8070
判断	pan duan	pd	8070
小说	xiao shuo	xs	8070
广东	guang dong	gd	8060
自身	zi shen	zs	8060
规则	gui ze	gz	8050
区别	qu bie	qb	8040
核心	he xin	hx	8040
德国	de guo	dg	8029
整理	zheng li	zl	8029
进来	jin lai	jl	8029
体现	ti xian	tx	8019
体系	ti xi	tx	8019
你说	ni shuo	ns	8019
手段	shou duan	sd	8019
轻松	qing song	qs	8019
参考	can kao	ck	8010
有时候	you shi hou	ysh	8010
至于	zhi yu	zy	8010
邮箱	you xiang	yx	8010
出口	chu kou	ck	8000
战略	zhan lue	zl	8000
掌握	zhang wo	zw	8000
放心	fang xin	fx	7990
帐号	zhang hao	zh	7980
一段	yi duan	yd	7970
好看	hao kan	hk	7970
让他	rang ta	rt	7960
创造	chuang zao	cz	7950
时期	shi qi	sq	7950
接触	jie chu	jc	7930
避免	bi mian	bm	7930
实行	shi xing	sx	7920
思考	si kao	sk	7920
变得	bian de	bd	7910
推广	tui guang	tg	7910
也没	ye mei	ym	7900
充分	chong fen	cf	7891
心中	xin zhong	xz	7891
自我	zi wo	zw	7891
召开	zhao kai	zk	7881
中央	zhong yang	zy	7861
土地	tu di	td	7832
格式	ge shi	gs	7832
留言	liu yan	ly	7822
站在	zhan zai	zz	7822
培养	pei yang	py	7812
距离	ju li	jl	7812
两人	liang ren	lr	7803
名称	ming cheng	mc	7803
欧洲	ou zhou	oz	7803
加班	jia ban	jb	7793
阳光	yang guang	yg	7793
吸引	xi yin	xy	7783
小姐	xiao jie	xj	7773
一句	yi ju	yj	7764
快速	kuai su	ks	7764
想起	xiang qi	xq	7764
我说	wo shuo	ws	7754
支付	zhi fu	zf	7754
强调	qiang diao	qd	7744
基本上	ji ben shang	jbs	7735
之类	zhi lei	zl	7725
武汉	wu han	wh	7725
一旦	yi dan	yd	7716
不在	bu zai	bz	7716
现代	xian dai	xd	7716
附件	fu jian	fj	7716
资产	zi chan	zc	7706
推进	tui jin	tj	7696
推动	tui dong	td	7687
理想	li xiang	lx	7677
人士	ren shi	rs	7658
飞机	fei ji	fj	7658
今日	jin ri	jr	7649
在于	zai yu	zy	7649
论文	lun wen	lw	7649
主任	zhu ren	zr	7620
保障	bao zhang	bz	7620
涉及	she ji	sj	7620
地位	di wei	dw	7592
此次	ci ci	cc	7592
网页	wang ye	wy	7582
给他	gei ta	gt	7563
忘了	wang le	wl	7554
编辑	bian ji	bj	7554
一场	yi chang	yc	7544
建筑	jian zhu	jz	7544
拒绝	ju jue	jj	7544
想想	xiang xiang	xx	7535
就行	jiu xing	jx	7526
小孩	xiao hai	xh	7516
指出	zhi chu	zc	7516
逐渐	zhu jian	zj	7516
团队	tuan dui	td	7507
尽快	jin kuai	jk	7507
一块	yi kuai	yk	7498
出了	chu le	cl	7498
利润	li run	lr	7488
文档	wen dang	wd	7488
民族	min zu	mz	7488
上涨	shang zhang	sz	7479
不大	bu da	bd	7479
你就	ni jiu	nj	7479
广大	guang da	gd	7479
强烈	qiang lie	ql	7479
承担	cheng dan	cd	7479
通常	tong chang	tc	7479
大小	da xiao	dx	7470
就不	jiu bu	jb	7470
就有	jiu you	jy	7470
干吗	gan ma	gm	7470
平均	ping jun	pj	7470
作出	zuo chu	zc	7460
各个	ge ge	gg	7460
公开	gong kai	gk	7451
突破	tu po	tp	7451
一片	yi pian	yp	7442
战士	zhan shi	zs	7442
赚钱	zhuan qian	zq	7432
有着	you zhe	yz	7423
舒服	shu fu	sf	7423
在家	zai jia	zj	7405
咨询	zi xun	zx	7395
完美	wan mei	wm	7395
法国	fa guo	fg	7395
大陆	da lu	dl	7386
不多	bu duo	bd	7368
充满	chong man	cm	7368
就好	jiu hao	jh	7340
正好	zheng hao	zh	7340
坐在	zuo zai	zz	7331
天气	tian qi	tq	7331
机制	ji zhi	jz	7322
患者	huan zhe	hz	7313
上述	shang shu	ss	7304
保存	bao cun	bc	7304
允许	yun xu	yx	7304
超级	chao ji	cj	7304
从事	cong shi	cs	7295
刺激	ci ji	cj	7295
状况	zhuang kuang	zk	7277
天津	tian jin	tj	7268
缺乏	que fa	qf	7268
负责人	fu ze ren	fzr	7268
做出	zuo chu	zc	7259
地图	di tu	dt	7249
基于	ji yu	jy	7249
如下	ru xia	rx	7249
宿舍	su she	ss	7249
老子	lao zi	lz	7249
怀疑	huai yi	hy	7222
为主	wei zhu	wz	7204
大型	da xing	dx	7204
强大	qiang da	qd	7204
很有	hen you	hy	7204
实力	shi li	sl	7195
拿到	na dao	nd	7187
流程	liu cheng	lc	7187
电信	dian xin	dx	7187
定义	ding yi	dy	7178
拍摄	pai she	ps	7178
难以	nan yi	ny	7178
两天	liang tian	lt	7169
今晚	jin wan	jw	7169
过了	guo le	gl	7169
这位	zhe wei	zw	7151
总结	zong jie	zj	7142
高速	gao su	gs	7142
开放	kai fang	kf	7133
重大	zhong da	zd	7133
观察	guan cha	gc	7124
赶紧	gan jin	gj	7124
表明	biao ming	bm	7098
提交	ti jiao	tj	7080
一只	yi zhi	yz	7071
微软	wei ruan	wr	7062
成员	cheng yuan	cy	7062
目录	mu lu	ml	7062
成长	cheng zhang	cz	7053
有空	you kong	yk	7053
矛盾	mao dun	md	7045
某些	mou xie	mx	7036
确保	que bao	qb	7036
实践	shi jian	sj	7027
相比	xiang bi	xb	7027
会不会	hui bu hui	hbh	7010
联合	lian he	lh	7010
晓得	xiao de	xd	7001
取消	qu xiao	qx	6992
权利	quan li	ql	6983
一半	yi ban	yb	6975
门口	men kou	mk	6975
发送	fa song	fs	6966
提醒	ti xing	tx	6957
一套	yi tao	yt	6949
参数	can shu	cs	6949
味道	wei dao	wd	6949
玩家	wan jia	wj	6949
角色	jue se	js	6940
上升	shang sheng	ss	6931
显得	xian de	xd	6914
深入	shen ru	sr	6906
适应	shi ying	sy	6906
高级	gao ji	gj	6906
想要	xiang yao	xy	6888
什么时候	shen me shi hou	smsh	6871
描述	miao shu	ms	6871
立即	li ji	lj	6863
路上	lu shang	ls	6863
损失	sun shi	ss	6854
训练	xun lian	xl	6854
重视	zhong shi	zs	6854
一名	yi ming	ym	6846
彻底	che di	cd	6846
令人	ling ren	lr	6837
印象	yin xiang	yx	6829
浪费	lang fei	lf	6829
学院	xue yuan	xy	6820
著名	zhu ming	zm	6812
固定	gu ding	gd	6803
扩大	kuo da	kd	6803
身份	shen fen	sf	6803
道理	dao li	dl	6803
商务	shang wu	sw	6795
实际上	shi ji shang	sjs	6795
一致	yi zhi	yz	6786
发出	fa chu	fc	6786
承认	cheng ren	cr	6786
展示	zhan shi	zs	6778
查看	cha kan	ck	6769
英雄	ying xiong	yx	6752
说了	shuo le	sl	6752
制造	zhi zao	zz	6744
消失	xiao shi	xs	6744
百度	bai du	bd	6744
相同	xiang tong	xt	6744
万元	wan yuan	wy	6736
之外	zhi wai	zw	6736
面试	mian shi	ms	6736
之中	zhi zhong	zz	6710
学会	xue hui	xh	6710
交通	jiao tong	jt	6694
仅仅	jin jin	jj	6694
警察	jing cha	jc	6694
特色	te se	ts	6669
跟我	gen wo	gw	6669
答案	da an	da	6660
表情	biao qing	bq	6660
最多	zui duo	zd	6644
清除	qing chu	qc	6644
读书	du shu	ds	6636
两年	liang nian	ln	6627
众多	zhong duo	zd	6627
感动	gan dong	gd	6627
女子	nv zi	nz	6603
收费	shou fei	sf	6594
不说	bu shuo	bs	6586
实验	shi yan	sy	6586
都能	dou neng	dn	6586
争取	zheng qu	zq	6578
找个	zhao ge	zg	6578
世纪	shi ji	sj	6570
洗澡	xi zao	xz	6570
高度	gao du	gd	6570
哪些	na xie	nx	6562
有所	you suo	ys	6562
组成	zu cheng	zc	6553
周围	zhou wei	zw	6545
太阳	tai yang	ty	6545
转载	zhuan zai	zz	6545
近期	jin qi	jq	6537
黑色	hei se	hs	6537
年龄	nian ling	nl	6529
面临	mian lin	ml	6529
性格	xing ge	xg	6521
满意	man yi	my	6513
趋势	qu shi	qs	6496
顺利	shun li	sl	6496
个月	ge yue	gy	6488
导演	dao yan	dy	6488
检测	jian ce	jc	6488
位于	wei yu	wy	6480
多个	duo ge	dg	6480
鼓励	gu li	gl	6480
上课	shang ke	sk	6464
始终	shi zhong	sz	6464
时尚	shi shang	ss	6456
为啥	wei sha	ws	6448
增强	zeng qiang	zq	6448
是我	shi wo	sw	6448
将会	jiang hui	jh	6440
女朋友	nv peng you	npy	6432
看法	kan fa	kf	6432
贷款	dai kuan	dk	6432
级别	ji bie	jb	6416
还会	hai hui	hh	6416
人民币	ren min bi	rmb	6408
情绪	qing xu	qx	6408
一声	yi sheng	ys	6392
打击	da ji	dj	6392
指标	zhi biao	zb	6392
楼上	lou shang	ls	6392
突出	tu chu	tc	6392
记忆	ji yi	jy	6384
不对	bu dui	bd	6376
具备	ju bei	jb	6376
宣布	xuan bu	xb	6376
很久	hen jiu	hj	6376
体验	ti yan	ty	6368
而言	er yan	ey	6368
农业	nong ye	ny	6360
禁止	jin zhi	jz	6360
一生	yi sheng	ys	6344
工业	gong ye	gy	6337
指定	zhi ding	zd	6337
对我	dui wo	dw	6329
模块	mo kuai	mk	6321
我还	wo hai	wh	6313
能否	neng fou	nf	6305
生气	sheng qi	sq	6289
头发	tou fa	tf	6282
对不起	dui bu qi	dbq	6282
收购	shou gou	sg	6282
生日	sheng ri	sr	6282
多次	duo ci	dc	6266
效率	xiao lv	xl	6266
老人	lao ren	lr	6266
严格	yan ge	yg	6258
定位	ding wei	dw	6250
补充	bu chong	bc	6250
队伍	dui wu	dw	6250
做的	zuo de	zd	6242
房价	fang jia	fj	6242
早点	zao dian	zd	6242
首次	shou ci	sc	6242
多年	duo nian	dn	6235
天下	tian xia	tx	6235
生意	sheng yi	sy	6235
市民	shi min	sm	6227
很多人	hen duo ren	hdr	6227
搞定	gao ding	gd	6227
欣赏	xin shang	xs	6219
死了	si le	sl	6219
回忆	hui yi	hy	6211
帮你	bang ni	bn	6211
采访	cai fang	cf	6211
完了	wan le	wl	6196
武器	wu qi	wq	6196
教学	jiao xue	jx	6188
危险	wei xian	wx	6173
常常	chang chang	cc	6173
把握	ba wo	bw	6173
课程	ke cheng	kc	6173
预计	yu ji	yj	6173
大学生	da xue sheng	dxs	6165
举办	ju ban	jb	6157
年代	nian dai	nd	6157
跟你	gen ni	gn	6157
果然	guo ran	gr	6150
话题	hua ti	ht	6150
将来	jiang lai	jl	6142
返回	fan hui	fh	6142
直到	zhi dao	zd	6127
晚安	wan an	wa	6119
信号	xin hao	xh	6112
而不是	er bu shi	ebs	6104
保险	bao xian	bx	6096
信心	xin xin	xx	6096
加大	jia da	jd	6096
多久	duo jiu	dj	6096
报价	bao jia	bj	6096
第三	di san	ds	6096
一是	yi shi	ys	6089
妻子	qi zi	qz	6066
都没	dou mei	dm	6066
仔细	zi xi	zx	6059
几点	ji dian	jd	6059
只好	zhi hao	zh	6059
明星	ming xing	mx	6059
界面	jie mian	jm	6059
运用	yun yong	yy	6059
梦想	meng xiang	mx	6051
最佳	zui jia	zj	6043
反而	fan er	fe	6036
半年	ban nian	bn	6028
完整	wan zheng	wz	6028
属性	shu xing	sx	6028
模型	mo xing	mx	6028
说法	shuo fa	sf	6021
透露	tou lu	tl	6021
女孩子	nv hai zi	nhz	6013
渠道	qu dao	qd	6013
画面	hua mian	hm	6013
分享	fen xiang	fx	6006
当初	dang chu	dc	6006
怎么办	zen me ban	zmb	6006
创建	chuang jian	cj	5998
回头	hui tou	ht	5998
家人	jia ren	jr	5998
报名	bao ming	bm	5998
讨厌	tao yan	ty	5998
动物	dong wu	dw	5991
昨晚	zuo wan	zw	5991
你在	ni zai	nz	5983
分配	fen pei	fp	5976
影片	ying pian	yp	5976
足够	zu gou	zg	5976
加快	jia kuai	jk	5969
部队	bu dui	bd	5969
有钱	you qian	yq	5961
高手	gao shou	gs	5961
专用	zhuan yong	zy	5954
普遍	pu bian	pb	5954
逐步	zhu bu	zb	5954
今后	jin hou	jh	5946
和谐	he xie	hx	5946
四川	si chuan	sc	5946
脸上	lian shang	ls	5946
无所谓	wu suo wei	wsw	5939
驱动	qu dong	qd	5939
随时	sui shi	ss	5932
一把	yi ba	yb	5924
广泛	guang fan	gf	5924
挑战	tiao zhan	tz	5924
快递	kuai di	kd	5917
死亡	si wang	sw	5917
伟大	wei da	wd	5909
上传	shang chuan	sc	5902
两次	liang ci	lc	5902
他说	ta shuo	ts	5902
发行	fa xing	fx	5902
组合	zu he	zh	5895
协调	xie tiao	xt	5887
展开	zhan kai	zk	5887
道路	dao lu	dl	5887
一件	yi jian	yj	5880
网吧	wang ba	wb	5880
阅读	yue du	yd	5873
开会	kai hui	kh	5865
浙江	zhe jiang	zj	5865
见面	jian mian	jm	5865
一部	yi bu	yb	5858
先进	xian jin	xj	5851
娱乐	yu le	yl	5851
杂志	za zhi	zz	5843
说过	shuo guo	sg	5843
防止	fang zhi	fz	5843
命令	ming ling	ml	5836
落实	luo shi	ls	5836
表演	biao yan	by	5836
表面	biao mian	bm	5829
较大	jiao da	jd	5829
邀请	yao qing	yq	5829
镜头	jing tou	jt	5829
共享	gong xiang	gx	5822
下周	xia zhou	xz	5814
大哥	da ge	dg	5814
小区	xiao qu	xq	5814
接近	jie jin	jj	5814
流行	liu xing	lx	5814
算是	suan shi	ss	5814
保留	bao liu	bl	5807
即将	ji jiang	jj	5807
热情	re qing	rq	5807
然而	ran er	re	5807
优化	you hua	yh	5793
尝试	chang shi	cs	5793
食品	shi pin	sp	5793
疯狂	feng kuang	fk	5771
半天	ban tian	bt	5764
采购	cai gou	cg	5764
作业	zuo ye	zy	5757
聪明	cong ming	cm	5757
那时	na shi	ns	5757
付款	fu kuan	fk	5750
奖励	jiang li	jl	5750
用来	yong lai	yl	5750
白色	bai se	bs	5750
精彩	jing cai	jc	5750
大大	da da	dd	5742
男生	nan sheng	ns	5742
简直	jian zhi	jz	5742
食物	shi wu	sw	5742
个性	ge xing	gx	5735
最好的	zui hao de	zhd	5728
心态	xin tai	xt	5728
所在	suo zai	sz	5728
看不到	kan bu dao	kbd	5728
至今	zhi jin	zj	5728
准确	zhun que	zq	5721
发言	fa yan	fy	5721
关闭	guan bi	gb	5714
必然	bi ran	br	5714
照顾	zhao gu	zg	5714
本地	ben di	bd	5707
美好	mei hao	mh	5707
转移	zhuan yi	zy	5707
出发	chu fa	cf	5678
现有	xian you	xy	5678
面积	mian ji	mj	5671
各类	ge lei	gl	5664
奥运	ao yun	ay	5664
批准	pi zhun	pz	5664
此时	ci shi	cs	5664
破坏	po huai	ph	5664
法师	fa shi	fs	5657
营销	ying xiao	yx	5657
贡献	gong xian	gx	5657
二是	er shi	es	5650
股份	gu fen	gf	5650
出差	chu chai	cc	5643
吃了	chi le	cl	5643
如今	ru jin	rj	5643
全市	quan shi	qs	5636
还不	hai bu	hb	5636
日期	ri qi	rq	5629
工作人员	gong zuo ren yuan	gzry	5622
要么	yao me	ym	5622
几年	ji nian	jn	5615
引用	yin yong	yy	5615
战争	zhan zheng	zz	5615
特征	te zheng	tz	5615
道德	dao de	dd	5608
什么样	shen me yang	smy	5601
金融	jin rong	jr	5601
冠军	guan jun	gj	5594
家长	jia zhang	jz	5594
动力	dong li	dl	5580
包含	bao han	bh	5580
球员	qiu yuan	qy	5580
不得不	bu de bu	bdb	5573
红色	hong se	hs	5573
细节	xi jie	xj	5573
年度	nian du	nd	5566
见过	jian guo	jg	5566
大多数	da duo shu	dds	5559
品种	pin zhong	pz	5552
没关系	mei guan xi	mgx	5552
更好	geng hao	gh	5545
看起来	kan qi lai	kql	5545
本次	ben ci	bc	5539
空调	kong tiao	kt	5539
反对	fan dui	fd	5532
委员会	wei yuan hui	wyh	5532
和你	he ni	hn	5525
我都	wo dou	wd	5525
公告	gong gao	gg	5518
写的	xie de	xd	5518
跟着	gen zhe	gz	5518
你也	ni ye	ny	5511
社会主义	she hui zhu yi	shzy	5511
策略	ce lue	cl	5504
做法	zuo fa	zf	5497
输出	shu chu	sc	5497
弟弟	di di	dd	5490
相互	xiang hu	xh	5490
分类	fen lei	fl	5484
多种	duo zhong	dz	5484
供应	gong ying	gy	5477
收益	shou yi	sy	5477
人口	ren kou	rk	5470
绿色	lv se	ls	5470
创业	chuang ye	cy	5463
多么	duo me	dm	5463
山东	shan dong	sd	5456
厂商	chang shang	cs	5450
屏幕	ping mu	pm	5450
无奈	wu nai	wn	5450
生成	sheng cheng	sc	5443
监督	jian du	jd	5443
称为	cheng wei	cw	5443
好象	hao xiang	hx	5436
显然	xian ran	xr	5436
到处	dao chu	dc	5429
对手	dui shou	ds	5429
平衡	ping heng	ph	5429
电池	dian chi	dc	5429
一会儿	yi hui er	yhe	5422
为何	wei he	wh	5422
打印	da yin	dy	5422
当中	dang zhong	dz	5416
高中	gao zhong	gz	5416
主席	zhu xi	zx	5409
互相	hu xiang	hx	5409
害怕	hai pa	hp	5409
俄罗斯	e luo si	els	5402
却是	que shi	qs	5402
想象	xiang xiang	xx	5402
但我	dan wo	dw	5395
各地	ge di	gd	5395
律师	lv shi	ls	5395
早就	zao jiu	zj	5395
窗口	chuang kou	ck	5395
读者	du zhe	dz	5395
两种	liang zhong	lz	5389
转换	zhuan huan	zh	5389
一项	yi xiang	yx	5382
装修	zhuang xiu	zx	5382
付出	fu chu	fc	5369
我去	wo qu	wq	5369
本站	ben zhan	bz	5369
激情	ji qing	jq	5362
进步	jin bu	jb	5362
例如	li ru	lr	5355
财务	cai wu	cw	5355
除非	chu fei	cf	5355
收藏	shou cang	sc	5349
整合	zheng he	zh	5342
白天	bai tian	bt	5342
石头	shi tou	st	5342
两个人	liang ge ren	lgr	5335
复制	fu zhi	fz	5335
内心	nei xin	nx	5329
哪儿	na er	ne	5329
构成	gou cheng	gc	5322
包装	bao zhuang	bz	5315
利于	li yu	ly	5309
放假	fang jia	fj	5302
淘宝	tao bao	tb	5302
究竟	jiu jing	jj	5302
体会	ti hui	th	5296
变态	bian tai	bt	5296
重复	chong fu	cf	5296
承诺	cheng nuo	cn	5289
男朋友	nan peng you	npy	5289
中华	zhong hua	zh	5282
印度	yin du	yd	5282
有事	you shi	ys	5282
被人	bei ren	br	5282
青年	qing nian	qn	5276
停止	ting zhi	tz	5269
太大	tai da	td	5269
干部	gan bu	gb	5269
物质	wu zhi	wz	5269
四个	si ge	sg	5250
好处	hao chu	hc	5250
官方	guan fang	gf	5250
歌曲	ge qu	gq	5250
车辆	che liang	cl	5243
异常	yi chang	yc	5236
顺便	shun bian	sb	5236
授权	shou quan	sq	5230
居民	ju min	jm	5223
签名	qian ming	qm	5223
力度	li du	ld	5217
预测	yu ce	yc	5217
业绩	ye ji	yj	5210
地说	de shuo	ds	5210
那天	na tian	nt	5210
函数	han shu	hs	5204
祝福	zhu fu	zf	5204
试验	shi yan	sy	5204
几次	ji ci	jc	5197
尊重	zun zhong	zz	5197
接着	jie zhe	jz	5197
日志	ri zhi	rz	5197
相机	xiang ji	xj	5197
标志	biao zhi	bz	5191
不算	bu suan	bs	5185
改进	gai jin	gj	5185
这款	zhe kuan	zk	5185
也能	ye neng	yn	5178
了吗	le ma	lm	5178
合法	he fa	hf	5172
挺好	ting hao	th	5172
上线	shang xian	sx	5165
不见	bu jian	bj	5165
他是	ta shi	ts	5165
后果	hou guo	hg	5165
房地产	fang di chan	fdc	5165
提到	ti dao	td	5165
硬件	ying jian	yj	5159
好友	hao you	hy	5152
引导	yin dao	yd	5146
等级	deng ji	dj	5146
行情	hang qing	hq	5146
这就	zhe jiu	zj	5140
一路	yi lu	yl	5133
病人	bing ren	br	5133
协会	xie hui	xh	5127
演员	yan yuan	yy	5127
碰到	peng dao	pd	5127
好玩	hao wan	hw	5120
发票	fa piao	fp	5114
联盟	lian meng	lm	5114
背后	bei hou	bh	5114
打造	da zao	dz	5108
温度	wen du	wd	5108
不怕	bu pa	bp	5101
案件	an jian	aj	5101
动态	dong tai	dt	5095
西安	xi an	xa	5095
儿童	er tong	et	5089
博士	bo shi	bs	5089
恶心	e xin	ex	5089
色彩	se cai	sc	5089
多少钱	duo shao qian	dsq	5076
说的	shuo de	sd	5076
深刻	shen ke	sk	5070
男子	nan zi	nz	5070
订单	ding dan	dd	5070
不但	bu dan	bd	5063
并非	bing fei	bf	5063
考生	kao sheng	ks	5063
获取	huo qu	hq	5063
就业	jiu ye	jy	5057
素质	su zhi	sz	5057
基地	ji di	jd	5051
小学	xiao xue	xx	5051
丈夫	zhang fu	zf	5044
三年	san nian	sn	5044
改造	gai zao	gz	5044
片子	pian zi	pz	5044
看你	kan ni	kn	5044
进口	jin kou	jk	5044
优惠	you hui	yh	5038
多大	duo da	dd	5032
成果	cheng guo	cg	5032
人体	ren ti	rt	5019
秘密	mi mi	mm	5019
一批	yi pi	yp	5013
意味着	yi wei zhe	ywz	5013
维持	wei chi	wc	5013
联想	lian xiang	lx	5013
进程	jin cheng	jc	5013
主板	zhu ban	zb	5007
权限	quan xian	qx	5007
预期	yu qi	yq	5007
本网	ben wang	bw	5001
要去	yao qu	yq	5001
亚洲	ya zhou	yz	4988
又有	you you	yy	4988
地点	di dian	dd	4988
才会	cai hui	ch	4988
工厂	gong chang	gc	4982
适当	shi dang	sd	4976
机场	ji chang	jc	4969
这几天	zhe ji tian	zjt	4969
金额	jin e	je	4969
副本	fu ben	fb	4963
显卡	xian ka	xk	4963
简历	jian li	jl	4963
轻轻	qing qing	qq	4963
探讨	tan tao	tt	4957
这么多	zhe me duo	zmd	4957
官员	guan yuan	gy	4951
依据	yi ju	yj	4939
偶尔	ou er	oe	4939
纷纷	fen fen	ff	4939
全新	quan xin	qx	4932
型号	xing hao	xh	4932
指数	zhi shu	zs	4932
立刻	li ke	lk	4932
一句话	yi ju hua	yjh	4926
我家	wo jia	wj	4926
排名	pai ming	pm	4926
法院	fa yuan	fy	4926
仿佛	fang fu	ff	4920
招聘	zhao pin	zp	4920
集体	ji ti	jt	4920
审核	shen he	sh	4914
来源	lai yuan	ly	4914
比我	bi wo	bw	4914
寂寞	ji mo	jm	4908
资本	zi ben	zb	4902
频道	pin dao	pd	4902
临时	lin shi	ls	4890
一看	yi kan	yk	4883
客人	ke ren	kr	4883
大约	da yue	dy	4877
空气	kong qi	kq	4877
无线	wu xian	wx	4871
要不要	yao bu yao	yby	4871
也在	ye zai	yz	4865
生存	sheng cun	sc	4859
没有什么	mei you shen me	mysm	4853
清晰	qing xi	qx	4853
独特	du te	dt	4847
评估	ping gu	pg	4847
岁的	sui de	sd	4841
管理员	guan li yuan	gly	4841
行政	xing zheng	xz	4841
剩下	sheng xia	sx	4835
资格	zi ge	zg	4835
伤心	shang xin	sx	4829
列表	lie biao	lb	4829
彼此	bi ci	bc	4829
情感	qing gan	qg	4829
报纸	bao zhi	bz	4829
劳动	lao dong	ld	4823
各项	ge xiang	gx	4823
在此	zai ci	zc	4823
播放	bo fang	bf	4823
苏州	su zhou	sz	4823
加工	jia gong	jg	4817
演出	yan chu	yc	4817
传播	chuan bo	cb	4811
实习	shi xi	sx	4811
开通	kai tong	kt	4811
手术	shou shu	ss	4811
北京市	bei jing shi	bjs	4805
或是	huo shi	hs	4805
难得	nan de	nd	4805
不久	bu jiu	bj	4799
人数	ren shu	rs	4799
最低	zui di	zd	4799
投诉	tou su	ts	4799
高校	gao xiao	gx	4799
魅力	mei li	ml	4799
机关	ji guan	jg	4793
某个	mou ge	mg	4793
球队	qiu dui	qd	4793
登记	deng ji	dj	4793
说是	shuo shi	ss	4793
除去	chu qu	cq	4787
收集	shou ji	sj	4781
厦门	xia men	xm	4775
黄金	huang jin	hj	4775
是指	shi zhi	sz	4769
理念	li nian	ln	4769
设立	she li	sl	4769
那就是	na jiu shi	njs	4769
下跌	xia die	xd	4757
和我	he wo	hw	4757
青岛	qing dao	qd	4757
文明	wen ming	wm	4751
专辑	zhuan ji	zj	4745
地震	di zhen	dz	4745
思路	si lu	sl	4745
答应	da ying	dy	4745
恐怖	kong bu	kb	4740
喝酒	he jiu	hj	4734
很高	hen gao	hg	4734
担任	dan ren	dr	4734
研发	yan fa	yf	4734
接到	jie dao	jd	4722
没法	mei fa	mf	4722
火车	huo che	hc	4722
这时	zhe shi	zs	4722
地上	di shang	ds	4716
对应	dui ying	dy	4716
起码	qi ma	qm	4716
锻炼	duan lian	dl	4716
验证	yan zheng	yz	4716
分手	fen shou	fs	4710
天空	tian kong	tk	4710
中学	zhong xue	zx	4704
出台	chu tai	ct	4704
把我	ba wo	bw	4704
西方	xi fang	xf	4704
将在	jiang zai	jz	4698
总体	zong ti	zt	4698
江苏	jiang su	js	4693
出生	chu sheng	cs	4687
备份	bei fen	bf	4687
账户	zhang hu	zh	4687
后悔	hou hui	hh	4681
婚姻	hun yin	hy	4681
每月	mei yue	my	4681
稍微	shao wei	sw	4681
老是	lao shi	ls	4681
各自	ge zi	gz	4675
财富	cai fu	cf	4675
全省	quan sheng	qs	4669
典型	dian xing	dx	4669
干净	gan jing	gj	4669
智慧	zhi hui	zh	4669
观念	guan nian	gn	4663
物品	wu pin	wp	4652
积分	ji fen	jf	4652
职工	zhi gong	zg	4652
请您	qing nin	qn	4652
广场	guang chang	gc	4646
插件	cha jian	cj	4646
搞笑	gao xiao	gx	4646
退出	tui chu	tc	4646
胜利	sheng li	sl	4640
逻辑	luo ji	lj	4640
每个人	mei ge ren	mgr	4629
键盘	jian pan	jp	4629
兴奋	xing fen	xf	4623
您好	nin hao	nh	4623
现金	xian jin	xj	4623
东方	dong fang	df	4617
则是	ze shi	zs	4617
大众	da zhong	dz	4617
输入法	shu ru fa	srf	2665
候选词	hou xuan ci	hxc	500
剪贴板	jian tie ban	jtb	138
供应商	gong ying shang	gys	3398
物料	wu liao	wl	1226
主管	zhu guan	zg	3764
