的	de	4828294
了	le	1500186
我	wo	1192789
是	shi	1180957
在	zai	974740
你	ni	973526
和	he	664874
有	you	613906
不	bu	590643
就	jiu	558432
也	ye	404388
都	dou	401877
要	yao	396900
吧	ba	385205
好	hao	378543
他	ta	343908
说	shuo	338803
去	qu	330876
到	dao	296879
没	mei	295035
上	shang	284918
对	dui	279642
还	hai	279642
那	na	269381
人	ren	250285
个	ge	245957
看	kan	245039
中	zhong	243213
呢	ne	239902
来	lai	233997
吗	ma	220136
为	wei	210479
会	hui	208391
她	ta	204022
与	yu	202250
给	gei	191937
等	deng	182604
这	zhe	178109
用	yong	168186
把	ba	165484
下	xia	163638
恩	en	162015
能	neng	161410
很	hen	160208
做	zuo	154137
多	duo	154137
想	xiang	141790
被	bei	138128
点	dian	137956
而	er	135908
后	hou	134560
一	yi	134392
又	you	132893
从	cong	126905
再	zai	120734
将	jiang	119239
时	shi	117616
但	dan	115581
过	guo	111897
么	me	110511
打	da	107925
大	da	106058
年	nian	105268
啦	la	102549
地	di	101785
以	yi	100400
买	mai	100275
里	li	98050
让	rang	97928
小	xiao	92013
着	zhe	87757
先	xian	84326
啊	a	83803
或	huo	83282
呀	ya	79232
并	bing	79035
找	zhao	78056
新	xin	77282
及	ji	77186
得	de	75568
跟	gen	74632
于	yu	73708
太	tai	71180
嘛	ma	70738
号	hao	70299
日	ri	70124
才	cai	69949
发	fa	69515
可	ke	68911
比	bi	68654
玩	wan	67131
们	men	65806
最	zui	65806
月	yue	65397
吃	chi	65315
真	zhen	65153
它	ta	58897
其	qi	58168
话	hua	57807
请	qing	55964
钱	qian	55755
叫	jiao	55685
出	chu	55547
开	kai	54927
哈	ha	53642
当	dang	52846
家	jia	52256
向	xiang	52126
问	wen	49777
之	zhi	49530
更	geng	48734
该	gai	48251
别	bie	48130
走	zou	48130
快	kuai	48011
前	qian	46770
由	you	46538
高	gao	45167
您	nin	44386
加	jia	44110
天	tian	44055
所	suo	44055
却	que	43347
已	yi	43347
谁	shui	41704
内	nei	40881
写	xie	40881
啥	sha	40526
搞	gao	39924
老	lao	39924
事	shi	38942
只	zhi	38748
拿	na	38603
带	dai	38459
如	ru	37936
死	si	36726
行	xing	35822
卖	mai	35689
晕	yun	35555
地	de	35028
像	xiang	34680
使	shi	34422
刚	gang	33324
成	cheng	33117
换	huan	32585
无	wu	32585
嗯	n	31982
嗯	ng	31982
哪	na	31902
回	hui	31665
爱	ai	31546
听	ting	31156
少	shao	31117
元	yuan	30885
卡	ka	30770
靠	kao	30617
帮	bang	30125
算	suan	29938
者	zhe	29752
忙	mang	29641
起	qi	29383
各	ge	29019
分	fen	28803
学	xue	28803
总	zong	28517
则	ze	28270
水	shui	27608
改	gai	27437
咯	lo	27403
唉	ai	27403
张	zhang	27300
三	san	26761
连	lian	26463
见	jian	26266
放	fang	26038
车	che	26005
万	wan	25941
全	quan	25876
按	an	25812
区	qu	25334
早	zao	25302
拉	la	25270
偶	ou	24864
本	ben	24833
页	ye	24679
进	jin	24648
性	xing	24434
弄	nong	24374
第	di	24313
完	wan	24072
同	tong	24012
系	xi	23892
花	hua	23744
怕	pa	22787
女	nv	22702
讲	jiang	22589
杀	sha	22449
组	zu	22421
干	gan	22116
错	cuo	22088
些	xie	21951
住	zhu	21924
跑	pao	21815
名	ming	21788
次	ci	21278
睡	shui	21225
网	wang	21198
装	zhuang	20962
挺	ting	20754
掉	diao	20677
王	wang	20625
图	tu	20548
正	zheng	20523
外	wai	20471
路	lu	20471
二	er	20319
生	sheng	20268
头	tou	20243
应	ying	20243
心	xin	20168
因	yin	19893
子	zi	19769
强	qiang	19428
作	zuo	19307
类	lei	19235
送	song	19211
每	mei	19115
书	shu	19044
乖	guai	18529
法	fa	18506
拍	pai	18299
表	biao	18141
市	shi	18050
撒	sa	18028
至	zhi	17782
接	jie	17760
美	mei	17650
未	wei	17562
办	ban	17518
非	fei	17475
哎	ai	17453
级	ji	17388
即	ji	17366
此	ci	17237
版	ban	17087
副	fu	17045
差	cha	16939
俺	an	16897
收	shou	16855
男	nan	16792
了	liao	16750
字	zi	16750
股	gu	16667
几	ji	16625
考	kao	16604
两	liang	16584
转	zhuan	16584
块	kuai	16563
线	xian	16338
周	zhou	16297
手	shou	16196
道	dao	16155
黄	huang	16135
便	bian	16095
米	mi	15995
聊	liao	15975
猪	zhu	15935
取	qu	15876
哇	wa	15817
低	di	15738
难	nan	15640
哦	o	15582
儿	er	15408
包	bao	15389
受	shou	15389
阿	a	15389
喝	he	15293
白	bai	15236
金	jin	15142
管	guan	15029
近	jin	15029
四	si	15010
定	ding	14898
够	gou	14732
交	jiao	14714
门	men	14714
样	yang	14677
李	li	14513
笑	xiao	14513
传	chuan	14495
自	zi	14405
慢	man	14352
边	bian	14352
刷	shua	14316
黑	hei	14316
型	xing	14298
穿	chuan	14227
越	yue	14156
位	wei	14033
贵	gui	13963
长	chang	13911
部	bu	13825
得	dei	13791
据	ju	13756
怪	guai	13739
牛	niu	13739
处	chu	13722
选	xuan	13705
站	zhan	13654
倒	dao	13603
省	sheng	13586
谈	tan	13518
称	cheng	13485
台	tai	13451
群	qun	13451
汗	han	13318
累	lei	13301
经	jing	13284
查	cha	13251
象	xiang	13251
变	bian	13218
半	ban	13186
数	shu	13153
格	ge	13038
面	mian	13022
红	hong	12941
陈	chen	12941
五	wu	12861
方	fang	12765
顶	ding	12733
楼	lou	12718
读	du	12702
某	mou	12623
乱	luan	12576
条	tiao	12498
远	yuan	12498
马	ma	12498
海	hai	12451
单	dan	12374
相	xiang	12374
光	guang	12327
热	re	12281
且	qie	12175
咋	za	12160
种	zhong	12160
挂	gua	12144
风	feng	12099
林	lin	12069
满	man	12039
额	e	12039
谁	shei	11979
化	hua	11875
班	ban	11860
滴	di	11816
涨	zhang	11728
关	guan	11612
店	dian	11612
机	ji	11612
安	an	11597
坐	zuo	11583
俄	e	11525
度	du	11468
约	yue	11468
飞	fei	11468
刘	liu	11439
歌	ge	11397
信	xin	11312
报	bao	11312
若	ruo	11227
原	yuan	11213
饭	fan	11199
文	wen	11186
晚	wan	11186
量	liang	11116
村	cun	11088
式	shi	11075
空	kong	10992
毛	mao	10978
山	shan	10951
主	zhu	10842
另	ling	10842
伐	fa	10721
间	jian	10668
入	ru	10589
占	zhan	10562
贴	tie	10562
爽	shuang	10536
盘	pan	10536
赚	zhuan	10432
往	wang	10406
队	dui	10367
杨	yang	10328
片	pian	10277
狗	gou	10200
国	guo	10112
坏	huai	10112
费	fei	10112
岁	sui	10074
血	xue	10049
离	li	9937
西	xi	9937
共	gong	9924
龙	long	9924
明	ming	9887
妈	ma	9875
超	chao	9875
均	jun	9826
切	qie	9716
期	qi	9716
照	zhao	9704
达	da	9692
留	liu	9584
特	te	9524
动	dong	9465
气	qi	9442
哥	ge	9418
神	shen	9418
鸟	niao	9418
教	jiao	9371
甘	gan	9371
梦	meng	9302
蛮	man	9290
唔	wu	9244
值	zhi	9175
长	zhang	9175
鱼	yu	9175
骂	ma	9163
陪	pei	9129
既	ji	9095
哭	ku	9073
镇	zhen	9073
建	jian	9016
洗	xi	9016
力	li	8983
懂	dong	8960
双	shuang	8838
口	kou	8827
指	zhi	8783
跌	die	8772
仍	reng	8751
活	huo	8740
球	qiu	8740
练	lian	8718
东	dong	8696
提	ti	8578
清	qing	8578
亿	yi	8567
除	chu	8546
云	yun	8398
通	tong	8398
酒	jiu	8304
冲	chong	8294
饿	e	8284
猫	mao	8212
咩	mie	8191
票	piao	8191
假	jia	8140
久	jiu	8100
六	liu	8090
病	bing	8090
画	hua	8040
抓	zhua	8029
呗	bei	8019
曾	ceng	8019
平	ping	8010
急	ji	7980
段	duan	7980
套	tao	7960
课	ke	7950
药	yao	7930
草	cao	7871
任	ren	7851
理	li	7822
城	cheng	7812
罗	luo	7793
令	ling	7764
货	huo	7754
唱	chang	7744
雨	yu	7744
左	zuo	7716
哟	yo	7696
蓝	lan	7677
抢	qiang	7639
常	chang	7630
菜	cai	7620
色	se	7601
县	xian	7573
混	hun	7535
集	ji	7498
感	gan	7460
操	cao	7451
火	huo	7451
敢	gan	7442
较	jiao	7414
退	tui	7395
房	fang	7386
南	nan	7350
脸	lian	7322
破	po	7313
件	jian	7286
噢	o	7268
呃	e	7259
吴	wu	7222
德	de	7178
借	jie	7169
声	sheng	7169
傻	sha	7160
克	ke	7151
整	zheng	7151
雪	xue	7151
喊	han	7142
局	ju	7098
跳	tiao	7089
补	bu	7071
养	yang	7053
华	hua	7045
恶	e	7036
团	tuan	7027
现	xian	7027
反	fan	6966
砸	za	6923
待	dai	6914
篇	pian	6897
烦	fan	6871
投	tou	6854
根	gen	6854
深	shen	6820
求	qiu	6812
亲	qin	6778
电	dian	6752
配	pei	6736
修	xiu	6710
沈	shen	6710
款	kuan	6685
八	ba	6677
知	zhi	6669
叶	ye	6660
鬼	gui	6652
何	he	6636
器	qi	6578
试	shi	6578
乐	le	6513
谢	xie	6505
层	ceng	6480
木	mu	6480
仅	jin	6472
北	bei	6464
肉	rou	6416
份	fen	6408
重	zhong	6392
情	qing	6384
赵	zhao	6376
需	xu	6368
记	ji	6360
七	qi	6313
流	liu	6305
合	he	6297
列	lie	6282
升	sheng	6266
噶	ga	6258
招	zhao	6258
论	lun	6258
痛	tong	6235
率	lv	6211
封	feng	6204
石	shi	6204
香	xiang	6204
眼	yan	6142
冷	leng	6135
易	yi	6119
付	fu	6081
派	pai	6066
帅	shuai	6051
阳	yang	6013
胡	hu	6006
厂	chang	5991
十	shi	5976
排	pai	5969
油	you	5961
停	ting	5939
树	shu	5939
奥	ao	5814
军	jun	5771
牌	pai	5771
科	ke	5764
身	shen	5764
翻	fan	5742
星	xing	5735
帖	tie	5721
随	sui	5721
权	quan	5707
泡	pao	5700
价	jia	5685
还	huan	5685
商	shang	5650
库	ku	5650
玉	yu	5643
追	zhui	5643
场	chang	5636
须	xu	5622
物	wu	5615
背	bei	5608
章	zhang	5608
丢	diu	5594
朱	zhu	5587
宝	bao	5580
脚	jiao	5573
体	ti	5566
伤	shang	5552
解	jie	5545
都	du	5545
剑	jian	5532
咱	zan	5532
代	dai	5504
亦	yi	5497
底	di	5497
孙	sun	5484
业	ye	5470
室	shi	5463
旧	jiu	5456
工	gong	5450
极	ji	5429
曾	zeng	5422
刀	dao	5409
波	bo	5395
铁	tie	5369
词	ci	5362
笨	ben	5349
哦	e	5335
丫	ya	5309
推	tui	5296
证	zheng	5296
炒	chao	5276
春	chun	5269
耍	shua	5269
输	shu	5263
骗	pian	5243
轻	qing	5236
含	han	5223
九	jiu	5217
俩	lia	5217
千	qian	5217
江	jiang	5217
秒	miao	5204
徐	xu	5191
落	luo	5191
短	duan	5185
青	qing	5178
节	jie	5152
夜	ye	5146
吹	chui	5133
游	you	5120
土	tu	5101
姐	jie	5089
板	ban	5076
赢	ying	5076
许	xu	5070
直	zhi	5038
苦	ku	5038
公	gong	5026
君	jun	5013
烂	lan	5013
皮	pi	5013
秀	xiu	5013
博	bo	5007
亏	kui	4988
存	cun	4982
师	shi	4963
立	li	4957
素	su	4957
利	li	4951
吾	wu	4951
烧	shao	4945
诗	shi	4945
睇	di	4939
命	ming	4908
制	zhi	4902
静	jing	4902
民	min	4896
欲	yu	4883
汤	tang	4871
冰	bing	4841
断	duan	4835
造	zao	4835
忘	wang	4829
茶	cha	4823
呆	dai	4817
抽	chou	4805
案	an	4805
供	gong	4781
尽	jin	4781
布	bu	4781
田	tian	4781
抱	bao	4769
烟	yan	4763
初	chu	4757
野	ye	4734
胖	pang	4710
品	pin	4693
紧	jin	4681
绿	lv	4675
项	xiang	4675
故	gu	4669
签	qian	4658
调	tiao	4646
服	fu	4634
苏	su	4634
奖	jiang	4629
兵	bing	4611
填	tian	4606
演	yan	4606
百	bai	4588
英	ying	4588
嘴	zui	4583
般	ban	4577
挖	wa	4566
准	zhun	4543
重	chong	4543
保	bao	4532
果	guo	4532
硬	ying	4526
凡	fan	4520
寒	han	4520
挑	tiao	4515
唐	tang	4509
莫	mo	4509
鸡	ji	4509
夏	xia	4503
寄	ji	4492
言	yan	4470
闹	nao	4470
防	fang	4470
竟	jing	4453
纯	chun	4448
距	ju	4448
题	ti	4442
官	guan	4437
余	yu	4431
源	yuan	4426
街	jie	4420
座	zuo	4409
古	gu	4404
思	si	4404
删	shan	4393
亮	liang	4387
灯	deng	4376
穷	qiong	4376
郭	guo	4365
戏	xi	4360
桥	qiao	4360
党	dang	4354
爆	bao	4354
首	shou	4344
粉	fen	4338
念	nian	4327
钟	zhong	4317
属	shu	4306
戴	dai	4306
疼	teng	4306
然	ran	4290
韩	han	4279
扣	kou	4258
租	zu	4253
捏	nie	4237
港	gang	4237
狼	lang	4237
盖	gai	4231
雷	lei	4231
兰	lan	4205
狂	kuang	4205
引	yin	4195
佛	fo	4148
压	ya	4148
梁	liang	4148
猛	meng	4138
船	chuan	4132
今	jin	4112
齐	qi	4112
亚	ya	4107
托	tuo	4107
恨	hen	4102
赛	sai	4086
宋	song	4081
客	ke	4081
斯	si	4076
沙	sha	4071
腿	tui	4066
银	yin	4061
领	ling	4061
码	ma	4046
友	you	4041
虽	sui	4041
祝	zhu	4031
员	yuan	4026
句	ju	4021
丁	ding	4011
望	wang	3996
战	zhan	3991
缺	que	3991
食	shi	3981
床	chuang	3976
着	zhao	3976
抗	kang	3971
贼	zei	3971
乡	xiang	3961
界	jie	3961
困	kun	3946
河	he	3946
松	song	3941
郑	zheng	3941
否	fou	3931
步	bu	3931
园	yuan	3927
折	zhe	3927
尚	shang	3912
羊	yang	3912
福	fu	3902
宁	ning	3897
必	bi	3878
遭	zao	3873
猜	cai	3859
伊	yi	3849
秋	qiu	3839
端	duan	3825
插	cha	3811
毒	du	3811
滚	gun	3811
熊	xiong	3811
获	huo	3801
秦	qin	3797
卷	juan	3792
持	chi	3792
设	she	3787
架	jia	3782
朝	chao	3764
喂	wei	3754
归	gui	3754
广	guang	3745
踢	ti	3745
灵	ling	3722
搬	ban	3708
迷	mi	3703
胜	sheng	3699
基	ji	3694
意	yi	3694
赶	gan	3694
乃	nai	3671
甲	jia	3666
拖	tuo	3653
摸	mo	3639
史	shi	3635
右	you	3635
惨	can	3630
爸	ba	3625
塔	ta	3616
订	ding	3616
纸	zhi	3607
散	san	3585
呈	cheng	3576
姓	xing	3576
圈	quan	3567
洋	yang	3567
咬	yao	3558
喜	xi	3558
嘎	ga	3558
闪	shan	3554
富	fu	3549
治	zhi	3536
喔	wo	3527
料	liao	3523
汉	han	3523
批	pi	3519
院	yuan	3519
逛	guang	3514
峰	feng	3510
狠	hen	3506
醒	xing	3506
咧	lie	3501
爬	pa	3501
梅	mei	3492
瘦	shou	3488
降	jiang	3488
结	jie	3484
户	hu	3479
疯	feng	3471
偷	tou	3462
语	yu	3458
枪	qiang	3453
踩	cai	3453
足	zu	3449
精	jing	3445
志	zhi	3436
支	zhi	3428
呵	he	3423
软	ruan	3419
杜	du	3411
赞	zan	3402
依	yi	3390
丽	li	3385
展	zhan	3377
康	kang	3377
兴	xing	3373
救	jiu	3373
倍	bei	3368
堂	tang	3364
鞋	xie	3364
愿	yuan	3339
键	jian	3306
似	si	3298
冒	mao	3290
守	shou	3290
音	yin	3290
观	guan	3281
仲	zhong	3273
弱	ruo	3273
替	ti	3257
世	shi	3253
笔	bi	3249
闲	xian	3241
逼	bi	3237
牙	ya	3233
舞	wu	3233
荣	rong	3233
著	zhu	3225
遍	bian	3213
影	ying	3209
行	hang	3209
曲	qu	3201
丑	chou	3197
吓	xia	3197
州	zhou	3193
巴	ba	3193
测	ce	3189
状	zhuang	3181
宽	kuan	3177
武	wu	3161
箱	xiang	3161
程	cheng	3157
偏	pian	3153
庄	zhuang	3153
细	xi	3153
耶	ye	3149
联	lian	3141
湖	hu	3137
晒	shai	3130
柳	liu	3130
锁	suo	3122
印	yin	3118
味	wei	3099
紫	zi	3099
众	zhong	3095
环	huan	3091
零	ling	3091
实	shi	3087
答	da	3087
厚	hou	3079
娘	niang	3079
懒	lan	3072
寸	cun	3068
标	biao	3068
兼	jian	3049
孔	kong	3045
欧	ou	3041
勒	le	3034
吖	a	3034
闷	men	3034
岛	dao	3026
灭	mie	3026
登	deng	3026
顾	gu	3015
瓦	wa	3011
运	yun	3011
抛	pao	3004
顺	shun	3004
陆	lu	3000
雅	ya	2996
司	si	2981
温	wen	2981
轮	lun	2977
微	wei	2970
社	she	2966
杰	jie	2963
奶	nai	2952
杯	bei	2948
搜	sou	2944
凭	ping	2937
奇	qi	2926
居	ju	2926
洞	dong	2922
魔	mo	2922
编	bian	2919
虎	hu	2911
佳	jia	2904
充	chong	2904
川	chuan	2883
酸	suan	2875
形	xing	2865
墙	qiang	2861
圆	yuan	2854
害	hai	2854
档	dang	2850
负	fu	2850
喽	lou	2847
范	fan	2843
糖	tang	2840
煮	zhu	2836
拟	ni	2833
致	zhi	2826
屁	pi	2822
稳	wen	2822
景	jing	2819
觉	jue	2815
吐	tu	2812
碰	peng	2812
注	zhu	2808
肥	fei	2808
免	mian	2805
欠	qian	2805
蛋	dan	2805
挣	zheng	2794
晓	xiao	2791
曹	cao	2791
侯	hou	2784
盛	sheng	2773
良	liang	2770
擦	ca	2753
脱	tuo	2753
仙	xian	2749
暗	an	2749
砍	kan	2746
夫	fu	2742
熟	shu	2735
兄	xiong	2729
尔	er	2729
皆	jie	2725
琴	qin	2722
创	chuang	2712
永	yong	2712
宫	gong	2702
继	ji	2685
谷	gu	2678
宏	hong	2665
专	zhuan	2662
录	lu	2662
施	shi	2662
善	shan	2658
增	zeng	2658
例	li	2655
税	shui	2652
产	chan	2648
嫩	nen	2645
肯	ken	2642
押	ya	2635
麻	ma	2635
视	shi	2625
怒	nu	2622
横	heng	2622
扔	reng	2619
母	mu	2619
忍	ren	2612
腰	yao	2606
臭	chou	2596
宗	zong	2593
泪	lei	2586
艾	ai	2586
净	jing	2577
肖	xiao	2577
敏	min	2573
吵	chao	2570
罪	zui	2567
争	zheng	2564
伟	wei	2561
响	xiang	2554
棒	bang	2554
邓	deng	2554
这	zhei	2551
减	jian	2548
斗	dou	2548
氏	shi	2548
告	gao	2532
吉	ji	2529
圣	sheng	2529
拆	chai	2529
蔡	cai	2526
闻	wen	2526
末	mo	2523
杂	za	2519
衣	yi	2516
麦	mai	2513
冯	feng	2510
妹	mei	2507
义	yi	2504
塞	sai	2504
尼	ni	2504
董	dong	2494
角	jiao	2494
旁	pang	2491
潘	pan	2491
耐	nai	2491
醉	zui	2491
呢	ni	2485
宇	yu	2482
丝	si	2479
计	ji	2476
校	xiao	2470
姜	jiang	2467
抄	chao	2467
宜	yi	2457
蒋	jiang	2451
核	he	2445
维	wei	2445
灰	hui	2442
钢	gang	2439
催	cui	2436
楚	chu	2427
屋	wu	2421
丹	dan	2418
认	ren	2412
乘	cheng	2409
俊	jun	2406
返	fan	2406
榜	bang	2403
芳	fang	2403
仁	ren	2400
矿	kuang	2400
瑞	rui	2391
严	yan	2385
添	tian	2385
评	ping	2385
酷	ku	2385
绝	jue	2382
币	bi	2376
飘	piao	2376
威	wei	2373
刻	ke	2370
摆	bai	2364
炸	zha	2358
嘿	hei	2355
犯	fan	2350
京	jing	2347
鲁	lu	2347
具	ju	2344
挤	ji	2344
铜	tong	2344
届	jie	2341
密	mi	2338
瓶	ping	2338
夹	jia	2332
骨	gu	2332
黎	li	2323
农	nong	2318
射	she	2318
馆	guan	2318
士	shi	2309
索	suo	2303
季	ji	2300
寻	xun	2300
拼	pin	2300
族	zu	2300
显	xian	2300
洪	hong	2297
骑	qi	2295
巨	ju	2292
厄	e	2289
厅	ting	2289
容	rong	2278
术	shu	2278
复	fu	2272
智	zhi	2272
辉	hui	2272
普	pu	2269
剧	ju	2266
采	cai	2263
扯	che	2261
燕	yan	2261
竹	zhu	2261
撞	zhuang	2258
脑	nao	2258
礼	li	2255
聚	ju	2255
膜	mo	2247
讯	xun	2247
诺	nuo	2244
搭	da	2238
魏	wei	2238
泽	ze	2235
胃	wei	2227
曰	yue	2224
侧	ce	2221
彭	peng	2213
钻	zuan	2213
凤	feng	2210
袁	yuan	2210
吕	lv	2205
窝	wo	2199
凉	liang	2197
乜	mie	2194
阴	yin	2194
蒙	meng	2191
躲	duo	2188
赖	lai	2186
堆	dui	2183
甜	tian	2180
赴	fu	2178
劲	jin	2175
盐	yan	2175
孟	meng	2172
粗	cu	2172
举	ju	2164
甚	shen	2161
载	zai	2159
帐	zhang	2156
申	shen	2151
露	lu	2148
劝	quan	2132
瞎	xia	2132
训	xun	2132
驻	zhu	2132
惹	re	2129
逃	tao	2129
休	xiu	2127
彩	cai	2127
独	du	2124
庆	qing	2119
藏	cang	2119
仓	cang	2113
斤	jin	2111
姚	yao	2108
浪	lang	2108
喇	la	2106
纳	na	2103
针	zhen	2103
吨	dun	2100
嘉	jia	2100
忠	zhong	2098
吸	xi	2095
森	sen	2095
泰	tai	2095
萧	xiao	2092
功	gong	2090
跨	kua	2090
症	zheng	2079
贝	bei	2074
哼	heng	2072
灌	guan	2064
缘	yuan	2061
卢	lu	2059
卫	wei	2059
喷	pen	2059
蛇	she	2059
盒	he	2054
井	jing	2051
导	dao	2043
吊	diao	2033
扫	sao	2033
拜	bai	2033
购	gou	2028
贱	jian	2026
饮	yin	2026
调	diao	2023
昏	hun	2021
虚	xu	2018
敲	qiao	2016
岩	yan	2003
埋	mai	2001
寺	si	2001
巧	qiao	2001
娜	na	1998
冬	dong	1996
侬	nong	1991
弹	tan	1988
愁	chou	1988
凯	kai	1983
目	mu	1983
淡	dan	1981
优	you	1968
虫	chong	1966
池	chi	1964
汇	hui	1959
萨	sa	1956
屏	ping	1954
泥	ni	1944
勇	yong	1939
喔	o	1939
怀	huai	1932
扬	yang	1930
迟	chi	1930
铺	pu	1930
磨	mo	1925
呼	hu	1920
怎	zen	1920
赌	du	1920
乔	qiao	1913
涂	tu	1910
财	cai	1906
栏	lan	1903
遇	yu	1894
泉	quan	1889
薛	xue	1889
汪	wang	1887
着	zhuo	1887
稍	shao	1887
嫁	jia	1884
锅	guo	1884
终	zhong	1882
攻	gong	1880
扎	zha	1873
质	zhi	1873
叼	diao	1868
娃	wa	1868
赔	pei	1866
隔	ge	1866
祥	xiang	1863
呐	na	1861
液	ye	1859
豆	dou	1856
碗	wan	1854
绕	rao	1854
佐	zuo	1852
旺	wang	1852
漏	lou	1850
凑	cou	1847
贾	jia	1845
雄	xiong	1845
委	wei	1840
临	lin	1838
吻	wen	1838
湿	shi	1838
崔	cui	1836
框	kuang	1836
探	tan	1829
胸	xiong	1827
碟	die	1824
洛	luo	1822
健	jian	1820
辆	liang	1820
速	su	1820
顿	dun	1820
唯	wei	1815
拔	ba	1815
暴	bao	1813
失	shi	1804
沟	gou	1802
仪	yi	1797
郎	lang	1793
尿	niao	1791
脏	zang	1786
希	xi	1784
逗	dou	1784
识	shi	1779
惠	hui	1777
珠	zhu	1777
菲	fei	1773
谭	tan	1771
透	tou	1771
麽	me	1766
凌	ling	1764
府	fu	1757
播	bo	1755
父	fu	1755
嫌	xian	1751
窗	chuang	1744
耳	er	1740
残	can	1738
砖	zhuan	1731
患	huan	1729
昌	chang	1729
阵	zhen	1729
哩	li	1723
废	fei	1723
扁	bian	1723
捡	jian	1723
苗	miao	1723
帝	di	1718
剪	jian	1712
稿	gao	1710
坑	keng	1708
邦	bang	1708
陶	tao	1708
营	ying	1701
剂	ji	1693
熬	ao	1693
舒	shu	1693
丰	feng	1689
模	mo	1689
玲	ling	1689
甩	shuai	1689
贤	xian	1687
拨	bo	1684
趁	chen	1684
栋	dong	1682
羽	yu	1682
沿	yan	1672
乙	yi	1670
盗	dao	1668
伴	ban	1657
妖	yao	1653
尊	zun	1653
幽	you	1647
琳	lin	1647
锦	jin	1647
域	yu	1643
瓜	gua	1641
浅	qian	1637
袋	dai	1637
限	xian	1635
浩	hao	1631
霜	shuang	1629
豪	hao	1625
置	zhi	1619
俾	bi	1617
祖	zu	1615
夸	kua	1613
玄	xuan	1613
颜	yan	1613
惊	jing	1611
肺	fei	1611
煤	mei	1609
趟	tang	1603
辣	la	1603
涛	tao	1601
附	fu	1595
遂	sui	1593
划	hua	1591
恒	heng	1589
的	di	1589
欣	xin	1587
墨	mo	1585
围	wei	1581
剩	sheng	1579
娶	qu	1577
慧	hui	1573
备	bei	1571
鲜	xian	1571
撤	che	1563
助	zhu	1559
撑	cheng	1557
沉	chen	1555
诸	zhu	1555
险	xian	1551
震	zhen	1549
鹏	peng	1549
兆	zhao	1548
割	ge	1546
斌	bin	1546
烤	kao	1546
控	kong	1542
哒	da	1540
暨	ji	1540
贺	he	1538
凶	xiong	1534
锋	feng	1532
童	tong	1528
伯	bo	1525
挡	dang	1525
饰	shi	1525
壳	ke	1521
恋	lian	1521
诚	cheng	1521
馨	xin	1521
浓	nong	1519
振	zhen	1517
轩	xuan	1517
虾	xia	1515
庭	ting	1513
晴	qing	1513
坊	fang	1509
靓	liang	1509
晨	chen	1506
曼	man	1506
镜	jing	1506
魂	hun	1506
益	yi	1504
肝	gan	1504
征	zheng	1502
禁	jin	1502
爹	die	1498
粥	zhou	1498
盾	dun	1496
尘	chen	1493
炎	yan	1493
消	xiao	1489
喃	nan	1485
犬	quan	1481
艳	yan	1481
纪	ji	1480
枫	feng	1478
己	ji	1476
妞	niu	1474
昂	ang	1474
暖	nuan	1474
柱	zhu	1472
隆	long	1472
奔	ben	1469
败	bai	1469
政	zheng	1467
滑	hua	1467
妻	qi	1463
廖	liao	1463
误	wu	1463
尹	yin	1459
舍	she	1452
刺	ci	1445
沪	hu	1441
弓	gong	1436
邱	qiu	1432
润	run	1431
莲	lian	1431
捞	lao	1427
冠	guan	1425
婚	hun	1425
止	zhi	1425
兔	tu	1422
舔	tian	1418
仔	zai	1416
湾	wan	1416
躺	tang	1416
桑	sang	1415
鑫	xin	1415
链	lian	1411
饱	bao	1411
乌	wu	1409
促	cu	1409
敬	jing	1409
迪	di	1408
咪	mi	1406
摄	she	1406
蒸	zheng	1404
串	chuan	1399
愈	yu	1399
阁	ge	1399
承	cheng	1397
摔	shuai	1397
勤	qin	1394
杆	gan	1394
潮	chao	1394
碎	sui	1392
医	yi	1390
臣	chen	1390
鼠	shu	1388
葛	ge	1383
邪	xie	1380
吼	hou	1376
妙	miao	1375
始	shi	1371
珍	zhen	1371
俗	su	1370
迎	ying	1368
续	xu	1364
抬	tai	1363
歪	wai	1361
辛	xin	1361
售	shou	1358
伦	lun	1356
启	qi	1356
胶	jiao	1356
捧	peng	1354
研	yan	1354
晃	huang	1353
符	fu	1353
苑	yuan	1349
韦	wei	1349
爷	ye	1348
雾	wu	1346
亭	ting	1344
刮	gua	1343
兽	shou	1341
哄	hong	1341
嗲	dia	1341
尤	you	1339
邹	zou	1334
嗨	hai	1333
鸣	ming	1333
卓	zhuo	1329
旗	qi	1329
罚	fa	1329
积	ji	1323
斜	xie	1318
湘	xiang	1318
铝	lv	1318
欢	huan	1313
预	yu	1313
乎	hu	1311
枝	zhi	1309
溪	xi	1301
芬	fen	1301
洲	zhou	1298
鸭	ya	1296
捐	juan	1293
炮	pao	1292
岗	gang	1288
轴	zhou	1287
简	jian	1282
翔	xiang	1282
勾	gou	1280
堵	du	1280
携	xie	1277
染	ran	1276
矣	yi	1276
饼	bing	1276
罢	ba	1274
萍	ping	1274
隐	yin	1272
餐	can	1272
戒	jie	1266
逸	yi	1266
岳	yue	1265
荷	he	1265
贷	dai	1265
憋	bie	1261
薄	bo	1255
仿	fang	1252
肾	shen	1252
异	yi	1249
朗	lang	1249
扑	pu	1247
桂	gui	1247
瞧	qiao	1246
颗	ke	1246
鸿	hong	1246
弯	wan	1244
晶	jing	1240
霞	xia	1240
朝	zhao	1238
延	yan	1233
箭	jian	1233
棉	mian	1232
鼓	gu	1232
籍	ji	1229
桌	zhuo	1227
互	hu	1223
坤	kun	1221
玛	ma	1221
艺	yi	1221
私	si	1220
柔	rou	1215
勿	wu	1214
眉	mei	1214
倾	qing	1211
检	jian	1209
腾	teng	1209
焦	jiao	1205
弟	di	1203
浴	yu	1203
碧	bi	1203
资	zi	1203
亩	mu	1202
盆	pen	1202
毁	hui	1200
烫	tang	1200
皇	huang	1199
汁	zhi	1193
粒	li	1193
伞	san	1190
莱	lai	1188
洁	jie	1187
哲	zhe	1185
涵	han	1185
企	qi	1179
叔	shu	1178
岭	ling	1178
咳	hai	1176
护	hu	1173
浜	bang	1173
屎	shi	1170
衰	shuai	1170
盟	meng	1166
翼	yi	1166
判	pan	1165
钙	gai	1165
傅	fu	1163
妮	ni	1163
驴	lv	1162
迈	mai	1160
铭	ming	1160
柯	ke	1159
宠	chong	1156
桶	tong	1155
殿	dian	1153
菌	jun	1152
敌	di	1150
淫	yin	1150
旭	xu	1145
航	hang	1145
棋	qi	1142
仔	zi	1140
访	fang	1140
拽	zhuai	1139
翠	cui	1136
坡	po	1135
纹	wen	1133
鹰	ying	1133
孝	xiao	1132
赤	chi	1130
技	ji	1129
译	yi	1129
挨	ai	1128
予	yu	1126
劳	lao	1126
唔	n	1126
唔	ng	1126
肩	jian	1126
露	lou	1126
册	ce	1123
介	jie	1122
培	pei	1119
融	rong	1118
移	yi	1116
韵	yun	1115
势	shi	1112
毕	bi	1112
截	jie	1108
渡	du	1108
薇	wei	1108
扶	fu	1107
啃	ken	1105
壮	zhuang	1103
怡	yi	1103
摘	zhai	1103
宅	zhai	1101
盼	pan	1100
耗	hao	1100
妍	yan	1097
摇	yao	1097
抹	mo	1094
莉	li	1093
乳	ru	1092
孤	gu	1092
锡	xi	1090
夺	duo	1083
确	que	1082
醋	cu	1082
损	sun	1081
握	wo	1081
旅	lv	1081
帕	pa	1079
拳	quan	1079
芯	xin	1078
奴	nu	1077
颇	po	1077
宣	xuan	1075
击	ji	1074
咸	xian	1073
姬	ji	1070
尖	jian	1070
伍	wu	1069
邵	shao	1069
讨	tao	1067
酶	mei	1067
掌	zhang	1063
桃	tao	1059
寿	shou	1058
规	gui	1058
谋	mou	1058
逢	feng	1058
垫	dian	1057
穆	mu	1057
暂	zan	1055
腻	ni	1055
矮	ai	1054
龟	gui	1054
庙	miao	1053
朵	duo	1051
职	zhi	1051
霍	huo	1049
绑	bang	1046
菊	ju	1046
辞	ci	1044
闯	chuang	1044
壁	bi	1041
枕	zhen	1038
渐	jian	1037
岸	an	1036
婆	po	1035
胆	dan	1035
尝	chang	1032
晋	jin	1032
虹	hong	1032
凝	ning	1031
弦	xian	1029
撮	cuo	1029
澡	zao	1029
避	bi	1029
抵	di	1028
贪	tan	1028
俱	ju	1027
噻	sai	1027
息	xi	1027
丸	wan	1024
参	can	1023
骚	sao	1022
塘	tang	1020
漆	qi	1018
蝶	die	1018
於	yu	1014
兮	xi	1012
郝	hao	1012
穴	xue	1009
芝	zhi	1009
浮	fu	1008
材	cai	1005
娟	juan	1004
缝	feng	1004
耀	yao	1004
萌	meng	1004
蹭	ceng	1002
烈	lie	1000
痒	yang	1000
伸	shen	997
槽	cao	997
翁	weng	995
柜	gui	994
盈	ying	994
审	shen	993
斑	ban	989
渣	zha	989
恐	kong	985
殷	yin	984
悲	bei	983
溜	liu	982
炉	lu	982
幻	huan	981
逆	ni	981
伪	wei	978
柴	chai	978
券	quan	977
固	gu	977
抖	dou	976
番	fan	976
悦	yue	974
斩	zhan	974
屈	qu	973
脉	mai	972
衫	shan	970
忽	hu	968
怨	yuan	968
粮	liang	968
冻	dong	967
彬	bin	967
献	xian	966
熙	xi	965
摩	mo	964
胎	tai	962
薄	bao	962
婷	ting	961
缩	suo	956
兹	zi	955
赏	shang	955
鹿	lu	955
津	jin	954
递	di	954
枚	mei	952
卿	qing	950
函	han	949
济	ji	949
颖	ying	949
扇	shan	947
彦	yan	946
拷	kao	946
漫	man	945
墓	mu	943
淘	tao	943
谱	pu	943
候	hou	941
鹤	he	939
幅	fu	935
茂	mao	933
咯	luo	931
戈	ge	931
弄	long	927
牵	qian	927
娇	jiao	926
雁	yan	926
御	yu	924
窄	zhai	922
郡	jun	922
掏	tao	921
映	ying	921
琼	qiong	921
缓	huan	921
唇	chun	920
弃	qi	920
佩	pei	919
汝	ru	918
昨	zuo	917
策	ce	914
琪	qi	911
肌	ji	911
雯	wen	911
坛	tan	910
邀	yao	910
协	xie	907
猴	hou	904
销	xiao	903
揉	rou	902
漂	piao	901
攒	zan	900
肠	chang	900
债	zhai	898
倪	ni	894
坚	jian	894
舟	zhou	894
藤	teng	893
裤	ku	892
爪	zhua	891
什	shen	890
磊	lei	889
慌	huang	886
务	wu	885
蒂	di	885
诉	su	884
态	tai	883
蟹	xie	883
梨	li	882
幸	xing	881
炼	lian	881
忧	you	880
鼻	bi	879
育	yu	876
舌	she	875
酱	jiang	874
叹	tan	873
堡	bao	873
拐	guai	873
陷	xian	873
鹅	e	871
腹	fu	870
蜜	mi	870
席	xi	869
粤	yue	869
葱	cong	869
苍	cang	867
捉	zhuo	866
孩	hai	863
赫	he	861
尾	wei	859
尾	yi	859
肿	zhong	859
效	xiao	858
帧	zhen	857
澳	ao	857
钓	diao	857
侠	xia	855
儒	ru	855
决	jue	854
扭	niu	854
闭	bi	854
叉	cha	853
癌	ai	853
泵	beng	852
捷	jie	851
妆	zhuang	849
彼	bi	847
适	shi	846
泛	fan	845
瘤	liu	843
龚	gong	843
盯	ding	842
忌	ji	840
炖	dun	840
纵	zong	840
默	mo	840
逾	yu	839
绣	xiu	838
悬	xuan	837
宰	zai	836
埃	ai	834
辰	chen	833
那	nei	832
罐	guan	831
奈	nai	828
序	xu	828
洒	sa	828
叻	le	827
伏	fu	826
执	zhi	826
幼	you	825
鼎	ding	825
卵	luan	824
莹	ying	824
旋	xuan	821
午	wu	820
刑	xing	819
囊	nang	817
担	dan	817
粘	nian	816
触	chu	815
踏	ta	815
宾	bin	813
悟	wu	812
腔	qiang	812
牢	lao	811
帽	mao	810
聂	nie	810
典	dian	809
奉	feng	808
妃	fei	806
煎	jian	806
频	pin	806
历	li	804
昭	zhao	804
拥	yong	801
巷	xiang	800
犹	you	800
弘	hong	797
扛	kang	796
揭	jie	796
裸	luo	795
柏	bai	794
账	zhang	794
霸	ba	793
僧	seng	792
啵	bo	792
摊	tan	791
掐	qia	789
突	tu	788
蓉	rong	788
蕾	lei	787
揍	zou	786
彪	biao	786
觉	jiao	786
壹	yi	785
毅	yi	784
疑	yi	784
罩	zhao	783
拒	ju	781
淋	lin	781
赠	zeng	780
警	jing	778
逐	zhu	778
痕	hen	777
歇	xie	776
统	tong	776
迁	qian	775
钩	gou	775
垂	chui	773
扮	ban	770
廷	ting	769
祸	huo	769
淑	shu	768
渝	yu	768
裂	lie	768
昆	kun	767
涅	nie	767
颈	jing	767
喻	yu	766
尸	shi	766
嘞	lei	765
忆	yi	765
尺	chi	764
朕	zhen	764
惯	guan	762
氧	yang	762
仕	shi	761
境	jing	761
棍	gun	758
律	lv	756
恰	qia	755
惜	xi	753
斋	zhai	753
坪	ping	752
姆	mu	752
束	shu	752
浦	pu	752
稀	xi	751
拓	tuo	748
吞	tun	745
裙	qun	745
叠	die	743
疏	shu	743
芸	yun	743
劫	jie	740
颠	dian	740
砂	sha	739
郁	yu	739
锌	xin	739
亡	wang	738
尧	yao	737
沾	zhan	737
株	zhu	736
涌	yong	736
穗	sui	736
翘	qiao	736
邮	you	736
潜	qian	735
聪	cong	734
糊	hu	732
谓	wei	732
陵	ling	732
壶	hu	731
媚	mei	730
饶	rao	730
庚	geng	729
坦	tan	728
慕	mu	728
丘	qiu	725
咖	ga	725
兜	dou	724
寨	zhai	724
搓	cuo	724
监	jian	724
繁	fan	724
蚊	wen	724
霖	lin	722
绍	shao	721
遥	yao	721
楠	nan	720
牧	mu	720
验	yan	720
吟	yin	719
裴	pei	717
缠	chan	713
哉	zai	712
浇	jiao	711
齿	chi	711
挥	hui	710
祭	ji	709
庞	pang	706
惟	wei	706
拾	shi	706
朋	peng	706
膏	gao	703
坝	ba	701
锐	rui	699
敷	fu	697
筒	tong	697
喵	miao	696
涉	she	696
粪	fen	693
挪	nuo	688
署	shu	687
佬	lao	686
拧	ning	686
阮	ruan	686
储	chu	685
碳	tan	684
丙	bing	683
桩	zhuang	682
荡	dang	682
屯	tun	680
趴	pa	680
蹲	dun	680
遮	zhe	680
戳	chuo	679
纱	sha	679
崇	chong	675
钦	qin	675
瑶	yao	672
赋	fu	671
奎	kui	670
渠	qu	667
习	xi	665
仇	chou	664
宿	su	664
夕	xi	663
盲	mang	662
坎	kan	660
蹦	beng	660
扩	kuo	659
跃	yue	657
杭	hang	656
弗	fu	655
泼	po	655
臂	bi	655
钉	ding	655
幕	mu	654
邢	xing	654
筹	chou	653
荒	huang	652
棚	peng	651
焊	han	651
禅	chan	650
召	zhao	649
岚	lan	648
拌	ban	647
疾	ji	647
裕	yu	647
奏	zou	643
栽	zai	643
滨	bin	643
筋	jin	643
趋	qu	643
示	shi	642
卦	gua	641
蠢	chun	641
贞	zhen	640
卧	wo	639
苯	ben	639
阻	zu	638
咒	zhou	637
琦	qi	636
甫	fu	636
绳	sheng	635
耿	geng	635
樊	fan	633
贫	pin	633
阅	yue	633
撕	si	631
铃	ling	631
艘	sou	630
浆	jiang	629
竞	jing	629
搅	jiao	628
靖	jing	628
珊	shan	627
笼	long	625
倚	yi	622
妇	fu	620
痰	tan	620
缸	gang	620
舰	jian	620
帆	fan	619
议	yi	618
炫	xuan	617
狐	hu	617
徒	tu	614
植	zhi	613
责	ze	613
释	shi	612
拣	jian	611
脂	zhi	610
赐	ci	610
享	xiang	608
佑	you	608
秘	mi	608
沃	wo	607
袖	xiu	607
鲍	bao	607
述	shu	606
姨	yi	605
啸	xiao	604
硅	gui	604
杖	zhang	602
焉	yan	601
捅	tong	600
芽	ya	600
倩	qian	599
筑	zhu	598
藏	zang	598
傲	ao	597
姿	zi	597
径	jing	596
邻	lin	595
激	ji	594
咦	yi	593
铅	qian	593
雕	diao	593
姑	gu	592
角	jue	592
咯	ge	590
捂	wu	590
桐	tong	590
幢	zhuang	587
舱	cang	587
踹	chuai	587
辩	bian	587
潭	tan	586
覆	fu	586
赚	zuan	586
钠	na	586
劲	jing	585
恤	xu	585
拦	lan	585
煲	bao	584
糟	zao	584
趣	qu	584
燃	ran	583
脆	cui	583
轰	hong	583
阎	yan	583
似	shi	582
凸	tu	582
龄	ling	582
窜	cuan	581
锤	chui	581
鞍	an	580
痴	chi	579
孕	yun	578
瑟	se	574
茹	ru	574
搁	ge	572
缴	jiao	571
弹	dan	570
滩	tan	570
熏	xun	570
驱	qu	570
咏	yong	569
搂	lou	569
浸	jin	569
磷	lin	569
织	zhi	569
哀	ai	567
昊	hao	567
衡	heng	567
阶	jie	567
驾	jia	564
辅	fu	562
崩	beng	561
谦	qian	560
鄂	e	560
窑	yao	559
刃	ren	557
晖	hui	557
蒲	pu	557
泻	xie	555
硕	shuo	555
屡	lv	554
涩	se	553
择	ze	552
灾	zai	552
丛	cong	550
碑	bei	550
柄	bing	549
奸	jian	548
揽	lan	548
樱	ying	548
禾	he	547
俩	liang	546
竖	shu	546
婉	wan	545
措	cuo	545
眠	mian	545
薰	xun	545
磁	ci	544
麟	lin	544
侃	kan	543
坠	zhui	543
揪	jiu	543
禄	lu	543
咽	yan	542
娅	ya	542
仗	zhang	541
革	ge	540
瑜	yu	539
畅	chang	537
碱	jian	535
肚	du	535
逝	shi	535
攀	pan	534
皱	zhou	534
阀	fa	534
宴	yan	533
瘾	yin	533
翟	zhai	532
跪	gui	532
唤	huan	531
途	tu	531
勋	xun	530
帘	lian	530
狄	di	530
瓷	ci	530
辽	liao	530
鞭	bian	530
谜	mi	529
厉	li	528
磅	bang	528
闸	zha	527
凹	ao	526
瞄	miao	526
裁	cai	526
娥	e	525
宪	xian	525
崖	ya	523
扒	ba	523
沁	qin	523
刊	kan	522
迹	ji	521
血	xie	519
乾	qian	516
氮	dan	516
霉	mei	516
傍	bang	514
葬	zang	514
喘	chuan	513
钧	jun	513
詹	zhan	512
俞	shu	510
俞	yu	510
闫	yan	508
骆	luo	508
察	cha	507
授	shou	506
楞	leng	506
辨	bian	506
喉	hou	505
嚼	jiao	505
拎	lin	505
虞	yu	505
辑	ji	505
媛	yuan	504
披	pi	504
遗	yi	504
阔	kuo	504
剥	bo	503
坟	fen	503
塌	ta	503
岂	qi	503
悠	you	503
卸	xie	502
便	pian	501
愚	yu	501
狮	shi	501
窦	dou	501
藕	ou	499
垮	kua	498
怜	lian	498
慈	ci	496
拱	gong	496
脾	pi	494
氢	qing	493
巢	chao	491
幺	yao	491
抚	fu	491
溶	rong	491
焕	huan	491
廉	lian	490
禹	yu	490
亨	heng	489
燥	zao	488
卜	bu	487
危	wei	487
泄	xie	487
聘	pin	487
钾	jia	484
橙	cheng	483
滕	teng	482
颂	song	482
构	gou	479
栓	shuan	479
铲	chan	479
堤	di	478
枯	ku	478
睿	rui	478
允	yun	476
堪	kan	473
暮	mu	473
冤	yuan	472
篮	lan	472
粘	zhan	472
抠	kou	471
巫	wu	470
酥	su	470
劈	pi	469
畔	pan	469
裹	guo	469
雀	que	469
骏	jun	469
灿	can	468
灶	zao	467
芒	mang	467
冥	ming	466
杏	xing	466
腐	fu	466
绘	hui	465
渔	yu	463
筱	xiao	463
蜀	shu	463
醇	chun	463
薪	xin	462
袭	xi	462
婕	jie	461
梳	shu	461
黛	dai	461
孰	shu	459
兑	dui	457
卑	bei	457
瞪	deng	457
铸	zhu	457
茨	ci	456
轨	gui	456
拂	fu	455
搏	bo	455
渊	yuan	454
蜡	la	454
豹	bao	454
驰	chi	454
荤	hun	453
蒜	suan	453
皓	hao	452
嫂	sao	451
弊	bi	451
戚	qi	451
际	ji	451
馅	xian	450
茅	mao	449
叁	san	445
枣	zao	445
曦	xi	444
棵	ke	444
嗦	suo	443
澄	cheng	443
鉴	jian	443
飙	biao	443
冉	ran	442
塑	su	439
炳	bing	439
耕	geng	439
誓	shi	439
朴	pu	438
勺	shao	437
敦	dun	437
央	yang	435
瞳	tong	435
羞	xiu	435
彤	tong	434
稻	dao	434
媒	mei	433
笛	di	433
乍	zha	432
冀	ji	432
匹	pi	432
恭	gong	432
贰	er	432
祁	qi	431
莪	e	431
蜂	feng	431
眺	tiao	430
渴	ke	429
妾	qie	427
沐	mu	427
估	gu	426
仰	yang	425
忒	tei	425
滥	lan	425
夷	yi	424
嘘	xu	423
丧	sang	421
弥	mi	421
辈	bei	421
钛	tai	421
捕	bu	420
煞	sha	420
磕	ke	420
陀	tuo	420
努	nu	418
沧	cang	418
茎	jing	417
呸	pei	416
汽	qi	416
溅	jian	416
炜	wei	416
梗	geng	415
蕊	rui	415
屠	tu	414
捣	dao	414
旦	dan	414
闵	min	414
氨	an	413
玮	wei	412
翅	chi	412
叙	xu	411
氯	lv	411
奕	yi	410
惑	huo	410
呦	you	409
氟	fu	409
豫	yu	409
撇	pie	408
荆	jing	408
络	luo	407
胀	zhang	407
贯	guan	406
详	xiang	405
瓣	ban	404
淮	huai	403
迥	jiong	403
况	kuang	402
掘	jue	402
浙	zhe	402
蓬	peng	402
挫	cuo	401
溢	yi	401
览	lan	401
慎	shen	400
梓	zi	400
巡	xun	400
绮	qi	399
逮	dai	399
徽	hui	398
瞒	man	398
谨	jin	398
寇	kou	397
葵	kui	397
率	shuai	396
绵	mian	396
舜	shun	396
佟	tong	395
匪	fei	395
昕	xin	393
矛	mao	392
苔	tai	392
翰	han	391
荐	jian	391
蹬	deng	391
墩	dun	390
晾	liang	390
耻	chi	389
茜	qian	389
觅	mi	389
貌	mao	389
冈	gang	387
硫	liu	387
纲	gang	387
闽	min	387
诱	you	384
侵	qin	383
哑	ya	382
抑	yi	382
削	xiao	381
寝	qin	381
掰	bai	381
蔚	wei	381
柏	bo	380
熟	shou	380
迦	jia	380
掂	dian	379
淤	yu	379
痣	zhi	379
颤	chan	379
捆	kun	378
腕	wan	378
贡	gong	378
昔	xi	377
猎	lie	377
刁	diao	376
澜	lan	376
污	wu	375
援	yuan	373
掀	xian	372
泳	yong	372
萱	xuan	370
逊	xun	370
俏	qiao	369
愣	leng	369
臀	tun	369
娱	yu	367
悔	hui	367
矫	jiao	367
挠	nao	366
玫	mei	366
蓄	xu	366
卒	zu	365
绊	ban	365
镁	mei	365
瑛	ying	364
侍	shi	363
循	xun	363
旱	han	363
概	gai	363
馋	chan	362
妥	tuo	361
悉	xi	361
绪	xu	361
汀	ting	360
甄	zhen	360
唆	suo	359
颐	yi	359
扰	rao	358
掩	yan	358
迅	xun	358
呕	ou	357
垒	lei	357
敖	ao	357
酮	tong	357
菁	jing	356
钰	yu	356
廿	nian	355
璇	xuan	354
畴	chou	354
胤	yin	354
蛙	wa	354
茗	ming	353
旬	xun	351
朴	piao	351
窍	qiao	351
芙	fu	351
蘸	zhan	351
扽	den	350
梯	ti	350
炭	tan	349
雇	gu	349
瞅	chou	348
茵	yin	348
勃	bo	347
庵	an	347
糕	gao	347
诀	jue	347
锭	ding	347
沥	li	346
欺	qi	344
乐	yue	343
匀	yun	343
碘	dian	343
称	chen	343
菱	ling	343
侨	qiao	341
籽	zi	341
膝	xi	341
莎	sha	341
莎	suo	341
雌	ci	341
峡	xia	340
眨	zha	340
酿	niang	340
泊	bo	339
绒	rong	339
臻	zhen	339
隋	sui	339
秉	bing	338
胺	an	338
衬	chen	338
僵	jiang	337
呵	a	337
杉	shan	337
祛	qu	336
伽	ga	335
纽	niu	335
掺	chan	334
斐	fei	334
迫	po	334
岑	cen	332
玖	jiu	331
娄	lou	331
遣	qian	331
溟	ming	330
贩	fan	330
陡	dou	330
萝	luo	329
乏	fa	328
仨	sa	328
婴	ying	328
滞	zhi	328
蕴	yun	328
镶	xiang	328
冶	ye	326
嫖	piao	326
厌	yan	325
嗜	shi	325
肆	si	324
淳	chun	323
嗒	da	322
阑	lan	321
叽	ji	320
塞	se	320
璐	lu	320
黔	qian	320
摁	en	319
嵌	qian	318
廊	lang	318
彻	che	318
椅	yi	318
疗	liao	318
禽	qin	318
魁	kui	318
挽	wan	317
滋	zi	317
焰	yan	317
袍	pao	317
栗	li	316
睁	zheng	316
稠	chou	316
髓	sui	316
呛	qiang	315
札	zha	315
呜	wu	314
斥	chi	314
渗	shen	314
纬	wei	314
螺	luo	314
咳	ke	313
峻	jun	313
笋	sun	313
魅	mei	313
涯	ya	312
晏	yan	311
桓	huan	311
没	mo	311
靳	jin	311
描	miao	310
诊	zhen	310
呗	bai	309
瑾	jin	309
藻	zao	309
刨	pao	308
捻	nian	308
沽	gu	308
蚕	can	308
传	zhuan	307
寂	ji	307
沫	mo	307
镍	nie	307
厨	chu	306
叮	ding	306
慰	wei	306
芦	lu	306
芷	zhi	306
丈	zhang	305
寡	gua	305
踪	zong	305
荫	yin	304
嗅	xiu	301
嫣	yan	301
矩	ju	301
祠	ci	301
雍	yong	301
募	mu	300
覃	qin	300
榕	rong	299
爵	jue	299
袄	ao	299
裔	yi	299
杠	gang	298
秤	cheng	298
钮	niu	297
役	yi	296
烙	lao	296
贸	mao	296
匡	kuang	295
契	qi	295
疆	jiang	295
窥	kui	295
眸	mou	294
裘	qiu	294
簿	bu	293
浊	zhuo	292
淹	yan	292
盏	zhan	292
贬	bian	292
劣	lie	291
拴	shuan	291
棠	tang	291
宛	wan	290
棕	zong	290
沛	pei	290
芹	qin	290
苟	gou	290
泣	qi	289
殊	shu	288
琛	chen	288
箫	xiao	288
椰	ye	287
瞬	shun	287
驶	shi	287
噪	zao	286
履	lv	286
崽	zai	286
皖	wan	286
蚀	shi	286
誉	yu	286
倦	juan	285
婧	jing	285
庸	yong	285
析	xi	285
畏	wei	285
哪	ne	284
撩	liao	284
湛	zhan	284
熔	rong	284
祈	qi	284
芭	ba	284
陕	shan	284
恼	nao	283
腺	xian	283
邑	yi	283
掷	zhi	282
肤	fu	282
厢	xiang	281
差	chai	281
毫	hao	281
洽	qia	281
烨	ye	280
珂	ke	279
靴	xue	279
浑	hun	278
滇	dian	278
督	du	278
衍	yan	278
衔	xian	278
铬	ge	278
奋	fen	277
痘	dou	277
艇	ting	277
巾	jin	276
瞥	pie	276
究	jiu	276
簇	cu	276
砌	qi	275
酚	fen	275
佰	bai	274
腌	a	274
蝉	chan	274
寅	yin	273
晟	sheng	273
梵	fan	273
苇	wei	273
堕	duo	272
桦	hua	272
涮	shuan	272
祺	qi	272
膊	bo	272
茬	cha	272
伙	huo	271
筛	shai	271
胞	bao	271
霄	xiao	271
匠	jiang	270
揣	chuai	270
棺	guan	270
淌	tang	270
纤	qian	270
障	zhang	270
询	xun	269
剁	duo	268
剃	ti	268
巩	gong	268
酯	zhi	268
妄	wang	267
娴	xian	267
恁	nen	267
厘	li	266
栈	zhan	266
肽	tai	266
曝	bao	263
朔	shuo	263
肘	zhou	263
驳	bo	263
搽	cha	262
澈	che	262
狱	yu	262
粟	su	262
吏	li	261
吖	ya	261
屑	xie	261
皂	zao	261
脓	nong	261
襄	xiang	261
扳	ban	260
汞	gong	260
涧	jian	260
烛	zhu	260
绞	jiao	260
毓	yu	259
绢	juan	259
埠	bu	258
袜	wa	258
佘	she	257
淇	qi	257
刹	sha	256
卤	lu	256
遵	zun	256
憨	han	255
羹	geng	255
鳖	bie	255
唷	yo	254
斧	fu	254
赣	gan	254
弩	nu	253
柒	qi	253
筐	kuang	253
圭	gui	252
撰	zhuan	252
棱	leng	252
甭	beng	252
菇	gu	252
违	wei	252
剖	pou	251
址	zhi	251
坨	tuo	251
瞿	qu	251
纺	fang	251
见	xian	251
哨	shao	250
梢	shao	250
潇	xiao	250
疤	ba	250
舅	jiu	250
卞	bian	249
秃	tu	249
窃	qie	249
肃	su	249
蚁	yi	249
拢	long	248
瞟	piao	248
碍	ai	248
寓	yu	247
蛤	ha	247
卜	bo	246
旨	zhi	246
辱	ru	246
凋	diao	245
滤	lv	245
矢	shi	245
励	li	244
啪	pa	244
愤	fen	244
镑	bang	244
槐	huai	243
虑	lv	243
谂	shen	243
霆	ting	243
妓	ji	242
眯	mi	242
诛	zhu	242
侣	lv	241
崎	qi	241
煜	yu	241
腥	xing	240
蝇	ying	240
鸽	ge	240
噗	pu	239
懿	yi	239
泓	hong	239
砚	yan	239
纤	xian	239
缀	zhui	239
蛆	qu	239
诵	song	239
锯	ju	239
阙	que	239
焖	men	238
苹	ping	238
谛	di	238
嗟	jie	237
嘟	du	237
弧	hu	237
捶	chui	237
煌	huang	237
缕	lv	237
缪	miu	237
钵	bo	237
阜	fu	237
椒	jiao	236
拙	zhuo	235
粽	zong	235
耸	song	235
钝	dun	234
陌	mo	234
栖	qi	232
蛾	e	232
鸦	ya	232
黏	nian	232
尬	ga	231
茄	jia	231
蹄	ti	231
彰	zhang	230
脊	ji	230
酬	chou	230
铀	you	230
韧	ren	230
巳	si	229
瀚	han	229
翎	ling	229
楷	kai	228
锥	zhui	228
凿	zao	227
昼	zhou	227
砼	tong	227
臧	zang	227
锰	meng	227
鞠	ju	227
敛	lian	226
歼	jian	226
茧	jian	226
擒	qin	225
疮	chuang	225
俭	jian	224
峪	yu	224
淼	miao	224
胚	pei	224
羡	xian	223
戎	rong	222
涓	juan	222
鳞	lin	222
惧	ju	221
撬	qiao	221
昧	mei	220
纶	lun	220
釉	you	220
睬	cai	218
说	shui	218
说	yue	218
锈	xiu	218
喏	nuo	217
犁	li	217
绯	fei	217
驿	yi	217
橘	ju	216
漾	yang	216
竿	gan	216
纠	jiu	216
莺	ying	216
奚	xi	215
桔	ju	215
甸	dian	215
糙	cao	215
褐	he	215
郊	jiao	215
殇	shang	214
牟	mou	214
罕	han	214
冢	zhong	213
旷	kuang	213
毋	wu	213
猿	yuan	213
辊	gun	213
魄	po	213
璧	bi	212
畀	bi	212
纷	fen	212
啼	ti	211
喀	ka	211
烹	peng	211
笙	sheng	211
遁	dun	211
嗣	si	210
姝	shu	210
娣	di	210
韶	shao	210
厦	xia	209
盔	kui	209
腮	sai	209
藉	jie	209
衷	zhong	209
铮	zheng	209
哗	hua	208
挟	xie	208
辖	xia	208
镖	biao	208
鸥	ou	208
枉	wang	207
迭	die	207
钗	chai	207
钞	chao	207
喧	xuan	206
鲸	jing	206
麓	lu	206
嗷	ao	205
戊	wu	205
曜	yao	205
筝	zheng	205
诏	zhao	205
梭	suo	204
漠	mo	204
乞	qi	203
垢	gou	203
恕	shu	203
扒	pa	203
轿	jiao	203
栾	luan	202
芮	rui	202
嚷	rang	201
捎	shao	201
褪	tui	201
钳	qian	201
仑	lun	200
宵	xiao	200
肇	zhao	200
苞	bao	200
镀	du	200
陆	liu	200
驼	tuo	200
巍	wei	199
焱	yan	199
癖	pi	199
邬	wu	199
叩	kou	198
庐	lu	198
毙	bi	198
爻	yao	198
珏	jue	198
嗔	chen	197
孽	nie	197
茄	qie	197
诈	zha	197
饥	ji	197
鸾	luan	197
絮	xu	196
蕙	hui	196
岱	dai	195
褚	chu	195
豁	huo	195
俯	fu	194
括	kuo	194
摞	luo	194
瀑	pu	194
婶	shen	193
灏	hao	193
骄	jiao	193
偿	chang	192
炯	jiong	192
硪	wo	192
堰	yan	191
岐	qi	191
祯	zhen	191
匣	xia	190
悼	dao	190
渍	zi	190
骤	zhou	190
檀	tan	189
汶	wen	189
焚	fen	189
窟	ku	189
荃	quan	189
呐	ne	188
浣	huan	188
谏	jian	188
韬	tao	188
唑	zuo	187
檐	yan	187
藩	fan	187
钊	zhao	187
榆	yu	186
靶	ba	186
嚎	hao	185
瓢	piao	185
坯	pi	184
懵	meng	184
擅	shan	184
灼	zhuo	184
肢	zhi	184
鹭	lu	184
仟	qian	183
倘	tang	183
卉	hui	183
桢	zhen	183
玺	xi	183
玻	bo	183
胥	xu	183
嵩	song	182
摧	cui	182
仆	pu	181
尻	kao	181
溴	xiu	181
睛	jing	181
褒	bao	181
谊	yi	181
辟	bi	180
辟	pi	180
鬓	bin	180
黯	an	180
擎	qing	179
溃	kui	179
怔	zheng	178
砷	shen	178
聋	long	178
躁	zao	178
卯	mao	177
噜	lu	177
涝	lao	177
谎	huang	177
颁	ban	177
俐	li	176
圹	kuang	176
捌	ba	176
璋	zhang	176
谣	yao	176
钒	fan	176
嘀	di	175
弋	yi	175
忒	te	175
昱	yu	175
沸	fei	175
疲	pi	175
硒	xi	175
脖	bo	175
蛊	gu	175
躬	gong	175
铂	bo	175
伶	ling	174
睹	du	174
葡	pu	174
垣	yuan	173
扼	e	173
裳	shang	173
遛	liu	172
阉	yan	172
哆	duo	171
濑	lai	171
笃	du	171
趾	zhi	171
霁	ji	171
洼	wa	170
痔	zhi	170
瘫	tan	170
箍	gu	170
囡	nan	169
烘	hong	169
瘀	yu	169
钨	wu	169
隙	xi	169
馍	mo	169
捋	lv	168
榨	zha	168
辜	gu	168
什	shi	167
噤	jin	167
碾	nian	167
缅	mian	167
葆	bao	167
饵	er	167
戟	ji	166
癫	dian	166
蝎	xie	166
蹿	cuan	166
鞘	qiao	166
麒	qi	166
亥	hai	165
拭	shi	165
椎	zhui	165
瘪	bie	165
盅	zhong	165
胁	xie	165
襟	jin	165
兀	wu	164
囚	qiu	164
昵	ni	164
泊	po	164
绛	jiang	164
贻	yi	164
轶	yi	164
铵	an	164
宸	chen	163
晔	ye	163
殴	ou	163
缚	fu	163
蓓	bei	163
谐	xie	163
钼	mu	163
铎	duo	163
锚	mao	163
恬	tian	162
愧	kui	162
樵	qiao	162
涡	wo	162
贮	zhu	162
岔	cha	161
稚	zhi	161
脐	qi	161
苷	gan	161
丞	cheng	160
和	huo	160
嗄	a	160
坞	wu	160
尉	wei	160
熵	shang	160
翊	yi	160
孚	fu	159
恺	kai	159
熄	xi	159
玥	yue	159
硝	xiao	159
艮	gen	159
怯	qie	158
珉	min	158
腊	la	158
腊	xi	158
倭	wo	157
大	dai	157
渭	wei	157
跺	duo	157
赎	shu	156
坂	ban	155
邝	kuang	155
陇	long	155
屿	yu	154
瘸	que	154
瞻	zhan	154
践	jian	154
饲	si	154
勉	mian	153
卅	sa	153
嘻	xi	153
忒	tui	153
械	xie	153
湝	jie	153
绫	ling	153
荔	li	153
虱	shi	153
仄	ze	152
寰	huan	152
畜	chu	152
痞	pi	152
盛	cheng	152
绰	chao	152
绰	chuo	152
肛	gang	152
啄	zhuo	151
炕	kang	151
禧	xi	151
竭	jie	151
踱	duo	151
厦	sha	150
泠	ling	150
瘟	wen	150
荻	di	150
荼	tu	150
匝	za	149
匿	ni	149
晤	wu	149
漪	yi	149
缆	lan	149
蔓	man	149
蔓	wan	149
冼	xian	148
厕	ce	148
疫	yi	148
窖	jiao	148
蔫	nian	148
驮	tuo	148
凳	deng	147
咚	dong	147
暑	shu	147
睦	mu	147
祀	si	147
笺	jian	147
莞	guan	147
骥	ji	147
亢	kang	146
倔	jue	146
削	xue	146
剔	ti	146
枭	xiao	146
樽	zun	146
礁	jiao	146
颊	jia	146
鸠	jiu	146
婵	chan	145
渚	zhu	145
霓	ni	145
喆	zhe	144
歆	xin	144
蒿	hao	144
讷	ne	144
丕	pi	143
噎	ye	143
涤	di	143
渺	miao	143
乾	gan	142
寮	liao	142
抿	min	142
撼	han	142
炽	chi	142
烯	xi	142
琨	kun	142
町	ding	142
绸	chou	142
茸	rong	142
嘲	chao	141
噬	shi	141
妒	du	141
峥	zheng	141
搔	sao	141
漱	shu	141
糠	kang	141
缇	ti	141
薯	shu	141
雏	chu	141
萎	wei	140
仂	le	139
卟	bu	139
壬	ren	139
彝	yi	139
悍	han	139
憎	zeng	139
歉	qian	139
秧	yang	139
粹	cui	139
胰	yi	139
蕉	jiao	139
歧	qi	138
糯	nuo	138
食	si	138
鲨	sha	138
寐	mei	137
憾	han	137
撵	nian	137
涕	ti	137
荀	xun	137
蒽	en	137
谬	miu	137
驹	ju	137
奢	she	136
弛	chi	136
獒	ao	136
绾	wan	136
藉	ji	136
叛	pan	135
夯	hang	135
扎	za	135
拈	nian	135
溯	su	135
狭	xia	135
璞	pu	135
肋	le	135
莽	mang	135
咋	zha	134
桨	jiang	134
疣	you	134
窘	jiong	134
绩	ji	134
绷	beng	134
酉	you	134
靡	mi	134
伯	bai	133
勘	kan	133
抡	lun	133
拘	ju	133
汐	xi	133
泗	si	133
谅	liang	133
辙	zhe	133
锄	chu	133
鳍	qi	133
剌	la	132
啤	pi	132
墅	shu	132
暇	xia	132
汲	ji	132
簪	zan	132
舵	duo	132
隅	yu	132
叭	ba	131
忻	xin	131
瀛	ying	131
琐	suo	131
苓	ling	131
杵	chu	130
枢	shu	130
栅	shan	130
棘	ji	130
眩	xuan	130
硼	peng	130
筠	jun	130
逍	xiao	130
凛	lin	129
厥	jue	129
姣	jiao	129
绥	sui	129
羌	qiang	129
诞	dan	129
辫	bian	129
醛	quan	129
丐	gai	128
仇	qiu	128
娼	chang	128
悄	qiao	128
毗	pi	128
珀	po	128
笠	li	128
脲	niao	128
逞	cheng	128
咖	ka	127
炙	zhi	127
癣	xuan	127
糜	mi	127
舀	yao	127
锂	li	127
镉	ge	127
咔	ka	126
唠	lao	126
圃	pu	126
栖	xi	126
琰	yan	126
凄	qi	125
匙	shi	125
啧	ze	125
姗	shan	125
梧	wu	125
毯	tan	125
沼	zhao	125
琅	lang	125
颅	lu	125
颓	tui	125
唬	hu	124
疝	shan	124
疹	zhen	124
皋	gao	124
稼	jia	124
茫	mang	124
萃	cui	124
虏	lu	124
螨	man	124
骊	li	124
庶	shu	123
怂	song	123
撅	jue	123
晗	han	123
钴	gu	123
孜	zi	122
弈	yi	122
柚	you	122
毡	zhan	122
煨	wei	122
蔽	bi	122
隶	li	122
骇	hai	122
偕	xie	121
恃	shi	121
旻	min	121
综	zeng	121
综	zong	121
翡	fei	121
骞	qian	121
鹃	juan	121
凰	huang	120
勒	lei	120
哌	pai	120
垄	long	120
孑	jie	120
宿	xiu	120
帛	bo	120
樟	zhang	120
炊	chui	120
诃	he	120
馥	fu	120
咂	za	119
挎	kua	119
濮	pu	119
犀	xi	119
珑	long	119
瓮	weng	119
磐	pan	119
罡	gang	119
苛	ke	119
莘	xin	119
霏	fei	119
骁	xiao	119
夭	yao	118
攥	zuan	118
柑	gan	118
滔	tao	118
炬	ju	118
貂	diao	118
闺	gui	118
吱	zhi	117
囤	tun	117
惩	cheng	117
洙	zhu	117
狸	li	117
眷	juan	117
竺	zhu	117
缪	miao	117
舆	yu	117
谗	chan	117
邸	di	117
嬉	xi	116
搀	chan	116
椿	chun	116
泾	jing	116
瘘	lou	116
膳	shan	116
觞	shang	116
轧	zha	116
髻	ji	116
啖	dan	115
沅	yuan	115
矶	ji	115
秽	hui	115
戆	gang	114
旌	jing	114
暧	ai	114
滢	ying	114
濠	hao	114
燮	xie	114
裆	dang	114
躯	qu	114
锣	luo	114
锻	duan	114
啜	chuo	113
弼	bi	113
恪	ke	113
灞	ba	113
畦	qi	113
痹	bi	113
胯	kua	113
傈	li	112
叟	sou	112
摹	mo	112
番	pan	112
癸	gui	112
禛	zhen	112
茉	mo	112
醚	mi	112
锺	zhong	112
匾	bian	111
吠	fei	111
氰	qing	111
腚	ding	111
蓟	ji	111
酣	han	111
墟	xu	110
妤	yu	110
嫔	pin	110
孓	jue	110
抒	shu	110
璃	li	110
痂	jia	110
羚	ling	110
膘	biao	110
豚	tun	110
铠	kai	110
锛	ben	110
隽	jun	110
亓	qi	109
嘱	zhu	109
峦	luan	109
斟	zhen	109
湄	mei	109
潞	lu	109
芋	yu	109
蛹	yong	109
蹙	cu	109
锕	a	109
镭	lei	109
骅	hua	109
鲤	li	109
嚼	jue	108
柿	shi	108
澎	peng	108
煦	xu	108
珺	jun	108
顷	qing	108
吮	shun	107
垛	duo	107
曳	ye	107
濂	lian	107
煽	shan	107
肋	lei	107
蛟	jiao	107
蜷	quan	107
酌	zhuo	107
吁	yu	106
宙	zhou	106
揩	kai	106
渤	bo	106
璟	jing	106
芜	wu	106
顽	wan	106
骐	qi	106
嗳	ai	105
噌	ceng	105
戌	xu	105
擂	lei	105
柬	jian	105
槌	chui	105
汕	shan	105
涔	cen	105
琉	liu	105
糗	qiu	105
缎	duan	105
苘	qing	105
崴	wai	104
徙	xi	104
拗	ao	104
攸	you	104
柠	ning	104
艰	jian	104
蔷	qiang	104
鸢	yuan	104
佣	yong	103
敝	bi	103
晦	hui	103
珈	jia	103
砰	peng	103
缨	ying	103
铛	dang	103
嗑	ke	102
嗡	weng	102
囿	you	102
埔	pu	102
恍	huang	102
磬	qing	102
筷	kuai	102
粱	liang	102
褶	zhe	102
泯	min	101
漳	zhang	101
禀	bing	101
绚	xuan	101
羲	xi	101
聆	ling	101
谕	yu	101
侄	zhi	100
侦	zhen	100
峨	e	100
廓	kuo	100
攒	cuan	100
昀	yun	100
檬	meng	100
沂	yi	100
涟	lian	100
琢	zuo	100
蔗	zhe	100
讼	song	100
呱	gu	99
嗓	sang	99
掳	lu	99
曙	shu	99
萦	ying	99
蔺	lin	99
铨	quan	99
鹊	que	99
熹	xi	98
犟	jiang	98
甬	yong	98
诡	gui	98
踮	dian	98
辄	zhe	98
佯	yang	97
倡	chang	97
吭	keng	97
弑	shi	97
戍	shu	97
撂	liao	97
沦	lun	97
罔	wang	97
蕃	fan	97
郴	chen	97
佛	fu	96
厮	si	96
壑	he	96
壤	rang	96
橱	chu	96
灸	jiu	96
烷	wan	96
狙	ju	96
赦	she	96
嬴	ying	95
橡	xiang	95
蚌	bang	95
剐	gua	94
咎	jiu	94
巽	xun	94
懈	xie	94
莓	mei	94
菡	han	94
鄢	yan	94
锝	de	94
垦	ken	93
姊	zi	93
孬	nao	93
庇	bi	93
愉	yu	93
濡	ru	93
烽	feng	93
箐	qing	93
篱	li	93
讳	hui	93
骶	di	93
麽	mo	93
咕	gu	92
唰	shua	92
坳	ao	92
懋	mao	92
沣	feng	92
烁	shuo	92
珅	shen	92
珞	luo	92
睑	jian	92
聿	yu	92
蟒	mang	92
釜	fu	92
钜	ju	92
飒	sa	92
喈	jie	91
恢	hui	91
敞	chang	91
榭	xie	91
焙	bei	91
牡	mu	91
犊	du	91
篷	peng	91
簧	huang	91
膛	tang	91
膨	peng	91
迩	er	91
呤	ling	90
杞	qi	90
棣	di	90
铐	kao	90
闰	run	90
坷	ke	89
慨	kai	89
扈	hu	89
歹	dai	89
烩	hui	89
砣	tuo	89
祢	mi	89
萤	ying	89
僚	liao	88
掬	ju	88
芊	qian	88
跋	ba	88
铉	xuan	88
隘	ai	88
鳃	sai	88
鳌	ao	88
嘶	si	87
惫	bei	87
桀	jie	87
畸	ji	87
篆	zhuan	87
郢	ying	87
鄙	bi	87
颦	pin	87
驭	yu	87
驯	xun	87
叨	dao	86
噩	e	86
宕	dang	86
榻	ta	86
汾	fen	86
烃	ting	86
袂	mei	86
钡	bei	86
陋	lou	86
隼	sun	86
馊	sou	86
乂	yi	85
伢	ya	85
劢	mai	85
哺	bu	85
宦	huan	85
捺	na	85
朽	xiu	85
渥	wo	85
瑰	gui	85
钥	yao	85
馈	kui	85
鼬	you	85
僻	pi	84
冕	mian	84
刎	wen	84
嘈	cao	84
嚣	xiao	84
彳	chi	84
祚	zuo	84
耘	yun	84
舫	fang	84
遐	xia	84
酰	xian	84
伎	ji	83
佚	yi	83
俪	li	83
喳	zha	83
嗖	sou	83
屙	e	83
戋	jian	83
敕	chi	83
瑕	xia	83
篓	lou	83
诲	hui	83
鳄	e	83
偎	wei	82
剟	duo	82
挚	zhi	82
捍	han	82
汛	xun	82
燎	liao	82
筵	yan	82
蹈	dao	82
吆	yao	81
幔	man	81
幡	fan	81
揖	yi	81
暄	xuan	81
秩	zhi	81
缁	zi	81
翦	jian	81
蜕	tui	81
讽	feng	81
谟	mo	81
赃	zang	81
颌	he	81
亍	chu	80
侩	kuai	80
俑	yong	80
吡	bi	80
掖	ye	80
昶	chang	80
槛	kan	80
沏	qi	80
纂	zuan	80
腌	yan	80
蹇	jian	80
霾	mai	80
尢	you	79
岫	xiu	79
淦	gan	79
溥	pu	79
秆	gan	79
箕	ji	79
箩	luo	79
绽	zhan	79
衙	ya	79
靛	dian	79
颍	ying	79
鲲	kun	79
龋	qu	79
偃	yan	78
叱	chi	78
唧	ji	78
噔	deng	78
淬	cui	78
舸	ge	78
谌	chen	78
霭	ai	78
嗝	ge	77
姥	lao	77
怠	dai	77
晰	xi	77
淞	song	77
蚝	hao	77
衢	qu	77
讥	ji	77
喱	li	76
夬	guai	76
婿	xu	76
擀	gan	76
栀	zhi	76
沱	tuo	76
涎	xian	76
绅	shen	76
迸	beng	76
扉	fei	75
氦	hai	75
淀	dian	75
漕	cao	75
筠	yun	75
荪	sun	75
葭	jia	75
袅	niao	75
裱	biao	75
谥	shi	75
钺	yue	75
饺	jiao	75
孵	fu	74
屹	yi	74
岙	ao	74
幂	mi	74
戮	lu	74
朦	meng	74
榄	lan	74
殖	zhi	74
洵	xun	74
畿	ji	74
矾	fan	74
碴	cha	74
稽	ji	74
谍	die	74
妨	fang	73
恳	ken	73
澍	shu	73
皿	min	73
羟	qiang	73
羿	yi	73
吁	xu	72
咿	yi	72
孢	bao	72
尕	ga	72
怖	bu	72
抻	chen	72
濯	zhuo	72
盹	dun	72
矜	jin	72
腑	fu	72
臼	jiu	72
舷	xian	72
荟	hui	72
萘	nai	72
萼	e	72
虔	qian	72
逵	kui	72
锑	ti	72
飨	xiang	72
鬃	zong	72
侑	you	71
啐	cui	71
喙	hui	71
夔	kui	71
撸	lu	71
杳	yao	71
潼	tong	71
煊	xuan	71
疱	pao	71
筏	fa	71
绡	xiao	71
郦	li	71
饷	xiang	71
偈	ji	70
啡	fei	70
楣	mei	70
汰	tai	70
篡	cuan	70
舶	bo	70
荚	jia	70
褂	gua	70
诣	yi	70
诫	jie	70
镐	gao	70
嫡	di	69
宓	mi	69
惭	can	69
椀	wan	69
殆	dai	69
潩	yi	69
焯	chao	69
痢	li	69
穹	qiong	69
讹	e	69
谒	ye	69
赘	zhui	69
颚	e	69
吝	lin	68
枷	jia	68
楔	xie	68
氓	mang	68
痧	sha	68
眶	kuang	68
祗	zhi	68
蟾	chan	68
诬	wu	68
铆	mao	68
雉	zhi	68
咨	zi	67
婢	bi	67
帷	wei	67
榴	liu	67
琏	lian	67
璜	huang	67
蜗	wo	67
螯	ao	67
赊	she	67
铣	xi	67
髯	ran	67
剜	wan	66
唾	tuo	66
圳	zhen	66
娑	suo	66
忱	chen	66
梃	ting	66
膈	ge	66
芥	jie	66
辇	nian	66
骡	luo	66
厝	cuo	65
啷	lang	65
巅	dian	65
晁	chao	65
榛	zhen	65
澶	chan	65
瓤	rang	65
痨	lao	65
睫	jie	65
蔬	shu	65
轧	ya	65
铿	keng	65
阪	ban	65
仝	tong	64
哏	gen	64
嘣	beng	64
塾	shu	64
壕	hao	64
戾	li	64
昙	tan	64
曝	pu	64
溺	ni	64
牲	sheng	64
皎	jiao	64
翀	chong	64
苒	ran	64
蛰	zhe	64
跷	qiao	64
陨	yun	64
颉	jie	64
鳝	shan	64
亘	gen	63
勐	meng	63
嗪	qin	63
琀	han	63
缔	di	63
翌	yi	63
耨	nou	63
胫	jing	63
蘑	mo	63
鸳	yuan	63
圩	wei	62
堇	jin	62
夙	su	62
恣	zi	62
槎	cha	62
泌	mi	62
砺	li	62
竣	jun	62
羁	ji	62
耽	dan	62
荧	ying	62
葳	wei	62
衾	qin	62
谯	qiao	62
辐	fu	62
邈	miao	62
颞	nie	62
骸	hai	62
俘	fu	61
冽	lie	61
忿	fen	61
惶	huang	61
拄	zhu	61
掣	che	61
棹	zhao	61
椴	duan	61
瀹	yue	61
焗	ju	61
熠	yi	61
琬	wan	61
睐	lai	61
砾	li	61
祆	xian	61
臊	sao	61
蘼	mi	61
蛛	zhu	61
赈	zhen	61
踝	huai	61
锉	cuo	61
镔	bin	61
咣	guang	60
塬	yuan	60
岷	min	60
嵘	rong	60
瓒	zan	60
篁	huang	60
耆	qi	60
芍	shao	60
蔑	mie	60
蚜	ya	60
蝗	huang	60
贿	hui	60
遏	e	60
钚	bu	60
铰	jiao	60
鳗	man	60
咻	xiu	59
娉	ping	59
彧	yu	59
慵	yong	59
昇	sheng	59
滗	bi	59
漩	xuan	59
琮	cong	59
祐	you	59
绉	zhou	59
缮	shan	59
羯	jie	59
舛	chuan	59
蘅	heng	59
跛	bo	59
颢	hao	59
鹫	jiu	59
屉	ti	58
殃	yang	58
殉	xun	58
浚	jun	58
狩	shou	58
猷	you	58
玟	wen	58
祷	dao	58
翳	yi	58
耦	ou	58
肴	yao	58
蛀	zhu	58
谧	mi	58
郅	zhi	58
銮	luan	58
锆	gao	58
锗	zhe	58
锟	kun	58
锴	kai	58
陛	bi	58
剿	jiao	57
啮	nie	57
奠	dian	57
姘	pin	57
孺	ru	57
恙	yang	57
愕	e	57
椽	chuan	57
浏	liu	57
漓	li	57
璨	can	57
痿	wei	57
蝠	fu	57
谙	an	57
谤	bang	57
趑	zi	57
镛	yong	57
俸	feng	56
倌	guan	56
匈	xiong	56
哽	geng	56
噙	qin	56
囔	nang	56
壅	yong	56
惰	duo	56
慑	she	56
摒	bing	56
斛	hu	56
浠	xi	56
煸	bian	56
翩	pian	56
谰	lan	56
郜	gao	56
闾	lv	56
隽	juan	56
韭	jiu	56
骋	cheng	56
黍	shu	56
嗽	sou	55
峭	qiao	55
怵	chu	55
桅	wei	55
殁	mo	55
牒	die	55
狡	jiao	55
瑙	nao	55
盂	yu	55
硌	ge	55
箔	bo	55
粲	can	55
胧	long	55
芡	qian	55
蒯	kuai	55
贲	ben	55
跤	jiao	55
迄	qi	55
媳	xi	54
寥	liao	54
弁	bian	54
怅	chang	54
悖	bei	54
槿	jin	54
溏	tang	54
瑄	xuan	54
瞽	gu	54
箴	zhen	54
藜	li	54
辕	yuan	54
酪	lao	54
钕	nv	54
镬	huo	54
佗	tuo	53
吒	zha	53
哮	xiao	53
啉	lin	53
嗫	nie	53
宥	you	53
恹	yan	53
愀	qiao	53
拇	mu	53
桉	an	53
桡	rao	53
瓯	ou	53
疵	ci	53
睢	sui	53
蔼	ai	53
蚤	zao	53
讵	ju	53
阖	he	53
龛	kan	53
仞	ren	52
墒	shang	52
嫉	ji	52
寞	mo	52
峙	zhi	52
攘	rang	52
楹	ying	52
渎	du	52
熨	yun	52
绶	shou	52
耙	ba	52
腱	jian	52
膀	bang	52
螟	ming	52
谚	yan	52
蹋	ta	52
阕	que	52
髂	qia	52
鹆	yu	52
嗤	chi	51
噘	jue	51
埂	geng	51
妲	da	51
幌	huang	51
棰	chui	51
澧	li	51
矗	chu	51
缃	xiang	51
腋	ye	51
莆	pu	51
蓑	suo	51
藐	miao	51
蜇	zhe	51
谪	zhe	51
跖	zhi	51
踞	ju	51
锹	qiao	51
阐	chan	51
哓	xiao	50
忞	min	50
悯	min	50
檫	cha	50
氡	dong	50
泅	qiu	50
涣	huan	50
渲	xuan	50
滟	yan	50
痈	yong	50
粕	po	50
绎	yi	50
缙	jin	50
蜒	yan	50
谴	qian	50
迂	yu	50
遽	ju	50
镂	lou	50
镯	zhuo	50
傣	dai	49
兢	jing	49
刈	yi	49
拯	zheng	49
欤	yu	49
沤	ou	49
燊	shen	49
窒	zhi	49
箸	zhu	49
粑	ba	49
绦	tao	49
苄	bian	49
蓼	liao	49
蕨	jue	49
觑	qu	49
辔	pei	49
钎	qian	49
镰	lian	49
雒	luo	49
伫	zhu	48
佃	dian	48
啶	ding	48
垚	yao	48
奂	huan	48
娲	wa	48
崧	song	48
庾	yu	48
怛	da	48
氖	nai	48
汊	cha	48
沮	ju	48
泷	long	48
璀	cui	48
璎	ying	48
癞	lai	48
绀	gan	48
蔻	kou	48
跚	shan	48
锶	si	48
镗	tang	48
骰	tou	48
髁	ke	48
傩	nuo	47
圻	qi	47
晌	shang	47
泮	pan	47
泸	lu	47
湜	shi	47
濒	bin	47
珪	gui	47
甯	ning	47
祉	zhi	47
稷	ji	47
茴	hui	47
荇	xing	47
荜	bi	47
钯	ba	47
钽	tan	47
隧	sui	47
馁	nei	47
馕	nang	47
垃	la	46
嫦	chang	46
忏	chan	46
揆	kui	46
杈	cha	46
栩	xu	46
椤	luo	46
橹	lu	46
滘	jiao	46
璁	cong	46
疙	ge	46
祜	hu	46
纣	zhou	46
腓	fei	46
腴	yu	46
蟀	shuai	46
诠	quan	46
邰	tai	46
霈	pei	46
侮	wu	45
僦	jiu	45
刍	chu	45
嚯	huo	45
嵇	ji	45
徊	huai	45
扪	men	45
橇	qiao	45
汴	bian	45
琇	xiu	45
琶	pa	45
盎	ang	45
睨	ni	45
缉	ji	45
誊	teng	45
谮	zen	45
赭	zhe	45
邺	ye	45
髋	kuan	45
佸	huo	44
侗	dong	44
倏	shu	44
劭	shao	44
匮	kui	44
嶂	zhang	44
彗	hui	44
忖	cun	44
暝	ming	44
氐	di	44
琥	hu	44
皑	ai	44
砧	zhen	44
翱	ao	44
腩	nan	44
腭	e	44
轲	ke	44
铊	ta	44
铌	ni	44
铡	zha	44
韫	yun	44
驽	nu	44
嘁	qi	43
埭	dai	43
妊	ren	43
娆	rao	43
惺	xing	43
愠	yun	43
枳	zhi	43
浔	xun	43
湍	tuan	43
祟	sui	43
缈	miao	43
羔	gao	43
膻	shan	43
芠	wen	43
莅	li	43
螭	chi	43
讫	qi	43
踵	zhong	43
酋	qiu	43
钏	chuan	43
铋	bi	43
驷	si	43
冗	rong	42
呶	nao	42
哞	mou	42
帏	wei	42
昴	mao	42
畈	fan	42
碇	ding	42
肱	gong	42
膺	ying	42
苕	shao	42
虬	qiu	42
诒	yi	42
诧	cha	42
醌	kun	42
铖	cheng	42
锷	e	42
鲫	ji	42
乒	ping	41
亟	ji	41
俎	zu	41
匕	bi	41
奄	yan	41
妫	gui	41
恽	yun	41
撷	xie	41
桁	heng	41
濞	bi	41
炀	yang	41
皙	xi	41
莜	you	41
菀	wan	41
菩	pu	41
蔸	dou	41
谶	chen	41
辍	chuo	41
阈	yu	41
魇	yan	41
俨	yan	40
僖	xi	40
堑	qian	40
婊	biao	40
惕	ti	40
揸	zha	40
猩	xing	40
础	chu	40
磋	cuo	40
胄	zhou	40
芩	qin	40
苡	yi	40
葶	ting	40
衿	jin	40
蹩	bie	40
蹴	cu	40
迳	jing	40
凫	fu	39
匆	cong	39
喋	die	39
垠	yin	39
垭	ya	39
掸	dan	39
斫	zhuo	39
晞	xi	39
殒	yun	39
殓	lian	39
毂	gu	39
炝	qiang	39
碌	lu	39
禺	yu	39
稗	bai	39
窿	long	39
轸	zhen	39
遒	qiu	39
邕	yong	39
郗	xi	39
铟	yin	39
镱	yi	39
陂	bei	39
颀	qi	39
骈	pian	39
偌	ruo	38
嘹	liao	38
噫	yi	38
徇	xun	38
忝	tian	38
忤	wu	38
洱	er	38
潍	wei	38
稔	ren	38
箬	ruo	38
羸	lei	38
裾	ju	38
诽	fei	38
譬	pi	38
酵	jiao	38
鞅	yang	38
馔	zhuan	38
骠	biao	38
佺	quan	37
僭	jian	37
坍	tan	37
埙	xun	37
妩	wu	37
恸	tong	37
挞	ta	37
涸	he	37
淖	nao	37
澹	dan	37
爰	yuan	37
猝	cu	37
瑗	yuan	37
矬	cuo	37
纾	shu	37
肟	wo	37
荞	qiao	37
萜	tie	37
蠹	du	37
诤	zheng	37
诳	kuang	37
轼	shi	37
锵	qiang	37
鬟	huan	37
厩	jiu	36
啾	jiu	36
喹	kui	36
墉	yong	36
悸	ji	36
慷	kang	36
斡	wo	36
旄	mao	36
柘	zhe	36
梆	bang	36
氩	ya	36
珥	er	36
甑	zeng	36
祼	guan	36
脘	wan	36
葩	pa	36
藓	xian	36
虢	guo	36
褥	ru	36
訾	zi	36
铑	lao	36
阡	qian	36
俚	li	35
哂	shen	35
哐	kuang	35
哔	bi	35
噼	pi	35
姹	cha	35
徕	lai	35
憩	qi	35
挹	yi	35
攫	jue	35
椋	liang	35
榫	sun	35
樾	yue	35
殡	bin	35
氛	fen	35
泱	yang	35
洮	tao	35
漉	lu	35
烬	jin	35
煅	duan	35
狎	xia	35
獾	huan	35
璘	lin	35
畲	she	35
痫	xian	35
皤	po	35
羧	suo	35
覃	tan	35
醯	xi	35
铳	chong	35
雹	bao	35
靥	ye	35
鲛	jiao	35
倬	zhuo	34
儋	dan	34
嘭	peng	34
圪	ge	34
圮	pi	34
婺	wu	34
屾	shen	34
崛	jue	34
悭	qian	34
懦	nuo	34
擢	zhuo	34
枋	fang	34
椁	guo	34
榔	lang	34
洹	huan	34
涪	fu	34
爨	cuan	34
爪	zhao	34
痤	cuo	34
眦	zi	34
窸	xi	34
舐	shi	34
苻	fu	34
蜥	xi	34
豺	chai	34
邯	han	34
颏	ke	34
骧	xiang	34
佥	qian	33
侥	jiao	33
勖	xu	33
唵	an	33
帜	zhi	33
樯	qiang	33
汆	cuan	33
滁	chu	33
瘴	zhang	33
癜	dian	33
砬	la	33
祓	fu	33
篙	gao	33
纨	wan	33
缄	jian	33
缰	jiang	33
耒	lei	33
舂	chong	33
芃	peng	33
苴	ju	33
茑	niao	33
菂	di	33
菅	jian	33
菟	tu	33
蜿	wan	33
褰	qian	33
诌	zhou	33
诰	gao	33
谑	xue	33
谔	e	33
谝	pian	33
谲	jue	33
赉	lai	33
逻	luo	33
邋	la	33
酝	yun	33
鲷	diao	33
麝	she	33
凼	dang	32
垸	yuan	32
屐	ji	32
庹	tuo	32
彘	zhi	32
揶	ye	32
椐	ju	32
浒	hu	32
溧	li	32
滂	pang	32
玑	ji	32
玳	dai	32
籁	lai	32
粳	jing	32
缶	fou	32
臆	yi	32
蚬	xian	32
蟠	pan	32
觋	xi	32
诩	xu	32
遨	ao	32
邃	sui	32
邛	qiong	32
铢	zhu	32
镌	juan	32
霰	xian	32
骢	cong	32
佤	wa	31
侈	chi	31
叵	po	31
恻	ce	31
惮	dan	31
搪	tang	31
杩	ma	31
栊	long	31
桧	gui	31
楸	qiu	31
涞	lai	31
湮	yan	31
潴	zhu	31
牝	pin	31
猥	wei	31
珐	fa	31
皴	cun	31
綦	qi	31
缭	liao	31
罹	li	31
胍	gua	31
芪	qi	31
菘	song	31
蚴	you	31
觐	jin	31
谳	yan	31
赂	lu	31
赍	ji	31
赡	shan	31
酊	ding	31
阱	jing	31
鹜	wu	31
亵	xie	30
佞	ning	30
偓	wo	30
嗬	he	30
妣	bi	30
姻	yin	30
娓	wei	30
帚	zhou	30
惘	wang	30
桠	ya	30
殚	dan	30
沓	da	30
浼	mei	30
渌	lu	30
滦	luan	30
炆	wen	30
煋	xing	30
瑀	yu	30
疚	jiu	30
痉	jing	30
碓	dui	30
笏	hu	30
籼	xian	30
绺	liu	30
绻	quan	30
缂	ke	30
肼	jing	30
腈	jing	30
莒	ju	30
菠	bo	30
蓦	mo	30
蕈	xun	30
薨	hong	30
蘖	nie	30
蚧	jie	30
蜈	wu	30
蟆	ma	30
蠡	li	30
豕	shi	30
酽	yan	30
铒	er	30
颧	quan	30
黢	qu	30
咛	ning	29
哧	chi	29
姒	si	29
婠	wan	29
嫒	ai	29
怆	chuang	29
憬	jing	29
掇	duo	29
搡	sang	29
旎	ni	29
旮	ga	29
昉	fang	29
殛	ji	29
洇	yin	29
淄	zi	29
淅	xi	29
湃	pai	29
溱	qin	29
爿	pan	29
琚	ju	29
瑨	jin	29
砜	feng	29
笈	ji	29
簟	dian	29
罄	qing	29
苌	chang	29
茱	zhu	29
莳	shi	29
薏	yi	29
觊	ji	29
讶	ya	29
蹑	nie	29
逯	lu	29
郾	yan	29
铄	shuo	29
铕	you	29
铧	hua	29
阗	tian	29
鲟	xun	29
仵	wu	28
剽	piao	28
哝	nong	28
唏	xi	28
啬	se	28
埸	yi	28
孛	bei	28
崮	gu	28
嶷	yi	28
戛	jia	28
潋	lian	28
燧	sui	28
狷	juan	28
瑚	hu	28
甾	zai	28
疃	tuan	28
瞑	ming	28
窠	ke	28
脯	pu	28
苫	shan	28
茆	mao	28
茔	ying	28
莘	shen	28
菏	he	28
萸	yu	28
蝌	ke	28
诹	zou	28
谩	man	28
蹶	jue	28
逑	qiu	28
钤	qian	28
镲	cha	28
镳	biao	28
阂	he	28
鲈	lu	28
鹞	yao	28
鼢	fen	28
亶	dan	27
侏	zhu	27
呖	li	27
唳	li	27
塍	cheng	27
屼	wu	27
岘	xian	27
徨	huang	27
搴	qian	27
杲	gao	27
椪	peng	27
沭	shu	27
洌	lie	27
睾	gao	27
瞰	kan	27
砭	bian	27
硎	xing	27
碉	diao	27
缜	zhen	27
胭	yan	27
腠	cou	27
菽	shu	27
萄	tao	27
蕤	rui	27
薜	bi	27
衮	gun	27
讦	jie	27
豸	zhi	27
趸	dun	27
迤	yi	27
郧	yun	27
鄄	juan	27
钿	dian	27
铍	pi	27
骛	wu	27
骜	ao	27
鲠	geng	27
鸩	zhen	27
鹂	li	27
麸	fu	27
黜	chu	27
呋	fu	26
嗥	hao	26
囤	dun	26
圯	yi	26
嫫	mo	26
嬛	huan	26
峒	dong	26
嵴	ji	26
幄	wo	26
弭	mi	26
徘	pai	26
恚	hui	26
悌	ti	26
惦	dian	26
戢	ji	26
扦	qian	26
掼	guan	26
楝	lian	26
楫	ji	26
楮	chu	26
橄	gan	26
湟	huang	26
焓	han	26
猗	yi	26
玷	dian	26
疽	ju	26
瘿	ying	26
磡	kan	26
莼	chun	26
蕞	zui	26
蝈	guo	26
蟑	zhang	26
蠕	ru	26
衲	na	26
觇	chan	26
诓	kuang	26
谀	yu	26
赳	jiu	26
醮	jiao	26
醴	li	26
铱	yi	26
镓	jia	26
馏	liu	26
馒	man	26
鹋	miao	26
麂	ji	26
乓	pang	25
亳	bo	25
墀	chi	25
幛	zhang	25
庑	wu	25
庖	pao	25
惇	dun	25
愍	min	25
擤	xing	25
斓	lan	25
枰	ping	25
槟	bin	25
檄	xi	25
沌	dun	25
泐	le	25
獭	ta	25
玎	ding	25
珣	xun	25
珲	hui	25
瑷	ai	25
疡	yang	25
眄	mian	25
瞋	chen	25
砥	di	25
硐	dong	25
秸	jie	25
紊	wen	25
缤	bin	25
缥	piao	25
翕	xi	25
翮	he	25
肓	huang	25
芗	xiang	25
茕	qiong	25
葫	hu	25
葺	qi	25
蚓	yin	25
蜓	ting	25
蝴	hu	25
螂	lang	25
讣	fu	25
豢	huan	25
赓	geng	25
蹰	chu	25
轭	e	25
逄	pang	25
邳	pi	25
铈	shi	25
镧	lan	25
雎	ju	25
骓	zhui	25
鬻	yu	25
鲧	gun	25
鸸	er	25
倜	ti	24
倮	luo	24
劼	jie	24
劾	he	24
呻	shen	24
哙	kuai	24
哚	duo	24
嫚	man	24
嫱	qiang	24
寤	wu	24
岬	jia	24
岿	kui	24
庠	xiang	24
徉	yang	24
恂	xun	24
恫	dong	24
悒	yi	24
悚	song	24
惋	wan	24
惬	qie	24
揿	qin	24
沔	mian	24
泫	xuan	24
洄	hui	24
瀵	fen	24
狞	ning	24
瑁	mao	24
痱	fei	24
绠	geng	24
缢	yi	24
耱	mo	24
脍	kuai	24
茁	zhuo	24
蒌	lou	24
蓁	zhen	24
薮	sou	24
蠲	juan	24
谄	chan	24
跻	ji	24
郯	tan	24
闳	hong	24
霹	pi	24
饬	chi	24
鲑	gui	24
冏	jiong	23
刳	ku	23
剀	kai	23
嗌	ai	23
怿	yi	23
抟	tuan	23
曩	nang	23
槊	shuo	23
橐	tuo	23
汜	si	23
洧	wei	23
涘	si	23
淙	cong	23
滃	weng	23
潢	huang	23
焐	wu	23
狈	bei	23
獠	liao	23
畹	wan	23
瞩	zhu	23
窣	su	23
竦	song	23
笆	ba	23
糍	ci	23
胳	ge	23
膦	lin	23
衅	xin	23
袒	tan	23
酞	tai	23
锲	qie	23
鎏	liu	23
饯	jian	23
饴	yi	23
驺	zou	23
鸬	lu	23
鼾	han	23
佶	ji	22
俦	chou	22
凇	song	22
刿	gui	22
啭	zhuan	22
嚅	ru	22
埵	duo	22
媪	ao	22
嵛	yu	22
廪	lin	22
挛	luan	22
旖	yi	22
桄	guang	22
氪	ke	22
涐	e	22
潺	chan	22
焜	kun	22
熘	liu	22
牯	gu	22
牺	xi	22
犇	ben	22
獐	zhang	22
玠	jie	22
琵	pi	22
瓠	hu	22
甥	sheng	22
疖	jie	22
痪	huan	22
眇	miao	22
砀	dang	22
筌	quan	22
篦	bi	22
篾	mie	22
簋	gui	22
缦	man	22
纛	dao	22
臌	gu	22
苋	xian	22
苧	ning	22
菰	gu	22
萁	qi	22
葑	feng	22
蒇	chan	22
蚂	ma	22
蜃	shen	22
襦	ru	22
迨	dai	22
酐	gan	22
醪	lao	22
镒	yi	22
闼	ta	22
陟	zhi	22
骟	shan	22
鲻	zi	22
麾	hui	22
黻	fu	22
鼐	nai	22
侔	mou	21
吽	hong	21
咀	ju	21
咫	zhi	21
喑	yin	21
垟	yang	21
婀	e	21
峁	mao	21
忉	dao	21
憭	liao	21
挝	wo	21
曷	he	21
枥	li	21
栉	zhi	21
栎	li	21
桎	zhi	21
桤	qi	21
樘	tang	21
滏	fu	21
滹	hu	21
烜	xuan	21
牍	du	21
瘙	sao	21
矸	gan	21
祇	qi	21
箧	qie	21
缬	xie	21
胗	zhen	21
苎	zhu	21
荏	ren	21
薅	hao	21
蛴	qi	21
蝽	chun	21
袢	pan	21
谠	dang	21
踊	yong	21
钹	bo	21
镝	di	21
镫	deng	21
顼	xu	21
鲢	lian	21
鳐	yao	21
鹄	gu	21
鼋	yuan	21
龌	wo	21
儆	jing	20
卮	zhi	20
厣	yan	20
呓	yi	20
咆	pao	20
咐	fu	20
咤	zha	20
圾	ji	20
坭	ni	20
垡	fa	20
埕	cheng	20
夐	xiong	20
娈	luan	20
媾	gou	20
嫪	lao	20
孪	luan	20
徂	cu	20
徼	jiao	20
怙	hu	20
惚	hu	20
愫	su	20
拊	fu	20
柞	zha	20
柰	nai	20
棂	ling	20
毐	ai	20
氘	dao	20
氲	yun	20
汔	qi	20
洺	ming	20
淝	fei	20
溷	hun	20
滓	zi	20
炷	zhu	20
琯	guan	20
瑭	tang	20
璠	fan	20
盱	xu	20
眭	sui	20
穰	rang	20
窈	yao	20
笳	jia	20
糅	rou	20
罘	fu	20
脩	xiu	20
芈	mi	20
芣	fu	20
芫	yan	20
蕲	qi	20
蛎	li	20
蛩	qiong	20
觌	di	20
觥	gong	20
赙	fu	20
踌	chou	20
蹼	pu	20
辗	nian	20
邴	bing	20
邾	zhu	20
鄱	po	20
铪	ha	20
铯	se	20
锏	jian	20
闩	shuan	20
阒	qu	20
霪	yin	20
鞑	da	20
鬣	lie	20
鹳	guan	20
佽	ci	19
兖	yan	19
卣	you	19
嗵	tong	19
垩	e	19
奁	lian	19
妗	jin	19
崒	zu	19
帼	guo	19
彖	tuan	19
怃	wu	19
怄	ou	19
戣	kui	19
抉	jue	19
挈	qie	19
旃	zhan	19
昝	zan	19
栝	gua	19
殄	tian	19
殳	shu	19
溉	gai	19
熜	cong	19
猾	hua	19
疥	jie	19
碛	qi	19
笞	chi	19
箪	dan	19
篪	chi	19
簸	bo	19
纫	ren	19
缗	min	19
耋	die	19
耧	lou	19
耷	da	19
肪	fang	19
胬	nu	19
胱	guang	19
腆	tian	19
腙	zong	19
苜	mu	19
蓥	ying	19
蘩	fan	19
蜱	pi	19
蝾	rong	19
觎	yu	19
诅	zu	19
赁	lin	19
赅	gai	19
躔	chan	19
郏	jia	19
酹	lei	19
铗	jia	19
霎	sha	19
饕	tao	19
骝	liu	19
髦	mao	19
鲇	nian	19
鲵	ni	19
鳅	qiu	19
鳓	le	19
鳙	yong	19
鹑	chun	19
佼	jiao	18
儇	xuan	18
吩	fen	18
咙	long	18
嚄	huo	18
坼	che	18
嬬	ru	18
孖	ma	18
嵬	wei	18
帙	zhi	18
彷	pang	18
憧	chong	18
懊	ao	18
捩	lie	18
掾	yuan	18
摈	bin	18
杓	biao	18
楦	xuan	18
槲	hu	18
歙	she	18
氚	chuan	18
汨	mi	18
涿	zhuo	18
濋	chu	18
燚	yi	18
牖	you	18
猖	chang	18
玦	jue	18
瘠	ji	18
碣	jie	18
禳	rang	18
稣	su	18
笫	zi	18
笄	ji	18
筮	shi	18
粼	lin	18
绌	chu	18
绱	shang	18
缟	gao	18
翥	zhu	18
耄	mao	18
耜	si	18
聃	dan	18
蛭	zhi	18
蜚	fei	18
讪	shan	18
讴	ou	18
诔	lei	18
诟	gou	18
貉	hao	18
蹊	qi	18
锔	ju	18
镣	liao	18
颔	han	18
魉	liang	18
鲆	ping	18
鸯	yang	18
鹚	ci	18
黼	fu	18
黾	min	18
龊	chuo	18
仃	ding	17
傕	jue	17
僮	tong	17
剞	ji	17
嚭	pi	17
墘	qian	17
娌	li	17
嬿	yan	17
岜	ba	17
峄	yi	17
崭	zhan	17
弢	tao	17
忸	niu	17
悃	kun	17
悴	cui	17
戗	qiang	17
暹	xian	17
栲	kao	17
桕	jiu	17
椭	tuo	17
槁	gao	17
洑	fu	17
洳	ru	17
瓴	ling	17
痼	gu	17
瘁	cui	17
眍	kou	17
竽	yu	17
笥	si	17
笪	da	17
箨	tuo	17
篌	hou	17
绔	ku	17
罴	pi	17
舄	xi	17
茏	long	17
藁	gao	17
蚩	chi	17
衽	ren	17
褟	ta	17
谖	xuan	17
贽	zhi	17
赜	ze	17
赝	yan	17
趔	lie	17
轫	ren	17
迢	tiao	17
逋	bu	17
邂	xie	17
邗	han	17
郄	qie	17
鄞	yin	17
醺	xun	17
钇	yi	17
鋆	yun	17
錾	zan	17
锨	xian	17
镞	zu	17
陲	chui	17
隹	zhui	17
骺	hou	17
鱿	you	17
鲎	hou	17
鸵	tuo	17
鹗	e	17
鹬	yu	17
黝	you	17
伈	xin	16
俳	pai	16
倨	ju	16
勰	xie	16
匐	fu	16
呙	guo	16
咄	duo	16
圉	yu	16
垆	lu	16
埝	nian	16
姮	heng	16
岢	ke	16
徜	chang	16
忮	zhi	16
怩	ni	16
怼	dui	16
戕	qiang	16
戡	kan	16
扃	jiong	16
捃	jun	16
杼	zhu	16
欸	ai	16
洎	ji	16
洚	jiang	16
漈	ji	16
炅	jiong	16
煳	hu	16
犍	jian	16
珙	gong	16
瓘	guan	16
町	ting	16
纡	yu	16
绂	fu	16
绋	fu	16
罂	ying	16
翟	di	16
肫	zhun	16
芨	ji	16
苣	ju	16
茭	jiao	16
荩	jin	16
荭	hong	16
蒉	kui	16
蘧	qu	16
蛔	hui	16
蜩	tiao	16
蟮	shan	16
蠃	luo	16
衄	nv	16
衩	cha	16
詈	li	16
诂	gu	16
谡	su	16
豨	xi	16
赧	nan	16
邨	cun	16
郇	huan	16
鄣	zhang	16
醅	pei	16
钍	tu	16
镪	qiang	16
阆	lang	16
隈	wei	16
隳	hui	16
鹾	cuo	16
黥	qing	16
佻	tiao	15
侪	chai	15
僳	su	15
兕	si	15
嘧	mi	15
圬	wu	15
屣	xi	15
廋	sou	15
徭	yao	15
戬	jian	15
拶	za	15
摭	zhi	15
柁	duo	15
柝	tuo	15
槭	qi	15
樗	chu	15
溻	ta	15
猡	luo	15
玢	bin	15
璈	ao	15
璩	qu	15
疬	li	15
疳	gan	15
瘗	yi	15
皈	gui	15
磴	deng	15
粿	guo	15
绁	xie	15
绐	dai	15
绗	hang	15
繇	yao	15
缯	zeng	15
肮	ang	15
膑	bin	15
芾	fei	15
茀	fu	15
葙	xiang	15
蓍	shi	15
蔟	cu	15
薹	tai	15
虻	meng	15
蚶	han	15
蛏	cheng	15
蝮	fu	15
裟	sha	15
褛	lv	15
诋	di	15
貅	xiu	15
蹂	rou	15
蹉	cuo	15
逶	wei	15
遢	ta	15
钋	po	15
钌	liao	15
铙	nao	15
铥	diu	15
铼	lai	15
锇	e	15
鏊	ao	15
阊	chang	15
陬	zou	15
鞣	rou	15
顸	han	15
飧	sun	15
馄	hun	15
骖	can	15
魃	ba	15
鹦	ying	15
黠	xia	15
龇	zi	15
龠	yue	15
伥	chang	14
伲	ni	14
侂	tuo	14
俣	yu	14
俶	chu	14
僰	bo	14
刭	jing	14
匦	gui	14
厍	she	14
囟	xin	14
埇	yong	14
妪	yu	14
嵋	mei	14
幢	chuang	14
忑	te	14
忡	chong	14
悢	liang	14
愔	yin	14
掭	tian	14
擞	sou	14
晷	gui	14
杪	miao	14
柢	di	14
柩	jiu	14
榷	que	14
殂	cu	14
殍	piao	14
殪	yi	14
氆	pu	14
氇	lu	14
涑	su	14
溦	wei	14
潆	ying	14
牦	mao	14
狒	fei	14
甪	lu	14
痊	quan	14
瘩	da	14
瞠	cheng	14
碜	chen	14
碲	di	14
磔	zhe	14
秫	shu	14
篝	gou	14
罅	xia	14
脒	mi	14
艏	shou	14
茌	chi	14
莠	you	14
蒹	jian	14
蓖	bi	14
蓠	li	14
蝼	lou	14
谫	jian	14
豳	bin	14
貘	mo	14
趿	ta	14
逅	hou	14
逦	li	14
郓	yun	14
酎	zhou	14
酩	ming	14
钣	ban	14
铘	ye	14
闱	wei	14
驸	fu	14
髡	kun	14
鬘	man	14
鲳	chang	14
鳎	ta	14
鸱	chi	14
鹈	ti	14
麋	mi	14
伉	kang	13
伾	pi	13
佾	yi	13
倥	kong	13
偁	cheng	13
呔	dai	13
咴	hui	13
嘌	piao	13
囱	cong	13
垏	lv	13
妯	zhou	13
嬖	bi	13
尴	gan	13
庥	xiu	13
彀	gou	13
慝	te	13
憔	qiao	13
抔	pou	13
拮	jie	13
攽	ban	13
旒	liu	13
曌	zhao	13
曛	xun	13
枸	gou	13
柊	zhong	13
栅	zha	13
楂	zha	13
檩	lin	13
氤	yin	13
沩	wei	13
湔	jian	13
湫	jiao	13
溲	sou	13
犷	guang	13
瘃	zhu	13
瘕	jia	13
瘢	ban	13
盍	he	13
眈	dan	13
碚	bei	13
簌	su	13
粞	xi	13
纭	yun	13
缡	li	13
胝	zhi	13
胴	dong	13
腼	mian	13
舻	lu	13
芰	ji	13
茚	yin	13
萩	qiu	13
葸	xi	13
虺	hui	13
袪	qu	13
觏	gou	13
觚	gu	13
诜	shen	13
谵	zhan	13
貊	mo	13
跄	qiang	13
跗	fu	13
躞	xie	13
遄	chuan	13
酆	feng	13
锢	gu	13
镄	fei	13
镊	nie	13
隰	xi	13
雩	yu	13
靓	jing	13
韪	wei	13
颟	man	13
飑	biao	13
饔	yong	13
骘	zhi	13
髀	bi	13
髌	bin	13
髭	zi	13
鬲	ge	13
魈	xiao	13
鲋	fu	13
鳕	xue	13
伺	ci	12
倓	tan	12
傥	tang	12
刖	yue	12
匏	pao	12
嚆	hao	12
坜	li	12
坩	gan	12
垓	gai	12
垴	nao	12
堞	die	12
娩	mian	12
媲	pi	12
孀	shuang	12
屦	ju	12
岣	gou	12
嵊	sheng	12
廛	chan	12
廨	xie	12
懔	lin	12
捭	bai	12
旆	pei	12
暾	tun	12
杷	pa	12
枧	jian	12
桴	fu	12
毖	bi	12
氅	chang	12
汩	gu	12
汹	xiong	12
浈	zhen	12
浯	wu	12
淆	xiao	12
溽	ru	12
炘	xin	12
烊	yang	12
燔	fan	12
狍	pao	12
猊	ni	12
猬	wei	12
猺	yao	12
獬	xie	12
璺	wen	12
甦	su	12
畋	tian	12
痦	wu	12
癍	ban	12
瞭	liao	12
礴	bo	12
秣	mo	12
箜	kong	12
篑	kui	12
篚	fei	12
缣	jian	12
耩	jiang	12
聩	kui	12
苤	pie	12
莨	lang	12
薤	xie	12
蛄	gu	12
蛉	ling	12
蜞	qi	12
蝰	kui	12
蠊	lian	12
谆	zhun	12
赀	zi	12
趱	zan	12
跆	tai	12
踅	xue	12
躇	chu	12
辂	lu	12
遴	lin	12
醍	ti	12
钪	kang	12
钭	tou	12
钲	zheng	12
鞨	he	12
颛	zhuan	12
馗	kui	12
鲂	fang	12
鳏	guan	12
鹪	jiao	12
鼯	wu	12
乩	ji	11
俅	qiu	11
劓	yi	11
嗍	suo	11
嘤	ying	11
噍	jiao	11
噱	jue	11
嚏	ti	11
囵	lun	11
垌	dong	11
埘	shi	11
堋	peng	11
奭	shi	11
嬗	shan	11
屺	qi	11
峤	jiao	11
崂	lao	11
崆	kong	11
崦	yan	11
崾	yao	11
嶙	lin	11
忪	song	11
怍	zuo	11
悫	que	11
悱	fei	11
戽	hu	11
掊	pou	11
掎	ji	11
枞	cong	11
橛	jue	11
沆	hang	11
泺	luo	11
泚	ci	11
洸	guang	11
湣	min	11
灈	qu	11
猱	nao	11
玹	xuan	11
琊	ya	11
眚	sheng	11
矧	shen	11
砻	long	11
礅	dun	11
秕	bi	11
穑	se	11
窕	tiao	11
竑	hong	11
籴	di	11
缑	gou	11
缛	ru	11
耔	zi	11
胪	lu	11
臃	yong	11
芴	wu	11
茯	fu	11
蒈	kai	11
蓐	ru	11
藿	huo	11
蜘	zhi	11
袱	fu	11
裥	jian	11
褊	bian	11
訇	hong	11
诎	qu	11
趺	fu	11
轱	gu	11
郃	he	11
醢	hai	11
钬	huo	11
铷	ru	11
镨	pu	11
陔	gai	11
隍	huang	11
雠	chou	11
鞯	jian	11
饩	xi	11
餮	tie	11
馐	xiu	11
骷	ku	11
鼍	tuo	11
鼙	pi	11
仳	pi	10
侁	shen	10
偬	zong	10
偲	cai	10
儳	chan	10
剡	shan	10
唁	yan	10
啜	chuai	10
啻	chi	10
喟	kui	10
嗐	hai	10
囹	ling	10
埌	lang	10
埒	lie	10
夼	kuang	10
媱	yao	10
媵	ying	10
巯	qiu	10
幞	fu	10
庤	zhi	10
弶	jiang	10
怦	peng	10
悛	quan	10
惆	chou	10
愆	qian	10
愦	kui	10
搠	shuo	10
撄	ying	10
擐	huan	10
敫	jiao	10
晫	zhuo	10
椟	du	10
榈	lv	10
榧	fei	10
槃	pan	10
橼	yuan	10
殣	jin	10
浥	yi	10
淠	pi	10
湴	ban	10
犰	qiu	10
甍	meng	10
痍	yi	10
瘰	luo	10
矍	jue	10
硖	xia	10
禤	xuan	10
稹	zhen	10
粜	tiao	10
缱	qian	10
缳	huan	10
缵	zuan	10
耥	tang	10
臬	nie	10
舣	yi	10
苁	cong	10
苈	li	10
苾	bi	10
荦	luo	10
莸	you	10
蕗	lu	10
蚺	ran	10
螅	xi	10
螵	piao	10
蠓	meng	10
诮	qiao	10
豇	jiang	10
赕	dan	10
赟	yun	10
跎	tuo	10
跣	xian	10
跹	xian	10
踺	jian	10
躅	zhu	10
辘	lu	10
辚	lin	10
逖	ti	10
遑	huang	10
遘	gou	10
郤	xi	10
酃	ling	10
镦	dui	10
闶	kang	10
阃	kun	10
阄	jiu	10
阍	hun	10
雳	li	10
骼	ge	10
魍	wang	10
鲽	die	10
鸨	bao	10
鸷	zhi	10
齑	ji	10
侉	kua	9
偰	xie	9
偾	fen	9
傒	xi	9
僬	jiao	9
匍	pu	9
唿	hu	9
圜	huan	9
夥	huo	9
婪	lan	9
嫄	yuan	9
孱	can	9
峋	xun	9
崀	lang	9
恿	yong	9
悆	yu	9
悻	xing	9
惴	zhui	9
抨	peng	9
搐	chu	9
柙	xia	9
榉	ju	9
榖	gu	9
檠	qing	9
氍	qu	9
氙	xian	9
泔	gan	9
泞	ning	9
湓	pen	9
濉	sui	9
瀣	xie	9
煟	wei	9
犒	kao	9
狰	zheng	9
狳	yu	9
琤	cheng	9
甓	pi	9
畚	ben	9
疔	ding	9
疠	li	9
瞌	ke	9
瞢	meng	9
砟	zha	9
礞	meng	9
窨	xun	9
笕	jian	9
筘	kou	9
纥	ge	9
絷	zhi	9
绨	ti	9
罾	zeng	9
羼	chan	9
耠	huo	9
胂	shen	9
舾	xi	9
艉	wei	9
艋	meng	9
艿	nai	9
芏	du	9
茼	tong	9
莛	ting	9
菖	chang	9
萋	qi	9
蕖	qu	9
蚋	rui	9
蚰	you	9
螃	pang	9
螬	cao	9
螳	tang	9
蟋	xi	9
裎	cheng	9
褡	da	9
襞	bi	9
觯	zhi	9
觳	hu	9
诙	hui	9
謇	jian	9
踉	liang	9
轵	zhi	9
迺	nai	9
酗	xu	9
酡	tuo	9
酤	gu	9
铞	diao	9
铴	tang	9
鋈	wu	9
镆	mo	9
镏	liu	9
阌	wen	9
陉	xing	9
靼	da	9
飓	ju	9
饨	tun	9
餍	yan	9
魑	chi	9
鲞	xiang	9
鲼	fen	9
鳢	li	9
鸫	dong	9
麈	zhu	9
黟	yi	9
龅	bao	9
仉	zhang	8
伋	ji	8
俵	biao	8
傧	bin	8
勍	qing	8
吲	yin	8
呣	m	8
咝	si	8
嗉	su	8
垵	an	8
埚	guo	8
埼	qi	8
埽	sao	8
堍	tu	8
堙	yin	8
堠	hou	8
墁	man	8
姤	gou	8
姽	gui	8
媸	chi	8
孥	nu	8
孳	zi	8
宬	cheng	8
尥	liao	8
岌	ji	8
嵎	yu	8
嵯	cuo	8
庋	gui	8
忾	kai	8
悝	kui	8
惔	tan	8
慊	qian	8
懑	men	8
搛	jian	8
摽	biao	8
撺	cuan	8
旯	la	8
旸	yang	8
晢	zhe	8
曈	tong	8
枇	pi	8
柃	ling	8
柽	cheng	8
栌	lu	8
栻	shi	8
棐	fei	8
棻	fen	8
毳	cui	8
浃	jia	8
浞	zhuo	8
涠	wei	8
涫	guan	8
淏	hao	8
湉	tian	8
滆	ge	8
滠	she	8
漭	mang	8
燠	yu	8
牮	jian	8
猁	li	8
玡	ya	8
珧	yao	8
瓿	bu	8
畤	zhi	8
疴	ke	8
痄	zha	8
瘌	la	8
瘳	chou	8
癔	yi	8
睚	ya	8
睽	kui	8
砒	pi	8
禊	xi	8
稞	ke	8
穸	xi	8
笾	bian	8
箅	bi	8
籀	zhou	8
糁	san	8
绲	gun	8
縻	mi	8
缫	sao	8
罟	gu	8
罽	ji	8
翾	xuan	8
肄	yi	8
舲	ling	8
芑	qi	8
芟	shan	8
芤	kou	8
茳	jiang	8
荛	rao	8
蓊	weng	8
蔌	su	8
虮	ji	8
虿	chai	8
蚱	zha	8
蛘	yang	8
蛸	shao	8
蝻	nan	8
螋	sou	8
袤	mao	8
裉	ken	8
裨	bi	8
褫	chi	8
褴	lan	8
豌	wan	8
趄	ju	8
跂	qi	8
蹚	tang	8
郐	kuai	8
鄜	fu	8
钆	ga	8
锃	zeng	8
镢	jue	8
阋	xi	8
靺	mo	8
飕	sou	8
驵	zang	8
鬈	quan	8
鬯	chang	8
鳔	biao	8
黹	zhi	8
龆	tiao	8
仫	mu	7
佖	bi	7
佝	gou	7
偻	lou	7
傺	chi	7
儡	lei	7
劬	qu	7
啕	tao	7
嚓	ca	7
囷	qun	7
圄	yu	7
圊	qing	7
坫	dian	7
垕	hou	7
垤	die	7
垧	shang	7
埴	zhi	7
堉	yu	7
塄	leng	7
墼	ji	7
姞	ji	7
媄	mei	7
崟	yin	7
帑	tang	7
帻	ze	7
廒	ao	7
弸	peng	7
忭	bian	7
怏	yang	7
憷	chu	7
掮	qian	7
揄	yu	7
攮	nang	7
昃	ze	7
昺	bing	7
朐	qu	7
枨	cheng	7
栳	lao	7
桫	suo	7
桷	jue	7
棬	quan	7
楗	jian	7
樨	xi	7
櫆	kui	7
毽	jian	7
沚	zhi	7
洘	kao	7
洿	wu	7
浡	bo	7
渫	xie	7
渼	mei	7
溘	ke	7
澂	cheng	7
澌	si	7
炻	shi	7
烝	zheng	7
煺	tui	7
狃	niu	7
狺	yin	7
獗	jue	7
獯	xun	7
疸	dan	7
瘛	chi	7
盥	guan	7
矞	yu	7
砑	ya	7
秭	zi	7
稃	fu	7
窅	yao	7
筢	pa	7
篼	dou	7
纰	pi	7
缌	si	7
缧	lei	7
胛	jia	7
芄	wan	7
苊	e	7
荠	ji	7
荬	mai	7
莴	wo	7
菥	xi	7
葚	ren	7
葜	qia	7
蒎	pai	7
蒨	qian	7
虓	xiao	7
蚪	dou	7
蜴	yi	7
蜻	qing	7
螈	yuan	7
螫	shi	7
蟪	hui	7
襻	pan	7
诨	hun	7
诿	wei	7
贶	kuang	7
趼	jian	7
跸	bi	7
躜	zuan	7
辎	zi	7
遹	yu	7
邙	mang	7
郫	pi	7
郸	dan	7
鄯	shan	7
钐	shan	7
钫	fang	7
铩	sha	7
鍪	mou	7
鏖	ao	7
靬	qian	7
鞫	ju	7
颡	sang	7
馘	guo	7
骒	ke	7
髹	xiu	7
鲩	huan	7
鲴	gu	7
鲺	shi	7
鹇	xian	7
鹘	gu	7
鹣	jian	7
鹩	liao	7
黉	hong	7
黧	li	7
龉	yu	7
侘	cha	6
倻	ye	6
劁	qiao	6
劂	jue	6
卺	jin	6
吣	qin	6
喾	ku	6
囫	hu	6
坌	ben	6
坻	chi	6
垙	guang	6
垿	xu	6
奘	zang	6
妁	shuo	6
娠	shen	6
嫘	lei	6
嫭	hu	6
宄	gui	6
尜	ga	6
岽	dong	6
崃	lai	6
崤	xiao	6
崶	feng	6
嶝	deng	6
帔	pei	6
弇	yan	6
悰	cong	6
惛	hun	6
愎	bi	6
戥	deng	6
扆	yi	6
摅	shu	6
晡	bu	6
栴	zhan	6
桊	juan	6
棤	cuo	6
棼	fen	6
槠	zhu	6
橥	zhu	6
檗	bo	6
沄	yun	6
泖	mao	6
溆	xu	6
漤	lan	6
漯	luo	6
潲	shao	6
潸	shan	6
瀍	chan	6
烔	tong	6
狻	suan	6
瑢	rong	6
瑧	zhen	6
畛	zhen	6
疰	zhu	6
瘐	yu	6
盦	an	6
睃	suo	6
砝	fa	6
硗	qiao	6
磻	pan	6
禋	yin	6
秬	ju	6
窭	ju	6
窳	yu	6
笱	gou	6
筇	qiong	6
筚	bi	6
箢	yuan	6
粝	li	6
缒	zhui	6
罍	lei	6
罨	yan	6
羑	you	6
耖	chao	6
耢	lao	6
耪	pang	6
耵	ding	6
胼	pian	6
脬	pao	6
腧	shu	6
臾	yu	6
舁	yu	6
舴	ze	6
艽	jiao	6
茛	gen	6
荥	xing	6
莶	xian	6
菪	dang	6
萣	ding	6
蒴	shuo	6
蓿	xu	6
蕺	ji	6
蕻	hong	6
蛐	qu	6
蜢	meng	6
蜣	qiang	6
蟛	peng	6
蠖	huo	6
袈	jia	6
裒	pou	6
褓	bao	6
褕	yu	6
诖	gua	6
诼	zhuo	6
谇	sui	6
赇	qiu	6
踔	chuo	6
踣	bo	6
踯	zhi	6
蹒	pan	6
逡	qun	6
逭	huan	6
邠	bin	6
郛	fu	6
鄹	zou	6
酲	cheng	6
銎	qiong	6
锍	liu	6
锒	lang	6
锘	nuo	6
镥	lu	6
阼	zuo	6
陞	sheng	6
隗	kui	6
雱	pang	6
鞮	di	6
饪	ren	6
饫	yu	6
馑	jin	6
鲭	qing	6
鳟	zun	6
鸪	gu	6
鹕	hu	6
鹛	mei	6
黩	du	6
黪	can	6
鼹	yan	6
龃	ju	6
丏	mian	5
伧	cang	5
伭	xian	5
侹	ting	5
俟	qi	5
倧	zong	5
傃	su	5
剋	ke	5
哳	zha	5
哿	ge	5
唢	suo	5
嗾	sou	5
垲	kai	5
埆	que	5
埤	pi	5
堨	ye	5
墦	fan	5
夤	yin	5
娀	song	5
婞	xing	5
嫠	li	5
岈	ya	5
岖	qu	5
崌	ju	5
崞	guo	5
嵝	lou	5
嵫	zi	5
忐	tan	5
恝	jia	5
捽	zuo	5
搦	nuo	5
摛	chi	5
敉	mi	5
旰	gan	5
暲	zhang	5
朓	tiao	5
梏	gu	5
棨	qi	5
椹	shen	5
榇	chen	5
榱	cui	5
橦	tong	5
毵	san	5
毹	shu	5
浬	li	5
湎	mian	5
溍	jin	5
滉	huang	5
漶	huan	5
漷	huo	5
澥	xie	5
烀	hu	5
燏	yu	5
爇	ruo	5
牁	ke	5
牂	zang	5
狨	rong	5
狲	sun	5
猇	xiao	5
猰	ya	5
獍	jing	5
玕	gan	5
玘	qi	5
珋	liu	5
珛	xiu	5
珽	ting	5
珷	wu	5
瘊	hou	5
癃	long	5
皞	hao	5
眢	yuan	5
瞍	sou	5
砗	che	5
砘	dun	5
碹	xuan	5
礓	jiang	5
祧	tiao	5
禔	zhi	5
禚	zhuo	5
稑	lu	5
窬	yu	5
筅	xian	5
箖	lin	5
箦	ze	5
簏	lu	5
簠	fu	5
籥	yue	5
粢	zi	5
羰	tang	5
胙	zuo	5
脔	luan	5
脞	cuo	5
腽	wa	5
舳	zhu	5
艄	shao	5
艟	chong	5
艴	fu	5
苠	min	5
荽	sui	5
菔	fu	5
蚍	pi	5
蚣	gong	5
蚯	qiu	5
蛞	kuo	5
蛱	jia	5
蜊	li	5
蜮	yu	5
蝙	bian	5
螽	zhong	5
衃	pei	5
裢	lian	5
襁	qiang	5
跏	jia	5
踬	zhi	5
踽	ju	5
蹀	die	5
辏	cou	5
迓	ya	5
邶	bei	5
醵	ju	5
釐	li	5
铽	te	5
锞	ke	5
锱	zi	5
锸	cha	5
镘	man	5
镩	cuan	5
陴	pi	5
鞒	qiao	5
鞲	gou	5
饽	bo	5
馓	san	5
髅	lou	5
鲅	ba	5
鲐	tai	5
鲥	shi	5
鲮	ling	5
鳜	gui	5
鸲	qu	5
鸶	si	5
鸹	gua	5
鹨	liu	5
麹	qu	5
鼗	tao	5
鼩	qu	5
龀	chen	5
伛	yu	4
佁	yi	4
俍	liang	4
俜	ping	4
倞	jing	4
偡	zhan	4
偭	mian	4
僔	zun	4
刽	gui	4
劄	zha	4
劐	huo	4
虒	si	4
哃	tong	4
唣	zao	4
唼	sha	4
喤	huang	4
嘏	gu	4
堧	ruan	4
塱	lang	4
奡	ao	4
尪	wang	4
岵	hu	4
崁	kan	4
嶒	ceng	4
巉	chan	4
帡	ping	4
帨	shui	4
廑	jin	4
怫	fu	4
恧	nv	4
慬	qin	4
憙	xi	4
憺	dan	4
扺	zhi	4
捯	dao	4
掞	shan	4
揠	ya	4
攉	huo	4
敔	yu	4
斝	jia	4
晱	shan	4
暌	kui	4
杌	wu	4
枘	rui	4
枵	xiao	4
梣	cen	4
棫	yu	4
椎	chui	4
槔	gao	4
檎	qin	4
檞	jie	4
氾	fan	4
汧	qian	4
汭	rui	4
洨	xiao	4
涴	wo	4
淯	yu	4
渟	ting	4
溞	sao	4
潏	yu	4
潦	lao	4
澉	gan	4
澪	ling	4
瀼	rang	4
烺	lang	4
燹	xian	4
犏	pian	4
犴	an	4
犸	ma	4
狁	yun	4
猢	hu	4
猹	cha	4
珦	xiang	4
瑱	zhen	4
瓞	die	4
甏	beng	4
甡	shen	4
畯	jun	4
瘥	chai	4
瘵	zhai	4
癀	huang	4
皛	xiao	4
眙	yi	4
矻	ku	4
硭	mang	4
磙	gun	4
禒	xian	4
禘	di	4
笤	tiao	4
筥	ju	4
篥	li	4
簖	duan	4
簰	pai	4
糇	hou	4
纩	kuang	4
縠	hu	4
縢	teng	4
繄	yi	4
羝	di	4
翃	hong	4
聍	ning	4
肷	qian	4
胨	dong	4
胩	ka	4
胲	hai	4
脶	luo	4
膂	lv	4
舯	zhong	4
艚	cao	4
茈	ci	4
茺	chong	4
荖	lao	4
莰	kan	4
萆	bi	4
萑	huan	4
蒗	lang	4
蓰	xi	4
薷	ru	4
虼	ge	4
蚨	fu	4
蛲	nao	4
蛳	si	4
蜉	fu	4
蜾	guo	4
蝓	yu	4
蝤	qiu	4
螗	tang	4
蟊	mao	4
蠋	zhu	4
袗	zhen	4
袼	ge	4
裣	lian	4
襜	chan	4
觫	su	4
诘	ji	4
谿	xi	4
貔	pi	4
贳	shi	4
赆	jin	4
跽	ji	4
蹁	pian	4
蹯	fan	4
躏	lin	4
躐	lie	4
轳	lu	4
轹	li	4
辁	quan	4
辋	wang	4
迮	ze	4
邡	fang	4
邽	gui	4
郿	mei	4
酢	cu	4
醐	hu	4
醑	xu	4
钔	men	4
锖	qiang	4
锪	huo	4
锫	pei	4
锾	huan	4
镕	rong	4
霅	zha	4
骱	jie	4
髫	tiao	4
鬏	jiu	4
鲔	wei	4
鲕	er	4
鲚	ji	4
鲣	jian	4
鲦	tiao	4
鳊	bian	4
鹉	wu	4
鹌	an	4
鹎	bei	4
齁	hou	4
龈	ken	4
仡	ge	3
佴	er	3
俙	xi	3
僇	lu	3
冁	chan	3
剕	fei	3
匜	yi	3
匼	ke	3
啁	zhao	3
噀	xun	3
垞	cha	3
埯	an	3
塝	bang	3
墈	kan	3
墚	liang	3
墡	shan	3
墣	pu	3
姱	kua	3
嫽	liao	3
岠	ju	3
岍	qian	3
崚	leng	3
嶲	xi	3
廙	yi	3
怊	chao	3
慆	tao	3
慥	zao	3
扂	dian	3
抃	bian	3
挓	zha	3
搋	chuai	3
搌	zhan	3
擘	bai	3
斠	jiao	3
昳	die	3
枍	yi	3
柈	ban	3
椠	qian	3
楙	mao	3
楯	dun	3
榍	xie	3
檑	lei	3
歃	sha	3
泃	ju	3
洈	wei	3
洫	xu	3
洭	kuang	3
洴	ping	3
浭	geng	3
湑	xu	3
湲	yuan	3
滍	zhi	3
潽	pu	3
澼	pi	3
濩	huo	3
炟	da	3
炱	tai	3
焘	dao	3
煃	kui	3
煓	tuan	3
牚	cheng	3
牿	gu	3
犄	ji	3
狯	kuai	3
猕	mi	3
珰	dang	3
珹	cheng	3
琲	bei	3
璆	qiu	3
瓖	xiang	3
甗	yan	3
畎	quan	3
痃	xuan	3
瘅	dan	3
癯	qu	3
皦	jiao	3
皲	jun	3
盉	he	3
睥	pi	3
瞀	mao	3
砹	ai	3
硇	nao	3
祊	beng	3
祏	shi	3
祲	jin	3
稆	lv	3
稂	lang	3
稙	zhi	3
窀	zhun	3
笊	zhao	3
笸	po	3
簃	yi	3
糈	xu	3
糨	jiang	3
缪	mou	3
罱	lan	3
羖	gu	3
羕	yang	3
翯	he	3
聱	ao	3
肭	na	3
舢	shan	3
艨	meng	3
荑	ti	3
荨	xun	3
荸	bi	3
菉	lu	3
菼	tan	3
萏	dan	3
蒐	sou	3
蒡	bang	3
蒺	ji	3
蔹	lian	3
薸	piao	3
藟	lei	3
蛑	mou	3
蝣	you	3
蝥	mao	3
蠼	qu	3
裛	yi	3
裰	duo	3
褙	bei	3
觖	jue	3
讧	hong	3
趵	bao	3
踟	chi	3
辿	chan	3
迕	wu	3
邘	yu	3
鄠	hu	3
鄫	zeng	3
酴	tu	3
酺	pu	3
醭	bu	3
铹	lao	3
锎	kai	3
锓	qin	3
锩	juan	3
锬	tan	3
锼	sou	3
锿	ai	3
镅	mei	3
鐾	bei	3
靰	wu	3
鞡	la	3
鞴	bei	3
馇	cha	3
髑	du	3
鲒	jie	3
鲱	fei	3
鳘	min	3
鸺	xiu	3
鹁	bo	3
鹧	zhe	3
鹱	hu	3
麇	jun	3
鼷	xi	3
鼽	qiu	3
儦	biao	2
冱	hu	2
哢	long	2
唪	feng	2
喁	yong	2
嚚	yin	2
埏	shan	2
堌	gu	2
堎	leng	2
堽	gang	2
奓	zha	2
妘	yun	2
姈	ling	2
婌	shu	2
婍	qi	2
婘	quan	2
媓	huang	2
嫕	yi	2
嫜	zhang	2
宧	yi	2
岊	jie	2
崿	e	2
嶓	bo	2
幪	meng	2
庳	bi	2
弨	chao	2
徛	ji	2
忺	xian	2
惎	ji	2
惝	chang	2
戤	gai	2
掴	guai	2
揳	xie	2
摴	chu	2
撖	han	2
撙	zun	2
斶	chu	2
旐	zhao	2
旿	wu	2
昄	ban	2
晪	tian	2
朏	fei	2
杙	yi	2
枲	xi	2
桲	po	2
梠	lv	2
梼	tao	2
棪	yan	2
椑	bei	2
椓	zhuo	2
楩	pian	2
槱	you	2
欻	chua	2
毌	guan	2
毪	mu	2
氕	pie	2
汫	jing	2
沇	yan	2
沘	bi	2
泂	jiong	2
泇	jia	2
泙	ping	2
洢	yi	2
淴	hu	2
渑	mian	2
漼	cui	2
潟	xi	2
潾	lin	2
澭	yong	2
熇	he	2
爚	yue	2
爝	jue	2
牻	mang	2
牾	wu	2
犨	chou	2
狴	bi	2
玓	di	2
玭	pin	2
玶	ping	2
珖	guang	2
珵	cheng	2
琭	lu	2
瑆	xing	2
瑑	zhuan	2
瑳	cuo	2
疢	chen	2
瘼	mo	2
皕	bi	2
眊	mao	2
眵	chi	2
瞵	lin	2
矰	zeng	2
砮	nu	2
碥	bian	2
磉	sang	2
磲	qu	2
礌	lei	2
祕	mi	2
穄	ji	2
穜	zhong	2
窊	wa	2
筦	guan	2
筲	shao	2
筻	gang	2
糌	zan	2
罶	liu	2
翛	xiao	2
耇	gou	2
耰	you	2
肸	xi	2
脎	sa	2
臑	nao	2
芼	mao	2
荄	gai	2
荮	zhou	2
莙	jun	2
莩	fu	2
菝	ba	2
葎	lv	2
蒄	guan	2
蒻	ruo	2
蓣	yu	2
蔀	bu	2
蕹	weng	2
薁	yu	2
薿	ni	2
藦	mo	2
藨	biao	2
蘘	rang	2
蜍	chu	2
蜎	yuan	2
蟥	huang	2
衎	kan	2
衒	xuan	2
裼	ti	2
褯	jie	2
觱	bi	2
觿	xi	2
貆	huan	2
跐	ci	2
跬	kui	2
踦	yi	2
轷	hu	2
轺	yao	2
轾	zhi	2
邲	bi	2
郈	hou	2
郪	qi	2
鄗	hao	2
鄚	mao	2
酏	yi	2
酾	shai	2
醨	li	2
钷	po	2
铫	diao	2
镎	na	2
镤	pu	2
阚	han	2
陑	er	2
陧	nie	2
霨	wei	2
靸	sa	2
鞬	jian	2
颃	hang	2
骣	chan	2
魋	tui	2
鲡	li	2
鲰	zou	2
鳇	huang	2
麀	you	2
麑	ni	2
鼱	jing	2
龢	he	2
冔	xu	1
凘	si	1
呇	qi	1
咇	bie	1
咡	er	1
咥	xi	1
咺	xuan	1
嘬	chuai	1
噂	zun	1
坉	tun	1
坒	bi	1
坰	jiong	1
堐	ya	1
塥	ge	1
娵	ju	1
婻	nan	1
嬥	tiao	1
寁	zan	1
峗	wei	1
峘	huan	1
峛	li	1
峿	yu	1
嵲	nie	1
嶍	xi	1
嶟	zun	1
巇	xi	1
帱	chou	1
庱	cheng	1
恓	xi	1
惙	chuo	1
愐	mian	1
扊	yan	1
挲	sa	1
揕	zhen	1
搒	bang	1
旴	xu	1
旵	chan	1
昈	hu	1
昒	hu	1
昡	xuan	1
昤	ling	1
昫	xu	1
晅	xuan	1
晊	zhi	1
晙	jun	1
暵	han	1
暿	xi	1
朳	ba	1
朸	li	1
杻	chou	1
枅	ji	1
栒	xun	1
桯	ting	1
桹	lang	1
梌	tu	1
梴	chan	1
椸	yi	1
楒	si	1
楪	ye	1
榑	fu	1
橑	lao	1
橞	hui	1
欂	bo	1
歅	yin	1
氿	gui	1
汋	zhuo	1
㳇	fu	1
沺	tian	1
泜	zhi	1
浟	you	1
浰	lian	1
涍	xiao	1
淜	ping	1
淟	tian	1
渰	yan	1
溠	zha	1
溹	suo	1
滫	xiu	1
漹	yan	1
澴	huan	1
澽	ju	1
瀌	biao	1
瀔	gu	1
瀱	ji	1
烠	hui	1
烻	yan	1
焌	jun	1
焞	tun	1
煁	chen	1
熛	biao	1
熥	teng	1
爔	xi	1
爟	guan	1
犋	ju	1
猃	xian	1
猞	she	1
猯	tuan	1
玃	jue	1
玒	hong	1
玿	shao	1
珇	zu	1
珌	bi	1
珒	jin	1
珝	xu	1
珫	chong	1
琄	xuan	1
琈	fu	1
琫	beng	1
瑂	mei	1
瑃	chun	1
瑔	quan	1
璪	zao	1
璱	se	1
璲	sui	1
瓀	ruan	1
瘭	biao	1
癗	lei	1
癿	qie	1
皭	jiao	1
睎	xi	1
瞫	shen	1
砆	fu	1
砫	zhu	1
硿	kong	1
碃	qing	1
碨	wei	1
磏	lian	1
礵	shuang	1
稌	tu	1
穟	sui	1
竘	qu	1
笯	nu	1
簉	zao	1
糒	bei	1
缲	qiao	1
羱	yuan	1
翂	fen	1
耏	nai	1
胈	ba	1
胠	qu	1
腯	tu	1
膙	jiang	1
舠	dao	1
舥	pa	1
舭	bi	1
艅	yu	1
艎	huang	1
荁	huan	1
莝	cuo	1
荓	ping	1
莿	ci	1
萳	nan	1
萹	bian	1
葖	tu	1
葴	zhen	1
蒟	ju	1
蒱	pu	1
蓂	ming	1
蓇	gu	1
蓏	luo	1
蔊	han	1
薢	xie	1
虷	han	1
蚆	ba	1
蝘	yan	1
蟫	yin	1
襚	sui	1
襫	shi	1
觜	zi	1
訄	qiu	1
谼	hong	1
跞	li	1
跱	zhi	1
踒	wo	1
踶	di	1
蹅	cha	1
蹐	ji	1
蹜	su	1
逴	chuo	1
邿	shi	1
郚	wu	1
鄀	ruo	1
鄃	shu	1
鄅	yu	1
鄑	zi	1
鄘	yong	1
酅	xi	1
阽	dian	1
陎	shu	1
雊	gou	1
靿	yao	1
鞁	bei	1
鞳	ta	1
颥	ru	1
馧	yun	1
鬒	zhen	1
鬷	zong	1
魆	xu	1
鸰	ling	1
鼒	zi	1
鼫	shi	1
齉	nang	1
乸	na	0
𠅤	xi	0
亸	duo	0
亹	wei	0
伣	qian	0
㑇	zhou	0
㑊	yi	0
侴	chou	0
俫	lai	0
倕	chui	0
倴	ben	0
𫢸	dan	0
傀	gui	0
傉	nu	0
僎	zhuan	0
儴	rang	0
冮	gang	0
凓	li	0
𠙶	ou	0
刬	chan	0
剅	lou	0
𪟝	ji	0
勔	mian	0
勚	yi	0
勠	lu	0
卬	ang	0
厖	pang	0
厾	du	0
叆	ai	0
叇	dai	0
叕	zhuo	0
叚	jia	0
呒	wu	0
㕮	fu	0
呲	ci	0
呷	ga	0
咉	yang	0
咍	hai	0
哕	hui	0
哱	bo	0
唛	ma	0
唝	gong	0
𠳐	bang	0
啰	luo	0
啴	chan	0
啫	zhe	0
嗞	zi	0
嗲	die	0
𫫇	e	0
嘚	de	0
嘡	tang	0
噇	chuang	0
㘎	han	0
圌	chuan	0
圐	ku	0
圙	lve	0
圢	ting	0
圫	yu	0
圲	qian	0
坋	ben	0
𫭟	ou	0
𫭢	lun	0
坥	qu	0
坬	gua	0
坽	ling	0
垈	dai	0
垍	ji	0
垎	he	0
垯	da	0
垱	dang	0
鿍	gang	0
垺	fu	0
垾	han	0
埗	bu	0
埫	chong	0
堃	kun	0
㙍	duo	0
𫭼	lao	0
𫮃	shan	0
埪	kong	0
堲	ci	0
堼	heng	0
堾	chun	0
塅	duan	0
塆	wan	0
㙘	yao	0
𡎚	pian	0
𪣻	lou	0
墐	jin	0
墕	yan	0
㙦	xie	0
𡐓	kang	0
𪤗	liao	0
壸	kun	0
妧	wan	0
妭	ba	0
𫰛	xing	0
姶	e	0
㛃	jie	0
㛚	tong	0
婤	chou	0
婫	kun	0
婳	hua	0
婼	chuo	0
媂	di	0
媆	ruan	0
媖	ying	0
媞	shi	0
媭	xu	0
㛹	pian	0
嬷	ma	0
孅	qian	0
尨	mang	0
屃	xi	0
𫵷	li	0
岞	zuo	0
岨	qu	0
峂	tong	0
峃	xue	0
㟃	si	0
峣	yao	0
峧	jiao	0
𪨰	qu	0
峱	nao	0
崄	xian	0
𪨶	she	0
崡	han	0
嵁	kan	0
嵅	han	0
嵖	cha	0
嵚	qin	0
𫶇	die	0
嶅	ao	0
㠇	jiu	0
嶦	zhan	0
㠓	meng	0
𪩘	yan	0
幖	biao	0
庼	qing	0
𫷷	xin	0
廆	gui	0
弆	ju	0
𫸩	kou	0
彟	yue	0
徵	zheng	0
忳	tun	0
㤘	zhou	0
恔	jiao	0
悈	jie	0
㥄	ling	0
愃	xuan	0
愭	qi	0
慭	yin	0
憕	cheng	0
戭	yan	0
扅	yi	0
扞	gan	0
㧐	song	0
㧑	hui	0
拃	zha	0
拤	qia	0
㧟	kuai	0
挦	xian	0
掠	lve	0
掺	can	0
摏	chong	0
擿	ti	0
敩	xiao	0
旞	sui	0
𬀩	wei	0
𬀪	xian	0
昣	zhen	0
昪	bian	0
昽	long	0
晐	gai	0
晟	cheng	0
㫰	lang	0
暅	geng	0
暕	jian	0
㬊	huan	0
㬎	xian	0
暶	xuan	0
㬚	che	0
杄	qian	0
杕	di	0
杧	mang	0
㭎	gang	0
枹	bao	0
柖	shao	0
柷	chu	0
栐	yong	0
㭕	qu	0
栟	ben	0
𬂩	jia	0
梽	zhi	0
梾	lai	0
梿	lian	0
棁	zhuo	0
棓	bang	0
棽	shen	0
椆	chou	0
𬃊	zhi	0
榃	tan	0
榅	wen	0
榰	zhi	0
槚	jia	0
槜	zui	0
𣗋	dang	0
㮾	lang	0
㰀	li	0
欹	yi	0
汈	diao	0
𬇕	wan	0
沨	feng	0
𣲗	wei	0
𣲘	wu	0
𬇙	pei	0
洓	se	0
洣	mi	0
浉	shi	0
浍	hui	0
浐	chan	0
浕	jin	0
㳘	chong	0
㳚	xu	0
浛	han	0
浲	feng	0
涄	ping	0
涢	yun	0
𬇹	guo	0
溇	lou	0
㴔	xi	0
𣸣	fen	0
溁	ying	0
溚	ta	0
溵	yin	0
滧	yao	0
滪	yu	0
漖	jiao	0
漦	chi	0
漴	zhuang	0
漻	liao	0
漋	long	0
潖	pa	0
潵	sa	0
澛	lu	0
㵐	jue	0
炌	kai	0
炔	gui	0
𬉼	ou	0
炣	ke	0
㶲	yong	0
𬊈	xun	0
烶	ting	0
焆	juan	0
𬊤	chan	0
煴	yun	0
熻	xi	0
燋	jiao	0
㸆	kao	0
㸌	huo	0
𬌗	he	0
牤	mang	0
牥	fang	0
狉	pi	0
狝	xian	0
猄	jing	0
㺄	yu	0
獴	meng	0
玙	yu	0
玚	chang	0
玞	fu	0
玤	bang	0
玱	qiang	0
玼	ci	0
𬍛	li	0
珕	li	0
珢	yin	0
珩	hang	0
𬍡	dang	0
𬍤	xun	0
珸	wu	0
琎	jin	0
琔	dian	0
琟	wei	0
琡	chu	0
瑅	ti	0
瑓	lian	0
瑖	duan	0
瑝	huang	0
𤧛	di	0
瑬	liu	0
㻬	tu	0
𫞩	men	0
璒	deng	0
璥	jing	0
璬	jiao	0
璮	tan	0
𤩽	huan	0
𤫉	xie	0
瓻	chi	0
㽏	gan	0
畖	wa	0
略	lve	0
畬	she	0
疁	liu	0
疍	dan	0
疐	zhi	0
疟	nve	0
疭	zong	0
痓	chi	0
瘆	shen	0
㿠	huang	0
盷	tian	0
𪾢	xian	0
眬	long	0
睄	shao	0
䁖	lou	0
矼	gang	0
砄	jue	0
砉	huo	0
砠	ju	0
砵	bo	0
硁	keng	0
𬒈	que	0
硊	wei	0
硍	xian	0
硔	hong	0
硙	wei	0
硚	qiao	0
鿎	ta	0
䂮	lve	0
碈	min	0
碏	que	0
䃅	di	0
𬒔	geng	0
碡	du	0
碶	qi	0
䃎	zha	0
𬒗	lan	0
磜	qi	0
𥔲	e	0
𥕢	cao	0
磹	tan	0
𥖨	zao	0
祃	ma	0
祋	dui	0
祎	yi	0
祾	ling	0
秾	nong	0
䅟	can	0
穙	pu	0
窎	diao	0
竫	jing	0
笮	ze	0
筀	gui	0
筜	dang	0
筤	lang	0
筶	gao	0
筼	yun	0
𬕂	gong	0
箓	lu	0
篯	jian	0
簕	le	0
簝	liao	0
𥻗	cha	0
糵	nie	0
𬘓	xun	0
纮	hong	0
纴	ren	0
纻	zhu	0
纼	zhen	0
𬘘	dan	0
䌹	jiong	0
絜	jie	0
绖	die	0
𬘡	yin	0
绤	xi	0
𫄧	yan	0
𫄨	chi	0
𬘩	ting	0
𬘫	huan	0
綮	qi	0
绹	tao	0
𫟅	liang	0
𬘬	qian	0
𬘭	lin	0
𬘯	zhun	0
缊	yun	0
缐	xian	0
缞	cui	0
𬙂	yan	0
𫄷	yi	0
𦈡	xu	0
𫄸	xun	0
𬙊	mo	0
𬙋	xiang	0
羓	ba	0
翈	xia	0
䎃	ran	0
翙	hui	0
翚	hui	0
翷	lin	0
䎖	zeng	0
𦒍	tong	0
耑	duan	0
耤	ji	0
聒	gua	0
䏝	zhuan	0
胣	chi	0
䏡	shi	0
𦙶	gu	0
脟	lie	0
䏲	die	0
脿	biao	0
腒	ju	0
腘	guo	0
䐃	jun	0
腨	shuan	0
𦝼	lv	0
臜	za	0
芎	qiong	0
芘	pi	0
苉	pi	0
𫇭	wei	0
茋	zhi	0
茓	xue	0
𦭜	zhi	0
茽	zhong	0
荙	da	0
𬜬	man	0
茝	chai	0
䓖	qiong	0
𦰡	na	0
𬜯	liang	0
菍	nie	0
菹	ju	0
萚	tuo	0
䓛	qu	0
䓨	ying	0
䓫	qi	0
䓬	zhuo	0
葰	sui	0
蓢	lang	0
蔃	qiang	0
蔈	biao	0
蕰	wen	0
𬞟	pin	0
薳	wei	0
藠	jiao	0
𬟁	yi	0
虐	nve	0
虤	yan	0
虸	zi	0
蚄	fang	0
蚲	ping	0
蛃	bing	0
𬟽	dong	0
蜐	jie	0
蝲	la	0
䗖	di	0
螠	yi	0
螣	te	0
䗛	xiu	0
螱	wei	0
蟏	xiao	0
䗪	zhe	0
䗴	ting	0
衠	zhun	0
袆	hui	0
袯	bo	0
袷	jia	0
裈	kun	0
𫌀	ji	0
襕	lan	0
觃	yan	0
觟	hua	0
觭	ji	0
訚	yin	0
讱	ren	0
𬣙	xu	0
讻	xiong	0
䜣	xin	0
𬣞	zhu	0
詟	zhe	0
诇	xiong	0
诐	bi	0
𬣡	jian	0
𫍣	tong	0
𬣳	hen	0
谞	xu	0
𫍯	xian	0
𫍲	xiao	0
𬤇	yin	0
𬤊	shi	0
𬤝	hui	0
𫍽	xuan	0
豉	shi	0
豮	fen	0
䝙	chu	0
赑	bi	0
赒	zhou	0
赗	feng	0
赪	cheng	0
趯	ti	0
𧿹	mu	0
跶	da	0
蹢	di	0
蹽	liao	0
蹾	dun	0
轪	dai	0
𫐄	yue	0
𬨂	qi	0
辀	zhou	0
𨐈	guang	0
辌	liang	0
𫐐	ni	0
辒	wen	0
𫐓	bu	0
𬨎	you	0
𫟦	sui	0
遆	ti	0
𨙸	qi	0
䢺	chu	0
𨚕	bian	0
䢼	gong	0
𬩽	xun	0
𫑡	meng	0
鄌	tang	0
䣘	tang	0
酂	cuo	0
𨟠	quan	0
酦	po	0
𬪩	nong	0
醾	mi	0
钖	yang	0
𬬩	yi	0
钘	xing	0
𫓧	fu	0
𬬭	lun	0
𬬮	chang	0
𬬱	jin	0
䥽	po	0
𬬸	shu	0
𬬹	shen	0
𬬻	lu	0
𬬿	zhao	0
𬭁	mu	0
铏	xing	0
铚	zhi	0
铤	ding	0
𫓯	ji	0
𫟹	hong	0
铻	wu	0
锊	lve	0
鿏	mai	0
𨱇	qiu	0
𫓶	xuan	0
𫟼	da	0
𬭊	du	0
𬭎	hong	0
锜	qi	0
锧	zhi	0
𫓹	ji	0
𬭚	chun	0
𬭛	bo	0
锳	ying	0
锽	huang	0
镃	zi	0
𬭤	hou	0
镈	bo	0
镋	tang	0
𨱏	da	0
𬭩	weng	0
镚	beng	0
镠	liu	0
𬭬	wei	0
𬭯	pie	0
𨭉	ban	0
镡	chan	0
䦃	zhuo	0
𨱑	huang	0
𨱔	zun	0
𫔍	fan	0
𫔎	jue	0
𬭳	xi	0
𬭶	hei	0
𬭸	lin	0
镮	huan	0
𬭼	sui	0
镴	la	0
镵	chan	0
闿	kai	0
阇	du	0
阏	e	0
𬮱	yin	0
阘	da	0
𫔶	nie	0
𬮿	qi	0
𬯀	ji	0
𨺙	ni	0
隃	shu	0
𬯎	tui	0
隩	ao	0
隺	hu	0
靽	ban	0
鞔	man	0
鞧	qiu	0
韂	chan	0
韨	fu	0
𫠆	kui	0
𬱖	di	0
颋	ting	0
颎	jiong	0
𫖮	yi	0
𫖯	fu	0
𬱟	wei	0
𫖳	yun	0
颙	yong	0
飏	yang	0
飐	zhan	0
飔	si	0
飗	liu	0
饧	tang	0
饳	duo	0
饸	he	0
饹	le	0
饻	xi	0
𫗧	su	0
馃	guo	0
馉	gu	0
馌	ye	0
𫗴	zhan	0
馝	bi	0
馞	bo	0
驲	ri	0
𫘜	wen	0
𫘝	jue	0
骀	dai	0
𫠊	xuan	0
𬳵	pi	0
𬳶	jiong	0
骃	yin	0
骉	biao	0
𬳽	shen	0
骍	xing	0
骎	qin	0
𬳿	tu	0
骕	su	0
𫘦	tao	0
𫘧	lu	0
𬴂	fei	0
骙	kui	0
𫘨	ti	0
𬴃	huo	0
𫘪	yuan	0
𫘬	xi	0
𬴊	lin	0
骦	shuang	0
髃	yu	0
髎	liao	0
髢	di	0
髽	zhua	0
鬶	gui	0
鱽	dao	0
鱾	ji	0
鲀	tun	0
鲃	ba	0
鲉	you	0
鲊	zha	0
鲌	ba	0
鲏	pi	0
䲟	yin	0
𬶋	ju	0
𬶍	tuo	0
鲖	tong	0
鲗	zei	0
鲘	hou	0
鲙	kuai	0
鲝	zha	0
𩽾	an	0
𫚕	shi	0
𫚖	ci	0
𬶏	wei	0
𬶐	zhao	0
鲪	jun	0
鲬	yong	0
𩾃	mian	0
鲯	qi	0
鲹	shen	0
鲿	chang	0
鳀	ti	0
鳁	wen	0
鳂	wei	0
鳈	quan	0
鳉	jiang	0
䲠	chun	0
𬶟	la	0
𬶠	lian	0
𬶨	ji	0
鲾	bi	0
鳑	pang	0
鳒	jian	0
䲢	teng	0
鳚	wei	0
鳛	xi	0
𩾌	kang	0
𬶭	ji	0
𬶮	xi	0
鳠	hu	0
鳡	gan	0
鳣	zhan	0
鳤	guan	0
𫚭	lie	0
鸤	shi	0
鸧	cang	0
䴓	shi	0
鸮	xiao	0
鸻	heng	0
鸼	zhou	0
䴔	jiao	0
䴕	lie	0
鹀	wu	0
𫛭	kuang	0
𬷕	bu	0
鹍	kun	0
鹐	qian	0
鹒	geng	0
鹔	su	0
䴖	jing	0
鹖	he	0
鹙	qiu	0
䴗	ju	0
𬸘	yan	0
𬸚	yue	0
鹝	yi	0
鹟	weng	0
鹠	liu	0
鹡	ji	0
鹢	yi	0
䴘	ti	0
𬸣	xian	0
𬸦	zhuo	0
𬸪	fan	0
鹮	huan	0
鹯	zhan	0
䴙	pi	0
鹲	meng	0
鹴	shuang	0
麖	jing	0
黇	tian	0
黡	yan	0
齇	zha	0
龁	he	0
龂	yin	0
𬹼	xie	0
𫠜	ni	0
𬺈	yi	0
𬺓	chu	0
䶮	yan	0
