的	7837898
不	1994261
是	1957360
了	1867173
我	1825245
一	1781128
有	1387310
在	1325196
第	851079
个	849079
和	845969
你	818260
人	715305
上	666555
就	645196
年	570154
到	564361
为	532313
他	518535
也	518358
都	515358
会	480155
没	472517
最	471302
要	467635
中	462604
与	416905
章	414727
月	408845
这	398745
下	397255
大	383193
之	382164
对	375293
着	337707
好	329378
本	328467
无	326710
说	325310
日	312541
网	305029
地	302518
新	297486
很	288361
能	283808
点	281721
去	280062
小	277355
她	269313
市	267653
等	253828
让	253025
看	249390
来	248614
而	243564
元	234535
将	231452
被	230362
想	227988
还	221867
那	216317
多	212637
时	212581
于	207925
用	206440
给	205906
又	205656
里	205622
得	201964
可	200741
区	197195
爱	195657
但	194560
过	194558
把	193593
后	190349
次	187099
从	182709
所	181681
及	178250
家	176419
做	176366
机	176036
您	172494
三	172158
性	169501
前	169190
者	166438
真	163207
器	162744
以	162738
起	161915
高	158495
路	158485
二	153449
并	153306
张	152215
或	152074
吧	149183
再	147619
更	146677
啊	144889
版	143759
该	143652
车	138643
几	129685
只	128033
号	125067
两	124535
出	124515
天	122526
总	118877
却	118838
种	117583
县	113610
已	113595
站	112684
同	110262
王	108982
吗	108710
分	107782
请	107727
条	107300
呢	107139
省	106522
话	104520
四	104256
它	103974
万	103187
楼	101405
样	100556
李	99690
图	99484
成	98828
当	98554
才	98292
比	97543
部	95756
心	95499
名	94014
如	92696
其	92129
房	91483
走	90165
向	89540
期	88775
们	88396
由	88370
周	87472
书	86418
化	86102
太	84681
学	84052
事	83850
谁	83645
系	83639
吃	83017
打	82865
室	81848
内	81821
加	77518
带	77084
道	76433
水	76226
找	75661
长	75631
发	75455
线	75239
五	75107
节	74815
老	74719
女	74560
全	74352
页	73183
生	72861
师	71965
类	70748
力	69626
跟	69573
国	69538
位	69045
些	68548
陈	68080
刘	67973
买	67875
员	66502
报	66024
岁	65188
商	65001
开	64304
美	63978
品	63942
像	63096
各	62732
少	61611
片	61328
法	61087
型	60920
局	60686
共	59806
店	59750
关	59457
至	59373
金	58265
使	57812
写	57650
卡	57628
听	56914
行	56263
钱	55999
山	55981
六	55717
子	55577
台	55470
此	55442
场	55403
手	55318
式	55079
先	54500
正	54457
错	53493
米	53333
每	53258
快	53052
厂	53041
花	52912
叫	52622
击	52556
村	52363
越	51711
问	51708
处	51475
镇	51377
住	51360
股	50693
度	50250
见	50039
数	50036
强	50019
件	49679
门	49250
则	48913
文	48877
非	48737
外	48680
城	48531
回	48290
自	48259
知	48173
集	48166
低	47966
率	47643
字	47207
级	47050
林	46920
男	46786
七	46719
头	46577
风	46530
按	46405
身	46344
证	46289
十	46256
读	46091
间	46054
表	45287
应	45106
杨	44974
佳	44757
双	44717
曾	44683
别	44430
便	44196
价	44174
啦	43898
首	43616
因	43180
变	43162
玩	43105
哪	42986
死	42971
论	42684
卷	42629
未	42176
连	42117
断	42006
段	41906
量	41849
黄	41813
送	41586
社	41471
何	41281
库	41144
空	40532
款	40296
八	40201
篇	40178
方	40163
病	40100
受	39985
口	39926
超	39555
白	39208
难	39176
副	38801
坐	38772
儿	38624
热	38499
班	38311
笑	38160
称	38092
队	37877
园	37861
组	37606
进	37470
院	37068
龙	36541
红	36180
拿	35861
放	35655
半	35635
街	35587
感	35564
算	35347
短	35318
业	35146
讲	34712
单	34551
主	34537
近	34402
面	34316
情	33772
帮	33727
若	33704
神	33656
套	33496
马	33439
留	33386
厅	33361
梦	33313
脸	33167
币	32811
声	32649
榜	32636
转	32434
包	32359
代	32333
作	32061
怕	31924
完	31767
光	31569
馆	31503
赵	31406
经	31400
收	31385
歌	31367
黑	31323
另	31318
东	31301
原	31078
办	31049
份	30999
通	30799
即	30736
穿	30411
换	30275
既	30228
板	30222
哦	30099
吴	30070
接	30053
管	30049
电	29879
群	29787
明	29780
物	29706
干	29669
华	29499
九	29364
刚	29333
拉	29219
海	29154
重	29096
费	29084
达	29067
深	29038
座	29024
差	29001
层	28986
相	28858
拍	28821
某	28815
传	28798
仅	28416
眼	28334
流	28228
西	28193
票	28133
满	28090
飞	28071
易	27843
星	27725
较	27725
值	27636
权	27521
信	27224
军	27196
石	27142
左	26745
团	26693
约	26617
仪	26485
敢	26387
球	26380
届	26352
边	26298
云	26158
需	26155
么	26125
乐	25827
远	25662
现	25651
尽	25574
供	25504
呀	25502
倒	25476
望	25394
狗	25369
早	25346
块	25331
装	25244
意	25112
北	25050
安	25043
亿	24981
贴	24957
色	24951
赛	24950
入	24823
定	24756
均	24658
步	24640
游	24524
清	24512
魔	24495
记	24378
指	24302
杯	24280
工	24268
词	24151
离	24103
教	24100
南	24050
求	23876
胡	23845
卖	23808
气	23736
谈	23587
油	23569
够	23568
孙	23477
阿	23451
初	23214
桥	23179
改	23169
圈	23163
限	23088
乡	23021
平	22861
叶	22823
停	22688
动	22610
史	22592
语	22531
徐	22479
宝	22420
选	22381
属	22353
奖	22277
足	22273
哭	22220
毛	22195
战	22157
体	22053
夜	22003
喝	21654
仍	21494
常	21475
罗	21400
句	21269
久	21206
江	21195
评	21107
跑	21098
雨	21031
床	20997
科	20948
余	20930
观	20910
火	20900
令	20753
苏	20693
剂	20586
剧	20552
郭	20543
舞	20419
犬	20413
顶	20392
许	20371
噶	20363
帖	20238
药	20104
掉	20026
雷	20011
任	20004
晚	20004
克	19978
朱	19975
痛	19919
落	19896
友	19669
设	19665
考	19642
博	19625
猫	19555
雪	19499
占	19424
极	19369
课	19246
制	19145
牛	19128
蓝	19113
活	19058
睡	19048
箱	18984
静	18960
秀	18944
端	18880
搞	18836
千	18831
靠	18824
卫	18817
反	18799
懂	18799
树	18754
距	18733
往	18547
鱼	18518
杀	18485
欲	18336
派	18322
香	18301
冷	18284
忙	18226
韩	18223
酒	18195
且	18194
古	18153
唐	18086
州	18082
题	18009
照	17918
项	17843
备	17840
百	17817
盒	17522
冲	17517
画	17508
陪	17506
含	17493
建	17462
德	17425
亦	17405
甘	17386
著	17383
据	17368
特	17288
公	17276
唱	17255
交	17180
菜	17172
剑	17161
党	17116
血	17071
兽	17068
唔	17031
英	16903
翻	16856
言	16811
宁	16784
茶	16771
乱	16760
弄	16687
孔	16663
丝	16603
鞋	16570
利	16540
伤	16463
盘	16416
愿	16391
售	16363
谢	16333
般	16270
京	16195
直	16158
族	16151
免	16128
彩	16099
宋	16043
获	16032
累	16004
忘	15980
岛	15975
灯	15966
青	15930
阵	15880
绝	15844
似	15843
营	15839
轮	15815
湖	15809
服	15760
田	15752
港	15721
源	15716
曲	15660
界	15589
刀	15575
河	15562
解	15505
怪	15486
提	15483
准	15448
合	15423
峰	15421
思	15418
梁	15418
精	15401
破	15395
夹	15359
轻	15317
朝	15297
防	15257
抱	15254
理	15251
挺	15221
世	15171
坏	15124
木	15114
影	15060
微	15012
郑	14986
待	14979
春	14885
玉	14874
旧	14862
鬼	14856
仙	14847
季	14843
哈	14729
齐	14673
挂	14644
背	14624
案	14598
排	14592
纸	14571
志	14545
招	14418
夏	14400
民	14382
屏	14361
牌	14347
奈	14339
形	14311
折	14245
推	14242
立	14176
波	14154
素	14110
刻	14041
笔	13977
猪	13907
良	13907
秦	13886
症	13882
味	13871
架	13810
贵	13810
试	13790
皮	13765
例	13741
然	13727
取	13715
跳	13702
铁	13655
计	13552
银	13498
急	13481
讯	13461
嘛	13435
炎	13360
钢	13322
竟	13242
果	13241
象	13178
升	13150
众	13109
粉	13067
奥	13053
亮	12992
码	12985
配	12961
胜	12954
庄	12946
税	12901
堂	12892
降	12870
展	12840
倍	12831
视	12813
亚	12801
农	12762
戴	12738
宇	12720
保	12693
抓	12667
范	12660
诗	12642
莫	12632
食	12632
啥	12629
汤	12616
脚	12607
假	12606
宫	12571
今	12545
野	12529
抗	12524
缘	12503
曹	12460
压	12432
随	12416
寺	12407
吨	12403
秒	12403
草	12376
武	12375
洗	12374
苦	12361
除	12349
养	12334
丁	12305
妈	12288
角	12249
官	12206
忍	12201
整	12194
君	12191
泪	12180
广	12145
零	12135
甲	12131
创	12054
灵	12039
净	12021
根	12020
校	11977
温	11956
独	11942
货	11938
觉	11915
遭	11906
修	11895
肉	11874
质	11851
烟	11841
蔡	11841
梅	11821
居	11794
杜	11776
藏	11741
封	11698
宏	11697
键	11667
户	11659
术	11622
饭	11596
钟	11541
剩	11531
恨	11520
冰	11503
投	11454
绿	11431
助	11424
兵	11390
顾	11342
吹	11311
惊	11310
必	11276
踩	11141
尚	11123
租	11108
具	11059
基	11044
液	11034
康	11010
布	10973
塔	10951
纯	10934
狼	10892
土	10867
镜	10862
喜	10856
底	10833
邓	10822
寸	10820
沈	10789
屋	10775
虎	10765
显	10708
录	10696
仲	10690
永	10663
调	10631
鲁	10621
晒	10619
命	10612
客	10568
额	10554
松	10543
福	10527
狂	10506
结	10462
兰	10433
秋	10425
软	10413
柳	10412
萧	10396
傻	10340
恋	10337
阳	10311
负	10306
顺	10274
戏	10232
陆	10231
查	10211
印	10200
舍	10193
亲	10137
联	10131
寻	10118
追	10105
须	10090
支	10051
治	10047
欧	10040
滴	10007
盛	9976
料	9960
脑	9958
奇	9912
苑	9907
紫	9902
抢	9893
涨	9873
灰	9867
环	9841
潘	9763
番	9749
仔	9721
盖	9699
止	9673
哥	9660
音	9595
怀	9581
赢	9579
故	9530
偶	9514
格	9489
袋	9473
遇	9463
归	9446
程	9445
景	9440
凌	9435
酷	9425
祝	9415
补	9412
旗	9394
依	9388
产	9364
船	9348
聚	9338
慢	9333
责	9303
宜	9295
伟	9271
持	9267
皆	9221
糖	9212
冯	9143
鸟	9116
虽	9095
核	9081
羊	9080
散	9026
容	9023
宽	9020
佛	9018
旅	9002
禁	8994
谷	8993
莪	8985
寒	8979
实	8977
疑	8972
专	8969
抽	8955
雅	8926
右	8914
优	8894
嘅	8873
瓶	8857
司	8843
鸡	8841
柜	8839
致	8836
硬	8822
沟	8814
减	8781
列	8781
沙	8773
目	8754
桌	8719
兴	8710
晓	8695
嘴	8694
爆	8679
宗	8644
咯	8639
呆	8624
耐	8614
膜	8608
编	8604
士	8595
赚	8594
演	8576
摆	8575
借	8557
测	8554
凡	8545
铺	8545
斗	8543
墙	8529
闹	8494
姜	8491
湾	8489
复	8487
杰	8466
熊	8417
聊	8416
迷	8416
爬	8388
企	8376
救	8344
退	8342
丢	8339
券	8338
细	8333
册	8322
吉	8314
毒	8311
罪	8294
领	8273
链	8271
楚	8255
斯	8247
炉	8242
艺	8240
逼	8240
练	8226
枪	8193
善	8178
蒋	8177
失	8161
沪	8155
洪	8148
棒	8138
姐	8115
喊	8108
义	8105
盟	8102
圣	8098
念	8096
输	8090
争	8088
付	8076
丽	8069
帅	8065
铝	8065
露	8061
紧	8058
标	8022
附	8005
旁	7998
衣	7981
闻	7974
汉	7957
俩	7954
尾	7945
骂	7943
董	7942
智	7936
柏	7909
巴	7908
母	7898
害	7895
袁	7893
礼	7882
骨	7876
荣	7850
刷	7841
辆	7822
注	7819
诚	7788
委	7776
丹	7759
吕	7755
嘉	7755
运	7748
旺	7736
引	7730
富	7726
酸	7704
烧	7698
魏	7695
终	7692
烦	7653
黎	7630
舒	7627
庆	7587
洞	7556
功	7521
爽	7515
增	7514
洋	7477
脱	7477
池	7453
跌	7439
耳	7418
针	7390
川	7379
吾	7366
琴	7359
伊	7357
厚	7357
怡	7357
存	7353
贾	7348
擦	7347
撞	7338
肖	7336
燕	7331
暗	7329
圆	7325
泵	7309
艾	7295
俺	7288
赶	7287
豆	7269
批	7227
裤	7224
稳	7209
俊	7185
芳	7167
医	7156
羽	7153
淡	7133
购	7130
锁	7126
疼	7070
孟	7057
幅	7052
侯	7031
醒	7029
欣	7027
迎	7027
赴	7022
忧	7021
盐	7018
阀	7015
府	7000
枚	6994
登	6991
犯	6984
丰	6982
维	6973
彭	6963
肯	6950
顿	6944
栏	6934
趣	6911
恩	6907
岩	6900
凭	6880
切	6876
扣	6862
炒	6849
瘦	6838
胶	6832
躺	6815
醉	6797
乃	6796
施	6794
偏	6793
弹	6786
鑫	6758
守	6752
辉	6750
健	6733
敏	6731
堆	6730
咁	6713
驻	6702
珠	6686
患	6678
劲	6675
氏	6672
混	6666
状	6664
腿	6661
严	6650
拟	6620
骑	6618
泡	6616
颗	6614
阴	6611
扬	6608
埋	6600
尔	6593
识	6588
铜	6587
蒙	6576
琳	6570
妖	6564
速	6563
吖	6550
咩	6542
俄	6541
疯	6541
隆	6526
魂	6520
轩	6512
颜	6511
麦	6511
溪	6506
缺	6483
井	6462
透	6455
贤	6449
蛋	6446
摸	6392
汇	6392
孕	6390
吓	6389
亩	6378
档	6372
载	6337
嫁	6333
狠	6321
猜	6313
响	6311
竹	6295
夫	6291
瑞	6289
适	6287
征	6278
威	6268
替	6260
肺	6253
遍	6242
冠	6234
勇	6234
湿	6208
霜	6207
异	6195
姚	6192
窗	6182
驾	6174
澳	6166
续	6147
益	6145
恒	6132
答	6120
锅	6109
偷	6096
父	6085
简	6075
操	6068
滑	6064
凉	6062
添	6058
乘	6055
模	6031
奶	6029
崔	6024
牙	6022
卢	6017
佐	5992
暴	5957
签	5953
祖	5952
甚	5947
睇	5946
皇	5945
挡	5938
败	5933
汪	5923
慧	5902
晴	5889
采	5880
骗	5876
锋	5869
贺	5849
插	5843
普	5837
灭	5837
末	5826
鹏	5821
肥	5818
呈	5806
挑	5798
巨	5795
钻	5788
泉	5787
凤	5785
肩	5776
职	5774
逸	5766
塘	5756
薄	5747
葛	5733
郎	5713
躲	5707
潮	5701
帝	5699
飘	5696
搜	5689
罢	5674
申	5659
虫	5658
泰	5656
童	5654
妆	5649
私	5641
矿	5632
兼	5624
晶	5623
恶	5620
掌	5611
胸	5602
佢	5586
贝	5574
祥	5562
虚	5560
摘	5559
惠	5552
玄	5545
吸	5533
惹	5519
控	5519
伱	5504
烂	5503
拖	5499
闭	5499
肝	5497
锦	5452
临	5449
息	5449
消	5449
返	5447
际	5447
鼠	5443
甜	5438
陶	5430
吐	5429
阁	5426
润	5423
弱	5420
冒	5413
浅	5413
晕	5409
卓	5403
牵	5403
煮	5400
蛮	5398
造	5398
斤	5395
训	5392
认	5380
乔	5373
庭	5360
粤	5348
亭	5344
吻	5344
熟	5339
误	5336
芯	5331
喇	5323
癌	5322
邪	5319
嘎	5318
纳	5311
漆	5301
忠	5296
侧	5292
震	5292
栋	5291
稍	5288
搭	5284
密	5273
鸿	5268
斌	5257
巧	5246
缝	5241
横	5239
砸	5213
胖	5213
财	5185
汗	5181
仁	5178
婚	5178
堪	5171
迅	5168
晨	5166
辛	5166
妹	5162
谭	5158
岗	5137
穷	5137
跨	5135
岭	5116
娘	5114
枫	5112
决	5088
涛	5087
纹	5084
毫	5083
巷	5069
菌	5065
饮	5064
序	5051
洁	5044
浪	5039
蛇	5027
暖	5009
杂	4996
洲	4995
堡	4987
餐	4983
摇	4967
喺	4965
菲	4947
玲	4943
诸	4936
险	4934
辣	4933
坊	4932
伴	4931
浩	4927
腰	4925
逛	4915
尊	4909
置	4907
薛	4894
幸	4878
赏	4873
翔	4868
欢	4862
拳	4854
举	4840
悦	4826
庙	4825
懒	4825
订	4825
鲜	4819
沉	4818
翼	4816
饿	4804
符	4799
饰	4799
势	4795
护	4795
曝	4793
效	4782
杆	4774
鼻	4773
纪	4759
棵	4758
冬	4743
猛	4739
尘	4736
粗	4718
搬	4715
咬	4714
扔	4704
赖	4702
咱	4701
涂	4700
逃	4700
侠	4696
框	4695
摄	4693
潜	4687
邮	4687
咋	4680
残	4679
怒	4670
泽	4661
泥	4659
围	4656
怎	4656
告	4634
己	4633
曰	4623
昌	4620
继	4603
粒	4599
桶	4588
托	4581
焦	4572
桂	4570
畅	4562
肾	4555
煤	4553
棉	4545
碎	4544
废	4542
妻	4541
喔	4536
唯	4527
墨	4527
刺	4526
碰	4520
育	4518
衫	4507
轴	4502
哎	4493
敬	4482
染	4471
盯	4458
敌	4457
丸	4455
踏	4453
索	4447
於	4442
积	4440
隔	4431
凯	4419
豪	4415
烈	4405
娶	4399
剪	4396
拔	4394
娜	4383
姓	4374
艳	4373
斜	4350
稿	4335
尿	4322
诺	4314
预	4312
串	4311
酶	4307
窝	4301
困	4299
夺	4288
隐	4288
朗	4285
闲	4285
垫	4284
倾	4283
哇	4282
休	4280
寄	4275
挤	4275
导	4268
烤	4263
鼎	4263
译	4260
拼	4254
闷	4245
攻	4240
胃	4234
愈	4233
乳	4228
什	4228
扑	4206
移	4195
铭	4191
囧	4182
颖	4177
岳	4167
柱	4161
撑	4160
绣	4153
碗	4136
谋	4133
胆	4125
雄	4120
填	4107
朵	4105
幕	4104
始	4095
仓	4091
妙	4089
芝	4087
研	4086
承	4085
闪	4077
乙	4074
麻	4074
挖	4062
琪	4060
萨	4049
臣	4046
境	4045
尹	4032
呼	4032
臭	4032
伞	4011
滚	4009
暨	4002
森	4001
爸	3999
兔	3994
碳	3992
抛	3985
壹	3983
幻	3963
尼	3959
虹	3957
射	3956
傲	3936
扁	3935
磨	3935
旳	3924
盆	3923
欠	3920
愁	3913
趁	3907
挥	3906
厨	3904
砖	3904
腾	3897
钙	3895
互	3888
技	3877
略	3873
振	3864
邦	3858
喂	3853
促	3847
傅	3845
洛	3843
奔	3834
渐	3831
贼	3831
壁	3820
绕	3820
踢	3810
固	3806
撒	3805
叹	3802
粥	3798
御	3789
赤	3784
邵	3780
苗	3776
播	3770
浦	3764
判	3756
域	3754
政	3748
弃	3736
刮	3734
乎	3726
勤	3726
柯	3720
惜	3717
鼓	3717
坡	3712
雾	3710
晋	3706
兮	3703
址	3664
韵	3654
劝	3628
鸣	3625
劫	3619
否	3614
丑	3612
吵	3611
妨	3610
尝	3606
塞	3604
穆	3601
献	3598
宠	3590
裙	3590
赞	3586
痕	3582
握	3574
戒	3571
融	3564
盈	3560
规	3560
毕	3547
殿	3546
浓	3543
俱	3541
赠	3539
笨	3537
唉	3530
扎	3519
迟	3516
灶	3512
牧	3508
惨	3500
邱	3499
霸	3497
碧	3490
闯	3489
乜	3487
启	3484
渝	3484
哩	3482
瞪	3481
伯	3474
炸	3470
聘	3463
旭	3460
哋	3458
汁	3457
摔	3454
莲	3454
冇	3424
议	3424
丫	3420
充	3420
阶	3419
拆	3417
甩	3416
靓	3415
席	3411
漫	3410
爷	3407
迪	3406
勒	3396
扶	3391
柔	3389
划	3383
哲	3381
姿	3379
吊	3376
悟	3373
航	3371
霍	3366
访	3363
享	3360
碟	3359
扯	3353
粘	3349
谜	3332
饼	3332
津	3323
唇	3322
廖	3321
债	3312
湘	3306
桑	3297
辰	3294
触	3286
萍	3271
趴	3267
鹰	3256
罚	3251
历	3250
霞	3250
烫	3247
饱	3243
渡	3238
耍	3238
予	3234
喷	3231
探	3231
突	3229
涵	3211
伏	3208
怨	3207
壳	3200
巫	3197
尖	3195
孝	3191
韦	3184
谱	3179
弯	3176
膏	3176
仿	3175
尺	3170
泛	3168
扫	3167
坑	3155
坝	3141
磊	3133
资	3131
携	3128
莉	3123
俗	3121
参	3120
霖	3118
赔	3117
频	3117
捧	3116
赌	3115
郡	3108
翠	3105
睁	3103
抹	3100
敲	3100
株	3097
碁	3094
娇	3093
扇	3093
啲	3091
郝	3089
翁	3086
藤	3082
耶	3081
示	3075
帽	3074
锡	3071
储	3064
哟	3062
遥	3058
谓	3055
滩	3051
罐	3051
斩	3046
屈	3045
眉	3038
淘	3037
氧	3033
损	3031
宣	3029
锌	3029
箭	3028
凶	3023
伦	3019
糸	3019
俾	3014
俞	3010
炮	3009
捏	3004
叠	3003
拥	3002
悲	3001
束	3000
逢	3000
邹	2995
脂	2994
肌	2988
辑	2986
裸	2985
灾	2983
虾	2981
锐	2980
宅	2974
希	2974
砂	2974
岂	2971
寨	2970
检	2970
忌	2968
熙	2964
苯	2963
瘤	2960
凝	2953
蝶	2951
碑	2950
浙	2948
姬	2947
凑	2946
厢	2946
帐	2934
亏	2929
涌	2929
衰	2929
途	2929
糟	2925
拒	2923
兜	2916
豫	2914
墓	2903
执	2899
驰	2899
帆	2896
曼	2895
诛	2891
抵	2888
沿	2878
殷	2872
吼	2871
砍	2867
忆	2862
椅	2860
蒲	2856
兄	2855
枝	2853
冻	2844
舰	2841
协	2839
浮	2837
拨	2835
济	2834
瓦	2831
桃	2830
屯	2828
妃	2826
勾	2824
倪	2822
妇	2822
瞧	2814
蒸	2808
毅	2805
脉	2800
拜	2798
材	2795
蕾	2789
嫌	2783
岸	2781
悔	2775
徒	2774
屑	2762
孤	2757
珍	2755
蹲	2753
薇	2749
讨	2748
廉	2744
务	2735
氟	2735
彼	2734
愣	2733
胎	2730
耻	2728
荷	2725
盼	2712
潭	2710
垂	2708
纲	2700
腺	2698
删	2694
坚	2689
槽	2682
销	2682
介	2678
鸭	2678
绳	2668
龟	2668
滨	2666
罩	2663
抬	2654
噢	2650
幽	2650
沾	2644
偿	2633
详	2630
确	2629
乖	2626
尤	2623
拓	2623
蜜	2623
伍	2604
彦	2590
忽	2590
裂	2589
灌	2581
誉	2578
监	2577
劳	2572
皱	2571
聂	2571
纱	2570
勿	2569
颇	2568
筒	2561
茹	2561
柴	2560
乌	2558
炼	2554
仕	2553
嫩	2549
盾	2542
坛	2541
典	2537
睿	2537
卜	2536
媒	2534
浴	2534
龚	2534
漏	2532
馨	2532
妮	2530
邢	2527
婷	2525
篮	2525
阅	2519
咸	2518
驴	2508
祸	2506
臂	2506
酱	2498
邀	2495
斑	2494
伸	2492
迫	2489
谦	2483
硅	2482
恏	2481
遂	2480
醋	2479
暂	2477
辞	2474
郁	2469
惯	2465
亡	2462
旋	2460
吞	2457
叔	2456
颈	2456
延	2445
尸	2443
盗	2439
芬	2435
卧	2425
映	2425
撕	2423
婆	2422
晖	2421
犹	2419
壶	2417
缓	2417
棋	2416
脏	2412
跃	2412
堵	2408
催	2405
遮	2405
蓉	2403
菊	2402
兑	2401
逾	2399
酯	2399
倩	2398
晃	2392
激	2392
捡	2390
摩	2385
硕	2379
腹	2379
呵	2377
筑	2376
耀	2374
肠	2372
娃	2370
炫	2368
眠	2368
贱	2368
抖	2367
朴	2367
逆	2366
钉	2366
斋	2363
茂	2363
恐	2362
措	2361
挣	2353
奉	2347
警	2345
矣	2344
愧	2343
坪	2338
跪	2337
瓷	2336
肚	2336
默	2333
捉	2332
禅	2331
迁	2328
哼	2325
账	2325
缠	2323
抄	2322
寿	2320
避	2320
幼	2316
挨	2310
弦	2304
弘	2301
奕	2295
律	2292
慎	2291
昊	2287
岚	2286
疾	2285
毁	2284
塌	2279
荐	2279
熬	2278
澜	2277
拾	2273
逐	2269
纵	2267
缩	2264
述	2262
鹿	2261
醇	2258
祭	2257
朋	2249
贷	2246
粮	2239
钠	2235
伪	2232
秘	2231
琼	2230
逗	2230
割	2229
态	2223
弓	2218
哄	2216
捷	2215
瓜	2211
截	2209
策	2209
籍	2209
袭	2209
钓	2206
坤	2205
玮	2199
慕	2192
嗯	2190
卿	2189
磁	2186
皖	2184
贪	2184
钛	2183
培	2179
洒	2179
呐	2178
莹	2177
庞	2171
狐	2171
陷	2166
舌	2158
龄	2158
淇	2156
函	2150
辜	2146
摊	2145
筋	2145
饶	2138
吥	2137
魅	2133
雕	2132
薪	2125
腔	2124
习	2123
骏	2116
妍	2115
扮	2115
镁	2113
审	2112
爹	2109
歪	2108
堰	2105
雯	2100
蓄	2097
缸	2089
佑	2085
嘢	2075
禾	2075
鹤	2074
穴	2072
阻	2072
霆	2067
靖	2065
齿	2057
锂	2052
兆	2049
悬	2048
袖	2048
塑	2044
诉	2033
瞎	2032
枕	2030
驱	2028
痴	2026
黔	2024
释	2021
裕	2019
艘	2018
佩	2017
梨	2013
渣	2012
辽	2010
刃	2009
宿	2008
喻	2007
萌	1997
渊	1996
瑶	1988
舟	1986
烨	1984
猴	1978
递	1977
夕	1969
荡	1959
咽	1958
径	1958
朔	1956
狮	1953
陵	1950
喽	1945
赐	1944
咏	1940
弟	1936
杭	1936
铃	1936
宴	1935
炭	1925
昨	1923
楠	1923
蟹	1923
桐	1919
赋	1914
淋	1913
遗	1910
统	1907
鲍	1907
壮	1906
桩	1903
捂	1902
窦	1900
蜀	1896
厌	1894
搂	1894
迈	1892
颂	1889
裴	1884
刑	1881
乾	1880
贞	1877
铅	1877
揉	1873
煎	1870
樱	1868
泾	1864
瑜	1861
丛	1857
磅	1856
诀	1854
幢	1848
刊	1846
绘	1844
吟	1843
畏	1841
蒂	1828
碱	1827
鹅	1823
阎	1822
暮	1821
担	1820
荒	1820
玛	1818
磷	1817
织	1817
稀	1813
鄂	1812
彪	1811
锤	1808
簿	1804
娱	1802
坠	1801
蔚	1801
炖	1800
捞	1798
氢	1796
虞	1796
娟	1793
葱	1793
辈	1793
咖	1792
殇	1792
璐	1791
窄	1786
窑	1783
帘	1777
妞	1773
溜	1767
危	1764
肿	1764
呗	1760
捐	1759
央	1758
涉	1756
辅	1754
煞	1752
矮	1750
豹	1749
柄	1747
仇	1744
钩	1743
验	1743
惟	1741
裹	1741
裁	1739
趟	1736
佬	1735
蚊	1733
虑	1731
苍	1730
阮	1729
竞	1728
屁	1726
汽	1726
蛾	1720
闽	1717
咒	1715
慈	1715
宾	1714
择	1713
腻	1713
伐	1711
姨	1710
彬	1710
氯	1710
覆	1707
丙	1705
渠	1705
揭	1704
乏	1698
痒	1698
峩	1697
焉	1695
冀	1693
樊	1691
雁	1691
咪	1686
闸	1686
昆	1683
燃	1681
舱	1677
揍	1676
叻	1675
喘	1669
啸	1668
厉	1667
囊	1666
暇	1665
浆	1664
悠	1662
旦	1661
茅	1660
衡	1660
午	1659
僧	1650
憋	1649
糊	1642
披	1641
赫	1641
琦	1637
仰	1635
疏	1635
闫	1633
彻	1629
恰	1629
溶	1629
泣	1627
劈	1623
咧	1619
葵	1617
屡	1615
植	1614
屎	1605
沵	1604
爪	1604
丘	1603
扩	1595
耗	1595
拽	1590
坟	1588
煲	1582
俏	1577
麟	1576
扭	1572
署	1571
颐	1571
彤	1568
棚	1567
仗	1564
氮	1563
妾	1562
慌	1561
崖	1559
卸	1555
漂	1553
邻	1553
揽	1552
焊	1546
菱	1538
魄	1538
媚	1536
奏	1535
轰	1533
禽	1532
巩	1531
橙	1530
绮	1530
峡	1529
睹	1527
夷	1523
孩	1519
狄	1519
蜂	1517
沐	1515
籽	1515
莎	1514
韶	1513
泄	1510
敷	1508
扛	1506
笼	1506
繁	1504
猎	1503
轨	1499
拦	1498
夸	1495
掩	1494
疲	1494
咔	1492
候	1490
啃	1489
杏	1485
竖	1480
膝	1479
哆	1475
趋	1475
棍	1470
芸	1470
墩	1467
汝	1467
翟	1465
丈	1461
浇	1461
绑	1461
戈	1460
渔	1460
筹	1460
奴	1448
授	1447
芒	1447
冥	1446
帧	1446
荆	1446
撤	1444
沦	1443
唤	1442
钾	1440
昭	1437
聪	1434
胺	1434
宪	1432
滤	1430
屠	1425
逝	1425
拐	1419
眨	1417
敖	1416
匹	1414
脆	1412
禹	1411
昂	1407
掏	1405
酮	1405
哒	1402
镍	1402
侨	1400
叁	1396
涩	1391
穗	1391
鉴	1389
甄	1388
詹	1388
勺	1384
喀	1376
惧	1374
冉	1373
莱	1373
萱	1373
诶	1373
辖	1373
窜	1371
蒜	1370
倚	1366
畔	1365
纤	1365
坦	1364
姆	1364
珊	1361
羞	1357
拌	1356
淫	1356
朕	1354
誓	1353
哉	1352
崇	1352
瞳	1349
哀	1346
葬	1346
泊	1345
皓	1344
筛	1344
押	1342
抚	1341
澄	1341
睛	1340
堤	1336
蹦	1336
纺	1334
沁	1333
栽	1332
氨	1332
甫	1330
梯	1328
丞	1326
挠	1325
芽	1324
侍	1323
搏	1323
昕	1323
纬	1321
浸	1314
尓	1313
绒	1312
翘	1310
踪	1310
痘	1309
滕	1306
蕊	1304
拧	1301
卵	1298
巢	1298
掀	1286
喉	1285
婴	1285
楞	1283
耿	1283
恭	1281
妥	1280
匪	1278
弥	1277
媛	1276
禄	1275
叉	1272
召	1271
徽	1271
澡	1269
革	1267
秤	1263
骆	1261
兹	1259
酥	1258
肆	1256
昰	1255
搓	1254
允	1252
玫	1252
桓	1249
奎	1248
搅	1247
埠	1245
宰	1244
衬	1242
崎	1240
瓣	1239
昏	1237
涐	1234
淑	1234
攀	1231
阔	1231
陕	1231
巡	1229
丶	1228
拎	1225
钰	1225
淮	1224
卟	1218
绍	1217
觅	1216
祛	1214
庵	1213
瞒	1211
捕	1208
灿	1207
雌	1205
扒	1204
概	1204
脾	1202
碍	1200
挽	1198
呃	1194
焕	1191
眯	1191
颠	1191
沸	1190
铸	1189
撇	1187
粪	1186
痰	1184
佟	1183
泻	1181
祁	1181
泳	1179
缴	1179
肤	1178
沫	1176
察	1175
寇	1174
弗	1174
麽	1173
怜	1170
曦	1170
梓	1168
峪	1165
迹	1165
冶	1161
卦	1159
羡	1154
贸	1154
贫	1153
焰	1151
晟	1150
硫	1148
姑	1147
铂	1147
杖	1146
茜	1146
嗨	1145
貌	1144
皒	1142
隋	1140
拣	1137
嚟	1135
乍	1133
馅	1133
枣	1132
尧	1129
靴	1127
戚	1126
儒	1125
谨	1124
燥	1123
牢	1123
寂	1122
蜡	1120
剥	1118
廊	1116
溢	1116
玖	1116
削	1112
嗳	1111
贯	1111
盲	1110
巾	1109
凹	1108
璇	1107
伙	1105
况	1105
囿	1104
婉	1104
炜	1104
俐	1103
谊	1103
孒	1101
翅	1100
嘟	1092
坎	1092
擎	1090
戳	1088
崩	1087
艇	1085
窟	1083
泼	1082
磕	1080
梗	1079
蛊	1079
析	1078
腐	1078
遣	1073
嫂	1071
枯	1070
辨	1070
拷	1069
贰	1069
络	1068
辱	1067
茗	1061
庚	1058
晏	1058
蠢	1058
镶	1057
逊	1055
嘿	1054
岑	1053
梳	1049
祢	1047
屿	1046
杉	1046
稻	1046
倦	1044
兲	1044
咳	1044
鸽	1043
矢	1040
袍	1039
惑	1037
拘	1036
袜	1034
违	1032
斧	1031
卑	1030
闵	1030
祺	1028
牟	1027
臧	1021
舔	1021
嚼	1019
秂	1017
胀	1016
笛	1011
丧	1010
雀	1010
戎	1009
鹃	1009
晤	1008
灬	1006
钳	1006
虐	1005
卒	1004
苟	1003
浜	1002
瑕	1002
迩	1001
循	999
拱	999
淳	997
菇	997
娴	993
暸	993
藻	993
盏	990
赣	990
愚	987
呛	986
孓	986
污	986
斐	985
矩	985
叼	984
挪	984
擒	984
瘾	984
械	982
攒	981
筱	980
瑾	979
霉	979
藕	978
恼	973
栗	973
役	972
构	971
匀	970
钞	970
嵩	969
援	967
槐	967
歇	967
耕	967
舜	966
恕	964
仆	963
厦	962
陌	962
颤	962
钦	961
轿	960
奸	959
耸	958
爵	957
祠	957
棕	956
茬	956
辊	956
竭	954
衷	953
瞄	952
蓬	952
凸	950
欺	950
芦	950
冤	949
吋	949
墅	949
拂	949
熏	949
熔	949
昧	948
酚	947
帕	944
肽	942
尐	941
掐	940
蹭	934
弊	933
绞	933
抑	931
阜	931
狱	930
辩	930
涯	929
腥	929
邑	928
桦	927
雍	926
综	924
褪	923
飚	923
靶	922
铬	917
陀	917
勋	916
渴	916
竿	916
昔	915
寅	913
扰	913
翰	913
骚	910
茎	909
诱	909
蛙	908
浑	906
揪	905
诊	901
弧	900
殊	900
螺	898
佰	897
匡	896
臀	894
侵	893
搁	893
梢	893
捻	892
厘	891
踹	891
疆	890
叙	889
噬	888
捅	888
芙	888
轼	886
奋	885
煜	885
捆	884
茨	883
嵌	882
嘞	879
尛	879
翎	876
黛	876
铮	874
匙	873
蹬	873
坨	869
鳞	867
甸	865
钧	865
梵	863
洼	863
潇	863
嫣	862
沽	862
廷	859
滋	859
砬	858
庸	856
涮	856
滇	855
冈	854
渗	853
呜	851
掷	851
瞬	850
锥	850
鞭	850
估	849
瀚	849
谂	849
辟	849
啼	845
描	845
贡	845
眸	844
啵	843
募	842
驿	842
芹	839
铲	839
涧	836
垢	834
悄	833
锈	832
掺	831
杠	831
卤	829
蔓	829
羁	827
裘	827
旱	826
锰	826
莺	823
飙	822
腕	821
肘	818
漕	816
娄	813
婕	811
汀	811
珂	810
谍	807
巳	806
绵	806
诵	803
窍	799
氖	798
滥	793
娥	792
靳	791
嘀	790
淌	790
畜	790
邸	790
栓	789
侃	788
寓	788
溅	788
蚁	788
仄	787
刹	787
笋	786
蝉	780
倡	779
哑	779
糕	778
遁	778
僦	777
酿	777
椒	774
澈	772
诈	772
凳	770
嘘	768
贩	768
巍	767
恪	767
纶	767
覃	765
谐	765
垮	764
拢	764
疗	763
唑	762
峻	761
煌	761
鸠	760
嗜	758
铉	758
锯	756
镀	756
宸	755
懿	755
掠	755
契	754
怔	751
沃	751
督	751
皂	744
棠	743
晾	740
榆	740
橘	740
碘	739
衍	739
坂	737
匠	734
褚	734
漠	732
冢	730
腮	730
癫	729
亨	727
滞	727
伽	726
僵	726
栖	726
剖	725
婧	725
茵	723
侑	721
骄	721
孰	719
枉	719
傍	718
肋	714
淼	713
芷	711
绫	710
瑛	708
稠	707
粟	707
丨	706
釉	705
履	703
菁	703
娅	701
躯	701
蕴	700
淞	699
袮	695
弩	693
巅	692
恬	692
旬	692
桔	690
簇	690
蘸	690
荨	689
屹	688
毯	688
泓	688
窃	688
蚀	688
瞿	687
卞	686
砌	686
衔	684
撰	683
瞅	683
拙	680
羹	680
蛤	679
戟	677
跋	674
叮	672
奚	672
寝	672
溃	672
阙	672
坞	671
嬲	670
榕	670
憎	669
脊	669
臻	669
宦	668
斥	667
硒	667
奢	666
樟	666
卯	664
喵	664
祈	663
悉	661
纷	661
旷	660
笙	660
萝	659
孚	658
髓	657
敦	656
蚕	656
芮	655
灏	654
禧	654
寡	653
哨	652
厄	651
囬	651
呕	649
橡	649
珞	649
逍	649
绪	648
宛	647
镭	645
烙	643
逮	643
陡	643
砚	642
究	642
缪	642
猿	641
啰	640
沧	640
炙	640
鞠	639
胤	638
憾	637
箫	637
荫	637
锻	637
侬	636
嗲	636
湛	636
矫	636
礁	636
吏	633
玥	633
捣	632
恢	631
圩	628
笠	628
荼	628
丄	627
昵	627
障	627
絮	626
览	626
岐	625
汶	625
灼	625
刨	624
肃	624
抠	621
迭	621
忒	620
楽	619
扳	618
俯	616
椎	616
摧	615
浊	615
魁	615
椿	614
霄	614
驶	614
崽	613
窥	613
锣	613
黏	613
咀	612
悳	612
宵	611
洽	611
揣	609
绯	608
苇	608
驭	607
焱	606
腊	606
郅	606
彰	605
痣	605
瞥	604
缚	603
嗣	602
梭	602
茧	602
鲨	602
浚	601
羌	601
诏	601
驳	601
孬	600
曜	600
蓓	600
墒	599
恍	597
掰	597
焚	597
疤	597
锏	594
旨	593
埃	592
刁	591
劣	591
烛	591
嚎	590
懈	589
摞	589
漾	588
谎	588
邬	588
矛	587
辙	587
琛	586
囚	585
捶	584
墉	583
蹈	583
菂	582
酬	582
钴	581
嚷	580
庐	580
蛟	580
钬	580
嗅	579
睦	578
抿	577
佘	576
裳	575
瀑	574
聋	574
鲸	573
颊	572
瑄	571
叩	570
钡	568
釜	567
钼	567
焖	566
眶	566
祗	566
绊	566
襄	566
堕	565
莘	565
醚	565
仑	563
呦	563
荀	562
沛	561
鉨	561
咨	560
铵	559
噜	557
菿	557
钨	557
鸾	557
兢	556
丅	555
棺	555
厮	553
涓	553
葡	553
鞘	553
肇	552
蝎	552
剃	551
汞	551
瞻	551
埔	550
怯	550
莽	550
蕉	550
蹿	550
嘌	549
箍	549
尒	548
胞	547
苡	547
苷	546
魜	546
濡	545
迦	544
戊	543
烯	543
纽	543
薯	543
挫	542
妄	541
贬	541
瓢	540
鞍	540
撬	538
擅	538
缕	538
询	538
柒	537
汐	537
驼	537
玻	536
叽	535
拭	534
瑟	531
藉	531
骋	531
岱	530
焙	530
桨	529
褂	529
褐	528
涤	527
炕	526
茄	526
蔽	525
钊	522
筐	519
腌	519
凿	518
棱	518
轧	518
钵	518
隅	518
卉	517
垒	517
垣	517
荔	516
隙	516
乒	515
噪	514
泗	514
孽	513
昼	512
歼	512
讳	512
脓	510
雇	509
橱	508
凰	507
莞	507
牡	506
瘫	506
拇	505
碾	505
愤	504
艰	504
捎	503
昱	503
淹	503
慰	501
敛	501
锕	501
锝	501
陇	501
弛	497
恙	497
钗	497
溴	496
裔	496
遵	495
驯	495
噩	494
毙	494
癖	494
秉	494
钝	493
晔	492
淀	492
醛	490
唠	489
谛	489
隽	489
缀	488
呒	487
妒	487
胚	487
镉	487
圹	486
竺	485
亼	484
躁	484
囡	483
掂	483
栅	483
哗	482
簧	482
胥	482
檐	480
硼	480
茫	480
骇	480
冼	479
歉	478
灸	478
绢	478
蕙	478
霏	478
爻	477
铣	477
榨	476
筝	475
宥	473
沥	470
罘	470
椰	468
钕	468
锭	468
掘	467
珏	466
罕	465
襟	465
媞	464
胰	464
坯	463
炽	463
熹	463
饥	463
圭	462
気	462
亢	461
堑	459
尉	459
亥	458
嘻	457
垠	457
佣	456
佷	456
俭	456
嗔	456
濑	456
啪	455
栾	455
炳	455
芣	455
鳖	455
毡	454
洙	454
瞟	454
伶	453
胁	453
萦	453
轶	453
励	452
楷	452
蜃	452
蟒	452
啤	451
璃	451
笃	451
赦	451
訫	450
咚	449
檀	449
赎	449
勃	448
谏	448
鈤	448
溺	447
馋	446
晗	445
庾	443
绛	443
萃	442
棣	441
馍	441
毋	440
夭	439
攰	439
鹊	438
叛	437
舅	437
韬	437
渍	436
苔	436
渭	435
糜	435
谌	435
贮	435
钒	435
攥	434
甭	434
勘	433
嗟	433
憨	433
湜	433
锟	433
寳	431
陂	431
剌	430
璧	430
耙	430
旌	428
钮	428
悍	427
盅	427
苛	427
厥	426
脐	426
鸥	426
徵	424
暑	424
歆	424
貂	424
獒	423
秃	423
瓮	422
乞	421
帜	421
歧	421
嘈	420
琢	420
酰	420
凛	419
崭	419
恺	419
淖	419
珉	419
関	418
圃	417
沓	417
绩	417
啱	416
括	416
绷	416
鸦	416
亽	415
撼	415
饵	415
嗪	414
荟	414
谣	414
麓	414
嫒	413
町	413
荤	413
尕	412
毓	412
渚	412
勉	411
朲	411
稚	411
赱	411
壬	410
窖	410
馀	410
撩	409
殖	409
珑	409
郊	408
愕	407
栈	407
剁	406
栎	406
疫	406
弈	405
矶	405
濮	404
熄	404
纠	404
砼	403
筠	403
胧	403
雏	403
匾	402
蹄	402
仨	401
吡	401
艮	401
拴	400
糯	400
寮	399
镖	398
吁	397
挟	397
疮	397
倭	396
吭	396
喧	396
甾	396
脖	396
缇	395
骥	395
惶	394
忻	393
懵	393
枭	393
骸	393
沱	392
躬	391
镐	391
驹	391
犁	390
锚	390
靡	390
努	389
兀	388
峥	388
黯	388
厝	387
嫉	387
睬	387
蝗	387
榭	386
膨	386
芜	386
茉	386
孜	385
侄	383
妓	383
婶	383
汾	383
琅	383
琏	383
璞	383
蒿	383
钥	383
宙	382
樽	382
痹	382
搽	381
缅	381
诘	381
氐	380
烷	380
嗤	379
幌	379
淅	379
鲤	379
狭	378
翊	378
诡	378
苹	377
弑	376
罡	376
虏	376
陨	376
瘀	375
疃	374
鳌	373
筷	372
缆	371
膊	371
膳	371
颁	371
冕	370
岢	370
匣	369
厕	368
紊	368
谕	368
弋	367
涡	367
磐	367
顷	367
婵	366
嬅	365
烁	365
碌	365
芭	365
趾	365
俪	364
姗	364
怠	364
瀛	364
玺	364
钜	363
锆	363
棘	362
谝	361
莓	360
咦	359
摁	359
稽	359
烘	358
鹭	358
瘟	357
磺	357
蚌	357
铎	357
咎	356
幺	356
蕞	356
辫	356
韧	356
驮	356
麒	356
吔	355
涞	355
谒	355
乛	354
羟	354
诞	354
颉	354
荃	353
侣	352
挎	352
苓	352
嫖	351
幡	351
痔	351
眩	351
噎	350
撅	350
袄	350
铀	350
呱	349
敝	349
甬	349
骤	349
挚	348
嘶	347
疣	347
砷	346
粽	346
锄	346
痞	344
缎	344
斟	343
潴	343
猥	343
庶	342
矗	342
笺	342
罄	342
隼	342
崴	339
斓	339
烹	339
裆	339
酉	339
唬	338
垦	338
琰	338
芾	338
锲	338
恃	337
骞	337
囤	336
戌	336
芊	336
癸	335
侦	334
烃	334
吢	333
緈	333
蟮	333
颌	333
颍	333
亾	332
叭	331
杳	331
榻	331
霓	331
埒	330
饺	330
蛛	329
谙	329
倘	327
偎	327
喃	327
幂	327
伢	326
囍	326
渤	326
瘪	326
蝇	326
肢	325
锗	325
噻	324
対	324
恳	324
柠	324
炬	324
胯	324
哌	323
啄	323
岔	323
狸	323
殴	322
漪	322
酪	322
铠	322
宓	321
绽	321
蔷	321
坳	319
饷	319
攸	317
祚	317
肛	317
焯	316
咕	315
拈	315
溥	315
琉	314
璟	314
惩	313
氩	313
舵	313
仟	311
拗	311
暧	311
燮	311
绸	311
厷	310
廓	310
羚	310
阑	310
镕	309
癣	308
篱	308
衙	308
眷	307
锷	307
芥	306
饬	306
鬓	306
柿	305
糠	305
邝	305
墟	304
薆	304
踝	304
寰	303
羙	302
菅	302
蹙	302
郜	302
酌	302
绚	301
羲	301
蔺	301
篷	300
腋	300
戮	299
洧	299
缁	299
铛	299
黒	299
敕	298
柑	298
瞭	298
蠡	298
摹	297
缤	297
偈	296
姝	296
朦	296
谅	296
啉	295
隶	295
渺	294
烩	294
舀	294
嚣	293
涣	293
煨	293
褒	293
赡	293
钚	293
浠	292
诣	292
鈊	292
鹑	292
镑	291
馐	291
庋	290
梧	290
葆	290
镳	290
颓	290
啡	289
岙	289
捋	289
珈	289
绾	289
徊	288
怂	288
鋈	288
丕	287
抒	287
柚	287
阚	287
顽	287
飧	287
鸢	287
绅	286
蔻	285
谑	285
逵	285
匆	284
噼	284
姻	284
觑	284
豢	284
魇	284
儍	283
饲	282
嫡	281
寐	281
惺	281
沼	281
滔	281
茸	281
雒	281
侗	280
婢	280
庖	280
彝	280
甙	280
蛭	280
轲	280
厍	279
敞	279
晁	279
潞	279
炯	279
藩	279
谥	279
髋	279
卐	278
抡	278
桢	278
檬	278
芏	277
蓟	277
亇	276
唧	276
璋	276
诩	276
洅	275
褶	275
奂	274
昀	274
毗	274
濠	274
谩	274
蹴	274
玓	273
祀	273
喆	272
崾	272
曳	272
桀	272
泠	272
洎	272
讪	272
乄	271
僳	271
札	271
熨	271
燊	271
莣	271
郦	271
呤	270
嗽	270
悼	270
涅	270
癞	270
悖	269
惭	269
揖	269
沅	269
臼	269
喓	268
暄	268
淤	268
螨	268
鄙	268
嫔	267
怖	267
掣	267
溟	267
锛	267
猩	266
琨	266
粕	266
倔	265
剿	265
娣	265
琍	265
苞	265
萘	265
醯	265
巽	264
浣	264
糗	264
萤	264
凄	263
嗦	263
囝	263
怼	263
扉	263
樵	263
獾	263
逞	263
嬴	262
淬	262
叟	261
峁	261
炊	261
硝	261
匕	260
嗡	260
祯	260
唷	259
涟	259
脲	259
舆	259
蛹	259
颅	259
伎	258
浏	258
漱	258
枰	257
跺	257
弼	256
汏	256
鹜	256
垄	255
湄	255
鳄	255
売	254
嬉	254
恤	254
擂	253
沂	253
轸	253
珺	252
瘸	252
馈	252
喙	251
姊	251
槌	251
愉	250
漳	250
聆	250
聿	250
蜗	250
豚	250
龅	250
樾	249
菀	249
裱	249
亻	247
変	247
拄	247
掖	247
苣	247
冭	246
刂	246
様	246
颦	246
娑	245
滢	245
吮	244
嗑	244
曙	244
疹	244
秩	244
籹	244
胫	244
陋	244
垛	243
揾	243
猝	243
瓒	243
茱	243
婿	242
畈	242
缶	242
讼	242
铱	242
呿	241
帛	241
擀	241
溯	241
姹	240
昶	240
沩	240
濄	240
蹑	240
鄢	240
嗌	239
焗	239
窘	239
鹄	239
寞	238
瓯	238
禀	238
踮	238
铆	238
咿	237
壑	237
饕	237
橹	236
煸	236
苁	236
蔬	236
锑	236
颛	236
噗	235
峭	235
渲	235
骐	235
徳	234
硎	234
搔	233
脯	233
踱	233
馗	233
丗	232
馥	232
孢	231
笥	231
霁	231
啖	230
夲	230
姣	230
枷	230
睑	230
砰	230
肟	230
蠹	230
鳍	230
丐	229
叱	229
掱	229
秽	229
妤	228
庇	228
晰	228
罔	228
銆	228
峨	227
徙	227
戦	227
涝	227
荻	227
诠	227
伈	226
撮	226
汲	226
慨	225
秧	225
芋	225
葽	225
邰	225
勐	224
吝	224
惢	224
杵	224
诃	224
偃	223
呸	223
垟	223
夯	223
掳	223
璜	223
祷	223
偠	222
嗖	222
朽	222
迸	222
哖	221
峙	221
戬	221
倁	220
聼	220
谟	220
昙	219
皋	219
穹	219
蟾	219
诳	219
銮	219
氲	218
辷	218
飨	218
吠	217
峦	217
捌	217
犀	217
狙	217
翡	217
苋	217
讽	217
阉	217
偕	216
吱	216
嗷	216
寤	216
晌	216
苄	216
鱿	216
啶	215
嗄	215
涙	215
菡	215
仩	214
庑	214
琐	214
疵	214
稼	214
阕	214
壤	213
枢	213
汕	213
珴	213
跷	213
馊	213
凋	212
忝	212
撵	212
旻	212
榴	211
烽	211
児	210
浔	210
缨	210
袅	210
讫	210
骶	210
榛	209
槎	209
竦	209
绻	209
诤	209
鍪	209
桧	208
芪	208
髻	208
戍	207
扪	207
渌	207
羿	207
肪	207
谀	207
谖	207
阖	207
呲	206
啫	206
洳	206
胍	206
艿	206
虻	206
杺	205
乓	204
咂	204
哺	204
颞	204
忿	203
篆	203
谬	203
谴	203
践	203
嘲	202
埘	202
庥	202
绥	202
镰	202
垅	201
嵘	201
幔	201
玳	201
辐	201
嘱	200
岬	200
憬	200
杞	200
浒	200
珀	200
琥	200
笆	200
邕	200
扈	199
洇	199
涕	199
犊	199
钯	199
唛	198
汴	198
炷	198
蚜	198
诫	198
诹	198
谧	198
遛	198
鞯	198
丆	197
亓	197
泷	197
濂	197
盔	197
窒	197
缔	197
虬	197
蚝	197
讷	197
趺	197
鼬	197
匝	196
孑	196
恴	196
楔	196
湍	196
皿	196
祎	196
钌	196
镞	196
飒	196
廿	195
莆	195
呷	194
圳	194
実	194
氰	194
浍	194
蛔	194
辍	194
锺	194
呮	193
娼	193
箩	193
钽	193
叨	192
堇	192
扼	192
泯	192
痢	192
痪	192
舛	192
逯	192
熠	191
础	191
肱	191
刈	190
咲	190
夨	190
孖	190
殃	190
渥	190
澎	190
硐	190
筏	190
绰	190
遈	190
铰	190
壕	189
嵇	189
汛	189
涸	189
秸	189
笫	189
蔫	189
蜕	189
円	188
剔	188
嚄	188
渎	188
糙	188
芩	188
贻	188
铡	188
滦	187
狩	187
翱	187
耽	187
艹	187
豁	187
遏	187
锶	187
鞑	187
岫	186
汰	186
煊	186
哂	185
堀	185
帷	185
惚	185
煽	185
疝	185
祟	185
缃	185
膈	185
吆	184
悯	184
瑰	184
瞩	184
荚	184
诙	184
辄	184
髯	184
魑	184
俑	183
卍	183
愠	183
攞	183
粱	183
蕃	183
蹶	183
檤	182
歹	182
玍	182
畲	182
绦	182
酆	182
沏	181
澹	181
濯	181
県	181
砣	181
肴	181
蝠	181
锉	181
雉	181
匿	180
熵	180
萼	180
軆	180
岷	179
弌	179
绀	179
锹	179
仝	178
啻	178
彧	178
矜	178
菈	178
諨	178
髂	178
鲂	178
唻	177
噙	177
楣	177
瘘	177
皙	177
箐	177
俘	176
垭	176
埂	176
浃	176
伺	175
発	175
筵	175
骅	175
丿	174
僾	174
湮	174
煦	174
衾	174
邈	174
姥	173
炝	173
焘	173
绱	173
纂	173
膦	173
舫	173
嗝	172
媳	172
拯	172
榄	172
赘	172
镂	172
闰	172
徕	171
漓	171
畹	171
苘	171
茆	171
匦	170
姒	170
洵	170
觞	170
鹫	170
劵	169
哊	169
殒	169
笾	169
菩	169
谡	169
骰	169
鸵	169
侽	168
槛	168
矽	168
笕	168
粹	168
芰	168
诮	168
颚	168
凼	167
嘫	167
蛆	167
酣	167
铯	167
骡	167
俅	166
儆	166
拚	166
椤	166
诰	166
饔	166
髁	166
咣	165
孵	165
晦	165
杓	165
栉	165
楹	165
膛	165
舶	165
苌	165
诒	165
咝	164
哧	164
嘣	164
淂	164
羧	164
蜈	164
闺	164
咫	163
恁	163
惫	163
沤	163
淙	163
砺	163
莒	163
踉	163
霭	163
俚	162
崮	162
擞	162
藜	162
孛	161
柬	161
榈	161
甑	161
睋	161
耆	161
觥	161
詈	161
饴	161
嗒	160
挛	160
撸	160
樯	160
氡	160
泺	160
睫	160
碛	160
虔	160
赉	160
钣	160
亟	159
夙	159
娆	159
寔	159
屌	159
桜	159
溡	159
膀	159
迓	159
髦	159
媸	158
怵	158
恠	158
悸	158
泌	158
畱	158
砜	158
磬	158
葑	158
讥	158
谗	158
镗	158
滘	157
熘	157
珩	157
瞓	157
苊	157
诲	157
鲫	157
啜	156
崛	156
迳	156
逺	156
铤	156
亊	155
卮	155
唏	155
惪	155
慑	155
槿	155
煅	155
笱	155
耘	155
膘	155
芡	155
荧	155
莼	155
氽	154
掬	154
涎	154
螅	154
诟	154
贲	154
镏	154
鹗	154
丷	153
亍	153
歩	153
璨	153
禺	153
紸	153
缬	153
翌	153
鍏	153
圻	152
妗	152
彵	152
涫	152
瘁	152
砥	152
祜	152
羯	152
舸	152
虱	152
蛘	152
钤	152
佚	151
俸	151
喹	151
奠	151
楮	151
殆	151
狈	151
篑	151
罒	151
郢	151
铋	151
馕	151
龋	151
哐	150
嶂	150
枋	150
篓	150
莅	150
觳	150
赟	150
闾	150
阋	150
骁	150
鸬	150
叵	149
哽	149
搀	149
盎	149
诎	149
蹇	149
镓	149
泸	148
洮	148
翩	148
胄	148
诓	148
谔	148
鳃	148
黾	148
乇	147
埭	147
欤	147
汜	147
澍	147
粑	147
莳	147
镯	147
傩	146
啧	146
攘	146
斡	146
枳	146
柘	146
炀	146
畦	146
瞰	146
芐	146
薏	146
蛰	146
辗	146
鄣	146
靥	146
囘	145
嗓	145
旖	145
芫	145
蜷	145
骊	145
婹	144
椋	144
洹	144
獠	144
畴	144
痂	144
眺	144
箔	144
鳝	144
僮	143
剐	143
坭	143
尜	143
崆	143
掸	143
殉	143
笄	143
箕	143
菔	143
蔗	143
跤	143
铟	143
鬃	143
仞	142
偌	142
檫	142
沢	142
砦	142
铳	142
鲎	142
旎	141
汊	141
泮	141
湫	141
簪	141
葳	141
讶	141
铩	141
侥	140
傈	140
哏	140
塬	140
忱	140
搪	140
牒	140
蜥	140
衅	140
裑	140
骛	140
俨	139
缄	139
肮	139
恚	138
桉	138
涠	138
矾	138
缦	138
菓	138
闶	138
阃	138
鸳	138
龈	138
嵊	137
挞	137
揩	137
焓	137
疟	137
缙	137
菰	137
蛐	137
蛩	137
酝	137
酵	137
僖	136
哔	136
尬	136
暝	136
澶	136
琬	136
萎	136
萸	136
诖	136
谄	136
霾	136
凇	135
坷	135
捺	135
潼	135
绺	135
莈	135
蓅	135
衢	135
讹	135
鲑	135
凊	134
唆	134
婊	134
氹	134
湟	134
瓤	134
睨	134
粲	134
缈	134
腑	134
莂	134
郴	134
铐	134
喏	133
恵	133
檠	133
涔	133
秆	133
葭	133
蒽	133
闼	133
阐	133
仂	132
撂	132
滟	132
燎	132
绶	132
縂	132
缰	132
膑	132
邯	132
饫	132
呔	131
哮	131
噤	131
怅	131
愀	131
懊	131
氦	131
漩	131
畀	131
箌	131
篪	131
芎	131
袒	131
赜	131
乩	130
唰	130
夔	130
婺	130
慷	130
湃	130
焐	130
菏	130
詪	130
諟	130
钏	130
阒	130
冨	129
娓	129
懦	129
潍	129
纣	129
罅	129
舷	129
虢	129
铕	129
鍙	129
佽	128
僚	128
吣	128
啝	128
堺	128
旃	128
缜	128
萜	128
裼	128
貉	128
邺	128
鲆	128
呎	127
塍	127
嫠	127
嬷	127
橇	127
睢	127
遐	127
铌	127
髡	127
俟	126
呋	126
噌	126
沣	126
洌	126
畸	126
痈	126
缡	126
缭	126
镄	126
隧	126
倏	125
峤	125
硌	125
籁	125
耦	125
芄	125
菘	125
蓖	125
赓	125
鄄	125
鎏	125
鲈	125
唳	124
嵋	124
悴	124
抻	124
氓	124
泩	124
疚	124
芠	124
袂	124
蹋	124
逅	124
錾	124
镌	124
颢	124
鲲	124
伝	123
斫	123
椭	123
毂	123
缉	123
茤	123
蚬	123
迥	123
郗	123
铧	123
馔	123
鹆	123
娉	122
峒	122
斛	122
牲	122
芗	122
苒	122
荭	122
莮	122
蟠	122
覚	122
跛	122
阈	122
靛	122
冽	121
噫	121
爰	121
狡	121
砩	121
砾	121
芍	121
螚	121
诨	121
譲	121
呓	120
栩	120
烬	120
衲	120
贿	120
蹊	120
飕	120
佼	119
嗬	119
妫	119
捍	119
桠	119
璁	119
笮	119
蔸	119
钅	119
饩	119
妊	118
宕	118
庹	118
懋	118
朶	118
蛉	118
铨	118
霰	118
颏	118
懔	117
炔	117
笈	117
笞	117
箬	117
胱	117
菋	117
藓	117
诬	117
谤	117
郧	117
钇	117
钪	117
锵	117
倨	116
忏	116
澧	116
腓	116
蜇	116
龆	116
傣	115
岜	115
戾	115
榫	115
璎	115
茴	115
葙	115
袢	115
遑	115
隘	115
抟	114
殁	114
獭	114
疱	114
碚	114
薜	114
衿	114
诔	114
辇	114
逑	114
镒	114
龛	114
剜	113
戆	113
犟	113
笪	113
腈	113
莸	113
蕨	113
赃	113
阆	113
龊	113
佉	112
厣	112
喈	112
溉	112
痉	112
苼	112
蚴	112
谰	112
饧	112
鼋	112
鼗	112
亜	111
倌	111
啾	111
喱	111
嫦	111
岣	111
旆	111
榷	111
濒	111
缱	111
苫	111
蚧	111
蚩	111
裨	111
钺	111
铑	111
鐹	111
雎	111
魈	111
囗	110
旸	110
杪	110
笏	110
篙	110
绌	110
莜	110
蘑	110
褉	110
赝	110
铿	110
韭	110
氛	109
瀹	109
睾	109
纾	109
菟	109
萄	109
蚤	109
蚨	109
褋	109
谚	109
呖	108
孺	108
昴	108
晞	108
栀	108
灞	108
羔	108
胪	108
藐	108
螭	108
誐	108
钿	108
铖	108
鼾	108
亳	107
吇	107
泖	107
稔	107
缮	107
肓	107
腚	107
荇	107
诜	107
锇	107
鲇	107
龉	107
佶	106
姩	106
扌	106
槭	106
毖	106
牍	106
琮	106
茼	106
萁	106
逻	106
骷	106
収	105
嗍	105
団	105
壊	105
慵	105
憧	105
杩	105
桡	105
瑷	105
绉	105
翦	105
裉	105
谇	105
辕	105
闳	105
龀	105
慊	104
氵	104
炅	104
犇	104
玟	104
窿	104
翳	104
螟	104
逄	104
閙	104
啷	103
恻	103
惰	103
滁	103
瀬	103
肼	103
艉	103
菛	103
踊	103
迨	103
隹	103
鳗	103
亘	102
勰	102
屉	102
岀	102
挹	102
楸	102
秣	102
竣	102
絠	102
罹	102
蒯	102
蘅	102
钔	102
锴	102
劭	101
匈	101
卅	101
啐	101
喑	101
埗	101
孪	101
恣	101
朙	101
疽	101
矸	101
篁	101
绲	101
芟	101
趿	101
阌	101
鞣	101
幷	100
広	100
庠	100
殑	100
洱	100
浼	100
窈	100
茏	100
荞	100
莋	100
薨	100
豕	100
跄	100
僻	99
冂	99
囟	99
浯	99
淦	99
硖	99
绡	99
菽	99
蓼	99
蠊	99
褔	99
诿	99
嗵	98
嘬	98
寥	98
瘴	98
穑	98
绎	98
臫	98
薹	98
螯	98
诧	98
铢	98
锘	98
鞅	98
黍	98
妸	97
屙	97
瑙	97
瓁	97
碇	97
竾	97
罙	97
荏	97
蚪	97
褰	97
謇	97
钎	97
铄	97
鳎	97
龇	97
伫	96
俣	96
嘙	96
夶	96
弁	96
毎	96
瓴	96
皎	96
盹	96
罂	96
蜓	96
蠛	96
闱	96
佗	95
噵	95
昝	95
淄	95
満	95
睐	95
箴	95
缒	95
舂	95
蟆	95
赈	95
踔	95
逖	95
酊	95
镬	95
靼	95
劾	94
哃	94
嘧	94
囱	94
妲	94
惦	94
惮	94
挝	94
槑	94
橐	94
纫	94
続	94
耨	94
脘	94
膺	94
茑	94
蓑	94
蛀	94
讵	94
谠	94
譮	94
醭	94
铈	94
髪	94
佤	93
匚	93
咑	93
咭	93
哙	93
婀	93
恽	93
愦	93
戸	93
擢	93
潶	93
猓	93
痨	93
祉	93
窠	93
蠓	93
谘	93
踞	93
铍	93
鞒	93
魃	93
咛	92
増	92
涑	92
牯	92
璩	92
缟	92
蔑	92
诽	92
赂	92
鄹	92
閅	92
霈	92
咜	91
圉	91
壅	91
崃	91
嵛	91
愫	91
揸	91
汨	91
蠖	91
迄	91
锩	91
鍢	91
阍	91
鲛	91
鲟	91
鹘	91
佯	90
侢	90
冄	90
崧	90
棹	90
榉	90
槟	90
篡	90
迗	90
乆	89
兎	89
厶	89
咻	89
嘭	89
堃	89
嫃	89
孀	89
怛	89
惘	89
榱	89
淉	89
琶	89
碴	89
箸	89
舻	89
艽	89
蔼	89
衮	89
谶	89
钍	89
鎴	89
韫	89
餍	89
龌	89
偸	88
厾	88
嵬	88
繇	88
肫	88
薮	88
蛏	88
袏	88
嗥	87
妩	87
枞	87
沌	87
稣	87
稷	87
笳	87
糁	87
胂	87
萿	87
蟑	87
酋	87
醪	87
颙	87
亵	86
倥	86
冩	86
勖	86
単	86
啭	86
噘	86
嚯	86
垃	86
嬖	86
岘	86
梆	86
潦	86
瑁	86
盂	86
葫	86
蘖	86
蚓	86
踵	86
醴	86
铊	86
鍗	86
嘤	85
媄	85
宀	85
峄	85
嵴	85
燧	85
眦	85
竽	85
翀	85
舐	85
芘	85
鳕	85
唾	84
垚	84
娚	84
悚	84
砭	84
蟛	84
袷	84
裥	84
訾	84
谯	84
跻	84
迂	84
鉄	84
锓	84
鏂	84
鲋	84
鸹	84
卋	83
啮	83
噈	83
圜	83
媪	83
氪	83
烊	83
腱	83
臊	83
葩	83
蓠	83
豉	83
跫	83
馑	83
冗	82
劬	82
吩	82
唲	82
悭	82
杲	82
枧	82
梶	82
沮	82
琚	82
碜	82
罴	82
耒	82
芨	82
虺	82
鹞	82
咾	81
哝	81
啬	81
嘹	81
埙	81
姘	81
搴	81
獐	81
镆	81
鹕	81
佃	80
倳	80
椽	80
毬	80
浞	80
痿	80
碓	80
簟	80
込	80
錵	80
锱	80
鍒	80
镧	80
鲵	80
刍	79
埕	79
塾	79
娲	79
婪	79
恸	79
枥	79
槊	79
橥	79
涿	79
糍	79
耪	79
腩	79
腭	79
跖	79
铒	79
铪	79
龃	79
値	78
喳	78
嗫	78
嘁	78
噺	78
圪	78
垌	78
恿	78
撷	78
潋	78
獯	78
纭	78
缌	78
缥	78
芃	78
芈	78
虼	78
辔	78
隗	78
颧	78
侮	77
俦	77
凫	77
呶	77
姫	77
悪	77
榔	77
洏	77
牖	77
綄	77
綦	77
芑	77
苎	77
蓦	77
鞫	77
卣	76
奘	76
峟	76
氜	76
泫	76
泶	76
痫	76
箪	76
糇	76
耔	76
蕗	76
醮	76
鏊	76
镛	76
魉	76
鲶	76
鹬	76
咴	75
彀	75
惕	75
憔	75
煳	75
篺	75
纡	75
経	75
羝	75
苤	75
裾	75
觯	75
赊	75
遽	75
郯	75
酢	75
閞	75
阂	75
阄	75
雠	75
髌	75
麝	75
鼍	75
匮	74
宄	74
峯	74
怺	74
惆	74
憩	74
楦	74
檄	74
淝	74
濉	74
炤	74
缢	74
膻	74
茁	74
虿	74
鸫	74
鼐	74
娌	73
巿	73
帏	73
彷	73
爨	73
珥	73
疡	73
瞑	73
砑	73
稹	73
箓	73
粼	73
蛴	73
裰	73
辶	73
伲	72
兂	72
刖	72
厼	72
崞	72
旒	72
曈	72
樘	72
湔	72
牐	72
纞	72
胨	72
衩	72
赭	72
趸	72
鞴	72
骈	72
髙	72
鸩	72
鸪	72
偲	71
咙	71
憷	71
朊	71
溱	71
玘	71
瞋	71
芤	71
芴	71
蛄	71
诼	71
迤	71
韪	71
頫	71
饣	71
吽	70
嚓	70
奄	70
忄	70
榧	70
氤	70
牋	70
獬	70
砧	70
砹	70
砻	70
粝	70
胛	70
蟊	70
跏	70
邨	70
阊	70
阏	70
颀	70
鸷	70
鹳	70
鹾	70
侞	69
偂	69
兖	69
噔	69
埖	69
尻	69
帚	69
彡	69
愍	69
滓	69
珣	69
缯	69
羸	69
蚵	69
褡	69
郏	69
钲	69
験	69
佞	68
剡	68
厩	68
呙	68
咃	68
奌	68
崚	68
攫	68
胝	68
莔	68
蚶	68
蜱	68
蟀	68
逦	68
鄞	68
阇	68
阗	68
魍	68
鹦	68
僭	67
匏	67
図	67
崂	67
戛	67
曛	67
杈	67
柰	67
漷	67
笤	67
笸	67
蛞	67
谪	67
譕	67
豺	67
辏	67
酞	67
钭	67
饨	67
馁	67
骼	67
黜	67
俳	66
嫚	66
尴	66
徘	66
惴	66
攵	66
昉	66
枨	66
槲	66
氷	66
珐	66
瘢	66
苕	66
菪	66
蒦	66
蔠	66
蘼	66
蠼	66
鍦	66
饪	66
骱	66
鳓	66
鼙	66
唁	65
嗉	65
娿	65
嫘	65
屾	65
嶷	65
徨	65
怹	65
旄	65
浗	65
涪	65
涳	65
琇	65
瓿	65
缫	65
苃	65
茈	65
荖	65
譬	65
豸	65
跹	65
逋	65
铼	65
锸	65
阡	65
陛	65
餹	65
冏	64
堋	64
嬗	64
巻	64
徻	64
榊	64
泱	64
漉	64
狻	64
瑀	64
窕	64
窨	64
笊	64
籼	64
絵	64
聩	64
菹	64
铷	64
锪	64
隳	64
哓	63
唵	63
嬛	63
嵯	63
恫	63
潺	63
窬	63
箜	63
粿	63
荑	63
莴	63
菠	63
蛑	63
蜘	63
邋	63
锒	63
锔	63
锨	63
闩	63
阱	63
驷	63
呉	62
哬	62
喋	62
埽	62
弢	62
悻	62
戝	62
曷	62
殄	62
溆	62
瀞	62
玑	62
瘛	62
皴	62
羰	62
耄	62
艚	62
莩	62
邙	62
鳅	62
鳪	62
傀	61
儛	61
叒	61
嗐	61
嗗	61
夤	61
媲	61
嫱	61
掴	61
殓	61
沭	61
溧	61
黙	61
疳	61
痱	61
砟	61
窳	61
竜	61
繻	61
耷	61
跣	61
迣	61
锢	61
馄	61
骢	61
鲧	61
佺	60
咄	60
桅	60
椴	60
橄	60
洺	60
獗	60
瑗	60
粞	60
蛎	60
読	60
趵	60
遄	60
仴	59
垡	59
婞	59
帰	59
拊	59
朐	59
歳	59
沔	59
淠	59
猷	59
璘	59
畑	59
畿	59
盍	59
眀	59
砉	59
碲	59
篦	59
腆	59
蚣	59
谆	59
镊	59
鸨	59
俎	58
俶	58
処	58
匴	58
嵝	58
棰	58
橛	58
稗	58
粜	58
褥	58
跆	58
酃	58
餮	58
鸯	58
鹂	58
仌	57
哯	57
嶝	57
拮	57
朩	57
枡	57
湢	57
炱	57
燚	57
爿	57
猗	57
畋	57
硗	57
碉	57
纨	57
胗	57
荩	57
蓥	57
薱	57
蟪	57
裎	57
觜	57
诂	57
鐾	57
髅	57
佸	56
妑	56
尢	56
岵	56
彗	56
栲	56
槔	56
癜	56
眭	56
窆	56
筮	56
紶	56
缑	56
罱	56
臁	56
苽	56
萆	56
蚋	56
蚰	56
螳	56
郞	56
鏄	56
骜	56
両	55
価	55
凵	55
哞	55
埝	55
宔	55
屄	55
岈	55
庝	55
擤	55
敫	55
旯	55
氚	55
湎	55
漈	55
炁	55
熳	55
窣	55
粢	55
罟	55
聴	55
蕲	55
钶	55
阝	55
陔	55
髀	55
鸱	55
倮	54
勼	54
喟	54
喾	54
囨	54
峋	54
嶙	54
愎	54
慯	54
掇	54
掵	54
揿	54
椁	54
楝	54
樗	54
殡	54
畛	54
皈	54
砀	54
禳	54
荠	54
蘩	54
蚱	54
蛱	54
跎	54
踅	54
蹩	54
锎	54
镟	54
靑	54
鲅	54
鹛	54
麾	54
侈	53
忤	53
撃	53
殳	53
泹	53
狞	53
疖	53
矍	53
砗	53
蝴	53
觐	53
邾	53
郃	53
酐	53
铥	53
陟	53
鲢	53
鹩	53
倬	52
儭	52
劢	52
呯	52
呻	52
哚	52
唎	52
囙	52
圮	52
垸	52
埸	52
嶋	52
柩	52
歙	52
渀	52
磋	52
苴	52
苾	52
莨	52
葰	52
虮	52
蚂	52
谲	52
跗	52
钐	52
钹	52
锞	52
镱	52
雹	52
俷	51
嬿	51
屽	51
庀	51
廴	51
戠	51
昃	51
楂	51
楫	51
槁	51
獍	51
珪	51
痧	51
絔	51
総	51
苻	51
菑	51
蕜	51
蠲	51
褆	51
讣	51
颔	51
颩	51
馏	51
馒	51
骧	51
骺	51
圾	50
垩	50
夂	50
姖	50
屐	50
岽	50
徦	50
杼	50
湓	50
潢	50
玎	50
瑠	50
缂	50
臆	50
艋	50
萣	50
薅	50
蘧	50
蛲	50
裟	50
貘	50
邃	50
郄	50
镙	50
鞲	50
鹈	50
伥	49
冋	49
奁	49
専	49
帯	49
廛	49
怙	49
戯	49
抉	49
狆	49
琵	49
筇	49
筜	49
臃	49
莶	49
葶	49
跶	49
転	49
辵	49
遒	49
遨	49
醌	49
醺	49
镅	49
镚	49
镝	49
霑	49
顼	49
馓	49
鹨	49
齑	49
乂	48
仵	48
叚	48
唍	48
嘏	48
圏	48
扦	48
暾	48
桁	48
溏	48
璀	48
穰	48
繋	48
肷	48
艄	48
茚	48
藿	48
蚯	48
蜚	48
辺	48
邉	48
銎	48
鍐	48
镣	48
鑀	48
隂	48
雳	48
颡	48
飏	48
騕	48
鬻	48
侔	47
倗	47
咆	47
圝	47
圯	47
坍	47
婼	47
崤	47
怿	47
摒	47
旰	47
暌	47
栊	47
栤	47
滹	47
炻	47
瑚	47
磴	47
穂	47
绨	47
罨	47
胭	47
蒾	47
蔵	47
蕈	47
蕶	47
薍	47
裢	47
赽	47
跬	47
郇	47
酽	47
鈅	47
锼	47
鬟	47
鲠	47
倜	46
剣	46
咐	46
圊	46
応	46
泔	46
煋	46
煺	46
珲	46
砘	46
硇	46
筼	46
荪	46
赳	46
跚	46
跸	46
迲	46
隠	46
鞔	46
鲭	46
麸	46
仮	45
偻	45
喥	45
媾	45
嫫	45
悌	45
棂	45
潒	45
犍	45
玹	45
瑭	45
硭	45
窸	45
筚	45
箧	45
簌	45
繌	45
缧	45
繎	45
茭	45
豊	45
辻	45
逡	45
钫	45
鋽	45
锖	45
馘	45
鸲	45
鸸	45
兕	44
劼	44
垨	44
埵	44
姟	44
尅	44
旮	44
柊	44
柞	44
栌	44
椐	44
潆	44
瀼	44
狎	44
甥	44
皑	44
穸	44
窭	44
笶	44
篾	44
粳	44
绠	44
缗	44
翕	44
舯	44
荿	44
迶	44
邛	44
邴	44
钸	44
锍	44
锬	44
鎶	44
鐗	44
雩	44
鹉	44
鹱	44
仡	43
侕	43
俜	43
勫	43
吲	43
囵	43
夼	43
妣	43
嶅	43
徇	43
椛	43
殛	43
泚	43
洄	43
溲	43
牸	43
玠	43
甏	43
瘿	43
砝	43
礤	43
綪	43
胙	43
脒	43
舎	43
舳	43
苈	43
蜒	43
蝽	43
譵	43
钆	43
闘	43
霹	43
骠	43
鸰	43
乸	42
佥	42
侪	42
哿	42
宬	42
彘	42
忖	42
恂	42
揆	42
搧	42
晷	42
氙	42
淸	42
疙	42
笓	42
絯	42
艏	42
苜	42
萑	42
萩	42
蕖	42
衄	42
邳	42
郾	42
霊	42
饽	42
鯃	42
鹚	42
亱	41
佧	41
傥	41
卩	41
厡	41
婄	41
帙	41
弭	41
怆	41
捯	41
搿	41
摈	41
曩	41
枇	41
欹	41
滂	41
炪	41
牝	41
牺	41
痌	41
笹	41
簸	41
缍	41
缛	41
罾	41
翮	41
舾	41
蒝	41
蛳	41
訡	41
酹	41
霎	41
靣	41
馇	41
鸺	41
麋	41
啈	40
堠	40
姠	40
弎	40
弾	40
挈	40
椡	40
洸	40
淰	40
烀	40
烸	40
燔	40
紾	40
绂	40
绗	40
脃	40
脳	40
苩	40
荥	40
葜	40
蚍	40
袼	40
逶	40
遢	40
鄱	40
酩	40
锜	40
鹪	40
仃	39
仦	39
傧	39
嚩	39
囹	39
庡	39
忲	39
掾	39
暁	39
棏	39
璺	39
畚	39
缣	39
脿	39
蕤	39
轭	39
钋	39
鍖	39
亀	38
佄	38
帔	38
惋	38
惗	38
愆	38
氘	38
澪	38
糀	38
繴	38
艨	38
蓁	38
蓜	38
蔟	38
薤	38
薷	38
褍	38
诋	38
诌	38
赁	38
跩	38
迕	38
釨	38
驽	38
鹁	38
乗	37
伖	37
僰	37
兠	37
卌	37
卲	37
垓	37
夊	37
屮	37
廪	37
栢	37
椟	37
楛	37
済	37
滗	37
犭	37
猊	37
畎	37
缏	37
茳	37
萢	37
葚	37
蚺	37
衽	37
褛	37
辂	37
郓	37
醢	37
鉲	37
髟	37
鬯	37
鯻	37
鲷	37
鸶	37
鹎	37
鹣	37
俓	36
哕	36
囯	36
忾	36
愬	36
擘	36
曌	36
沬	36
玦	36
璠	36
瓠	36
甓	36
瘩	36
秫	36
箛	36
簋	36
肜	36
胩	36
腴	36
茽	36
螫	36
裣	36
観	36
誃	36
謿	36
跞	36
蹼	36
鄯	36
鍑	36
隈	36
隰	36
仯	35
傛	35
凪	35
咘	35
墀	35
嫼	35
巯	35
徂	35
惇	35
揺	35
晡	35
榇	35
湴	35
漃	35
猬	35
皤	35
篼	35
舴	35
菝	35
蕹	35
詌	35
赍	35
酡	35
醅	35
醵	35
鉎	35
鐪	35
雫	35
飓	35
骓	35
鮔	35
鶏	35
佹	34
効	34
埚	34
愺	34
抜	34
掼	34
搡	34
摭	34
杷	34
槠	34
毽	34
炆	34
燿	34
皧	34
眇	34
瞽	34
稲	34
篠	34
糢	34
绔	34
縌	34
茕	34
莠	34
蒍	34
蓙	34
蓶	34
襦	34
訳	34
迢	34
郷	34
锊	34
闄	34
麮	34
佾	33
侩	33
俽	33
偅	33
剘	33
喞	33
堔	33
妪	33
崐	33
廾	33
悩	33
枸	33
桖	33
桤	33
洣	33
湉	33
瀵	33
烎	33
珙	33
疥	33
禸	33
簦	33
茔	33
蓿	33
藁	33
蜿	33
蠕	33
襘	33
訆	33
诅	33
詤	33
誊	33
諎	33
鏁	33
镨	33
镫	33
鬲	33
吙	32
咹	32
嗏	32
岖	32
恛	32
惬	32
戢	32
攴	32
柙	32
桷	32
歴	32
泐	32
渁	32
焼	32
狷	32
玙	32
礻	32
窀	32
竴	32
纥	32
紟	32
綶	32
舨	32
苚	32
荘	32
蒌	32
蜻	32
趉	32
锾	32
镪	32
駅	32
鹧	32
咤	31
噉	31
圄	31
坼	31
娤	31
婳	31
媔	31
尙	31
尥	31
忓	31
忢	31
悕	31
戞	31
暹	31
柟	31
椥	31
榍	31
渫	31
狒	31
玢	31
琤	31
畊	31
痋	31
痤	31
癯	31
皛	31
筌	31
聃	31
脍	31
舥	31
苸	31
蔇	31
薬	31
讴	31
謦	31
酔	31
銭	31
鐜	31
鐩	31
饯	31
黠	31
黱	31
働	30
呺	30
唿	30
坌	30
墲	30
嬑	30
怃	30
悱	30
戻	30
斎	30
杌	30
汻	30
涘	30
渖	30
渢	30
滝	30
烜	30
珎	30
瘠	30
癍	30
筘	30
糅	30
缋	30
翥	30
翫	30
耩	30
蕥	30
蝈	30
螓	30
詓	30
跽	30
镔	30
鏀	30
険	30
骝	30
乀	29
刿	29
剽	29
劦	29
嗞	29
妷	29
婂	29
寛	29
従	29
徥	29
惔	29
栳	29
検	29
椹	29
汹	29
湁	29
漖	29
琯	29
琲	29
痊	29
瞠	29
禛	29
穏	29
笟	29
筅	29
繲	29
翾	29
肏	29
苐	29
茯	29
萠	29
豳	29
辘	29
逭	29
醍	29
铗	29
闂	29
隍	29
雑	29
髑	29
鸀	29
丠	28
乧	28
仫	28
偾	28
僤	28
儚	28
勬	28
叐	28
嗻	28
坩	28
垴	28
孱	28
岌	28
崦	28
帼	28
廻	28
彅	28
懐	28
抔	28
槇	28
檎	28
沄	28
滃	28
滏	28
漯	28
獣	28
疋	28
疴	28
碣	28
笢	28
肭	28
胳	28
莛	28
菥	28
萋	28
葔	28
蔂	28
蕝	28
蝲	28
轵	28
锫	28
锿	28
镦	28
魡	28
魼	28
鹇	28
佝	27
厎	27
叆	27
呴	27
啴	27
喰	27
営	27
噃	27
囲	27
囸	27
堍	27
夋	27
娈	27
婃	27
嬫	27
屼	27
廋	27
弚	27
忉	27
愔	27
慬	27
戕	27
戗	27
戡	27
掟	27
敉	27
暒	27
柢	27
榀	27
殚	27
汸	27
滈	27
澔	27
熷	27
牁	27
猖	27
甡	27
畐	27
瘗	27
砵	27
禤	27
臯	27
菖	27
蕟	27
螂	27
蠃	27
讠	27
謌	27
谮	27
赀	27
躱	27
陉	27
驲	27
鳏	27
黝	27
仒	26
偝	26
傕	26
儋	26
叕	26
吿	26
哶	26
嚧	26
圧	26
埌	26
徉	26
徼	26
忔	26
斉	26
栄	26
桴	26
檩	26
溻	26
澥	26
焜	26
犲	26
琓	26
疔	26
盥	26
磔	26
笩	26
簭	26
荽	26
薫	26
蘀	26
蝂	26
赑	26
蹉	26
铙	26
镎	26
鲳	26
鳡	26
偬	25
傆	25
唫	25
嘂	25
噱	25
囩	25
囷	25
峇	25
嵖	25
嵫	25
幇	25
悊	25
拏	25
晳	25
楁	25
滒	25
潵	25
濞	25
丬	25
牎	25
猾	25
瑺	25
睺	25
禇	25
粅	25
纟	25
紥	25
纛	25
苝	25
蓍	25
蔀	25
袈	25
豨	25
邶	25
镲	25
飝	25
鬘	25
鬣	25
鳐	25
鹌	25
麂	25
鼡	25
仳	24
佲	24
呭	24
哫	24
嚏	24
嚭	24
坻	24
奓	24
妺	24
姉	24
婇	24
嵂	24
徴	24
忈	24
敓	24
敤	24
暀	24
柁	24
柝	24
樋	24
泅	24
浭	24
瀡	24
狍	24
珰	24
箝	24
箨	24
簖	24
籴	24
绐	24
臸	24
茛	24
荜	24
蒎	24
蔢	24
褟	24
豿	24
赧	24
趼	24
軽	24
迋	24
邂	24
鉯	24
鋆	24
頖	24
飑	24
髭	24
鮱	24
鯓	24
鲥	24
鸮	24
伧	23
侏	23
偓	23
僟	23
勮	23
匐	23
呰	23
嗼	23
嗾	23
塱	23
妁	23
姙	23
嫙	23
嬬	23
岄	23
幄	23
忚	23
悾	23
撄	23
晩	23
栧	23
欷	23
歓	23
湪	23
笉	23
箹	23
胬	23
脕	23
腙	23
蛸	23
衯	23
誩	23
諪	23
贠	23
贽	23
迡	23
鉽	23
铽	23
閮	23
靉	23
頼	23
顁	23
骟	23
鳙	23
佻	22
侒	22
倶	22
傫	22
僬	22
哘	22
墼	22
奀	22
娸	22
嶒	22
庢	22
彂	22
彳	22
悝	22
曟	22
槸	22
樶	22
毘	22
氅	22
洊	22
洫	22
渋	22
渟	22
滆	22
滊	22
熸	22
狰	22
琾	22
疸	22
眚	22
眬	22
窷	22
纩	22
缳	22
荦	22
菢	22
萂	22
蒗	22
蜞	22
蝰	22
袙	22
褦	22
觊	22
譩	22
辤	22
郤	22
鑺	22
陬	22
陲	22
骖	22
鲽	22
鹋	22
亖	21
倲	21
兘	21
凴	21
剀	21
勭	21
厸	21
呪	21
唖	21
嚅	21
囮	21
坜	21
垜	21
垱	21
堞	21
奭	21
嬢	21
巛	21
幛	21
徃	21
徭	21
悫	21
憍	21
戜	21
扃	21
斿	21
枃	21
氱	21
汩	21
浥	21
渼	21
溦	21
濆	21
瘕	21
秾	21
継	21
緍	21
聒	21
胴	21
葺	21
蒶	21
蓐	21
蕏	21
袱	21
觚	21
豌	21
蹚	21
軰	21
遴	21
鍜	21
鍝	21
雮	21
驺	21
亶	20
冫	20
凣	20
垆	20
堙	20
堟	20
塰	20
夐	20
姤	20
姷	20
帑	20
怄	20
怦	20
懑	20
戓	20
扚	20
曽	20
枘	20
榖	20
檞	20
殂	20
汔	20
泞	20
浈	20
湰	20
湲	20
溷	20
潕	20
玷	20
珅	20
珻	20
瑢	20
甍	20
甛	20
痍	20
盱	20
瞌	20
矬	20
窞	20
竑	20
笂	20
箼	20
簬	20
籓	20
粄	20
紒	20
綔	20
縻	20
耜	20
臾	20
芶	20
蒖	20
蕻	20
螣	20
襞	20
謓	20
蹂	20
鍅	20
鎻	20
镘	20
鐖	20
鐞	20
鑳	20
隩	20
鞚	20
顗	20
髹	20
黐	20
黥	20
仉	19
佌	19
佴	19
剰	19
労	19
喁	19
喐	19
喠	19
塄	19
夌	19
嶆	19
巣	19
忡	19
忸	19
憅	19
戋	19
扞	19
抨	19
抯	19
攺	19
昪	19
枱	19
桎	19
棩	19
榎	19
権	19
橼	19
汭	19
沆	19
灆	19
犳	19
犴	19
犸	19
猱	19
瘌	19
皞	19
睽	19
笖	19
箅	19
绋	19
聡	19
舄	19
芓	19
荹	19
葃	19
薠	19
蜩	19
酗	19
镡	19
鞞	19
驸	19
髎	19
鬈	19
魭	19
鲮	19
鳯	19
鼯	19
丼	18
亣	18
仧	18
伉	18
侀	18
傺	18
凃	18
匍	18
吂	18
呬	18
哠	18
唓	18
唦	18
嗙	18
嚜	18
囦	18
埥	18
埧	18
夿	18
嫀	18
嫆	18
寎	18
嵿	18
愙	18
憇	18
扆	18
捜	18
捩	18
朓	18
枵	18
槻	18
殧	18
氭	18
汚	18
浐	18
淆	18
渑	18
湅	18
犒	18
畩	18
疠	18
皯	18
睥	18
祘	18
秕	18
稞	18
窓	18
筎	18
纮	18
缲	18
纋	18
芞	18
蒛	18
蕅	18
藸	18
蝮	18
觇	18
讬	18
詺	18
貊	18
躰	18
迚	18
迮	18
邠	18
郸	18
銄	18
錑	18
錬	18
鏋	18
饸	18
鲕	18
鲦	18
鹡	18
黼	18
龠	18
仈	17
仼	17
伅	17
偙	17
偭	17
儰	17
剞	17
啇	17
喕	17
喨	17
嗘	17
墁	17
夣	17
夬	17
姳	17
娪	17
岿	17
嶈	17
彐	17
彖	17
徜	17
悢	17
惿	17
慜	17
戨	17
抺	17
挲	17
膤	17
毐	17
沚	17
渶	17
湡	17
炘	17
炲	17
烝	17
禊	17
篝	17
畨	17
絷	17
綋	17
舭	17
艶	17
莄	17
萏	17
蛯	17
螈	17
覇	17
覧	17
踌	17
逨	17
邗	17
鎹	17
鑻	17
陴	17
靺	17
饹	17
騒	17
鲞	17
鲩	17
黉	17
黟	17
乁	16
亅	16
侘	16
偣	16
僷	16
儡	16
冴	16
凖	16
剤	16
勍	16
厓	16
叧	16
吚	16
噏	16
噐	16
垎	16
垳	16
埤	16
埴	16
塩	16
姮	16
娩	16
嫄	16
嬞	16
孥	16
屺	16
巉	16
廆	16
弇	16
弍	16
忑	16
悃	16
戁	16
戣	16
掑	16
搐	16
搠	16
昜	16
晢	16
曞	16
枼	16
栫	16
椂	16
楀	16
樻	16
歔	16
毳	16
氿	16
浄	16
淏	16
渧	16
澉	16
濋	16
煄	16
煡	16
熻	16
犠	16
犼	16
玡	16
疒	16
疜	16
瘳	16
癎	16
砕	16
礀	16
禵	16
箦	16
粡	16
绁	16
絾	16
翛	16
脡	16
臬	16
螃	16
蟋	16
衧	16
觋	16
讦	16
誋	16
邡	16
铫	16
鍓	16
鞨	16
飃	16
駆	16
鲀	16
鲉	16
鲱	16
鳜	16
鳢	16
麈	16
龑	16
佡	15
俉	15
偑	15
勪	15
呣	15
唭	15
啁	15
囔	15
垕	15
堜	15
塲	15
壆	15
夛	15
妢	15
姅	15
姞	15
婗	15
媵	15
孋	15
寘	15
尨	15
屦	15
岠	15
崋	15
帻	15
廨	15
彲	15
彽	15
悛	15
懮	15
挻	15
掊	15
揄	15
搛	15
贁	15
柃	15
梃	15
椈	15
楯	15
樨	15
欐	15
沋	15
沕	15
沴	15
洰	15
滉	15
濇	15
烺	15
熺	15
牂	15
牾	15
犵	15
犷	15
琊	15
瓘	15
痩	15
眄	15
笀	15
簕	15
簨	15
籀	15
紑	15
絪	15
緟	15
纀	15
臌	15
艟	15
茌	15
茺	15
蒨	15
蒴	15
訇	15
讉	15
赅	15
躇	15
躌	15
逹	15
遅	15
郪	15
鉒	15
鉮	15
鍟	15
阼	15
隣	15
雱	15
馼	15
鮏	15
丌	14
侎	14
傜	14
儇	14
凢	14
刳	14
匜	14
厊	14
叏	14
啨	14
圷	14
垧	14
墠	14
婯	14
嫐	14
嫰	14
寲	14
尪	14
巜	14
怍	14
悒	14
愮	14
拰	14
暐	14
曡	14
曱	14
柈	14
栝	14
桄	14
椚	14
椾	14
殸	14
洃	14
洤	14
浀	14
浉	14
湳	14
滀	14
潸	14
澌	14
烔	14
牦	14
狃	14
猕	14
瑆	14
瑝	14
痦	14
癿	14
瞢	14
砒	14
祌	14
笁	14
笅	14
粨	14
絜	14
綮	14
繖	14
翚	14
耧	14
脢	14
脨	14
腘	14
腼	14
蔌	14
蕺	14
蛍	14
蝌	14
褑	14
褙	14
谳	14
賸	14
銇	14
鐑	14
閁	14
闀	14
骀	14
骘	14
鯠	14
鳊	14
丂	13
乿	13
亰	13
仺	13
侉	13
侳	13
俙	13
傋	13
傒	13
傝	13
匛	13
呅	13
呑	13
嗛	13
嘥	13
圬	13
岆	13
岼	13
崟	13
庁	13
彁	13
怫	13
愰	13
愽	13
慥	13
慲	13
戙	13
扂	13
拶	13
挢	13
挿	13
掤	13
揶	13
撁	13
昺	13
晿	13
暣	13
朤	13
柦	13
柷	13
柽	13
棬	13
楗	13
氶	13
澕	13
瀷	13
燠	13
珧	13
璿	13
瓙	13
甁	13
畾	13
瘆	13
瘥	13
癃	13
皬	13
礐	13
礽	13
祅	13
箮	13
箰	13
簰	13
纰	13
緢	13
縁	13
縖	13
缵	13
罍	13
芉	13
苿	13
荌	13
荬	13
莃	13
菻	13
萫	13
葎	13
葮	13
蓊	13
藽	13
袆	13
袤	13
覑	13
詯	13
誸	13
貅	13
贳	13
赕	13
趔	13
轫	13
迯	13
遘	13
銧	13
镠	13
鐭	13
阣	13
鞎	13
韡	13
馃	13
鲃	13
麿	13
伋	12
伾	12
倓	12
儴	12
凨	12
刭	12
厺	12
吅	12
哢	12
塝	12
奻	12
妏	12
妕	12
妧	12
娠	12
嫜	12
嬩	12
崡	12
嶌	12
帹	12
弆	12
忕	12
怩	12
惈	12
愪	12
慝	12
憙	12
憡	12
憳	12
戥	12
戭	12
扱	12
拫	12
掕	12
掭	12
掲	12
搦	12
撺	12
旀	12
旪	12
昳	12
曚	12
枂	12
栨	12
栭	12
棌	12
棼	12
楃	12
樼	12
橆	12
檰	12
檺	12
歭	12
殠	12
毵	12
渉	12
湈	12
濊	12
瀙	12
炴	12
牤	12
犽	12
猡	12
瑏	12
瑨	12
瑱	12
瘼	12
癈	12
癔	12
皵	12
盵	12
睚	12
砢	12
磡	12
祓	12
祧	12
祫	12
禚	12
穜	12
籐	12
糼	12
繥	12
羑	12
翃	12
肄	12
脔	12
腄	12
茪	12
荄	12
蓒	12
蔴	12
蕰	12
蜴	12
蝙	12
蝼	12
裒	12
褕	12
襻	12
觌	12
謸	12
譃	12
趄	12
趫	12
躅	12
郐	12
鄜	12
酤	12
酴	12
酾	12
釢	12
鉃	12
銗	12
铹	12
鏛	12
阯	12
隬	12
鞤	12
骉	12
鱾	12
鮀	12
鰰	12
鳔	12
鳟	12
鱻	12
黻	12
龘	12
仏	11
伿	11
倻	11
僸	11
儞	11
刎	11
刽	11
勯	11
厳	11
叺	11
咊	11
哾	11
嗕	11
嗿	11
囫	11
垤	11
埛	11
堥	11
墿	11
妚	11
姏	11
姺	11
娭	11
婠	11
媜	11
尯	11
屣	11
峣	11
崁	11
崕	11
庣	11
庤	11
廃	11
忪	11
怏	11
恹	11
愭	11
抰	11
拝	11
搣	11
撹	11
攮	11
栱	11
栴	11
栺	11
棻	11
椠	11
楆	11
檑	11
櫈	11
欑	11
歯	11
殪	11
洑	11
洿	11
浘	11
涬	11
涴	11
漭	11
潃	11
潧	11
潲	11
濅	11
濈	11
牞	11
犤	11
犦	11
狲	11
玕	11
珄	11
璑	11
畼	11
疧	11
癀	11
皢	11
礴	11
秭	11
笣	11
簏	11
綍	11
綘	11
縼	11
耋	11
脇	11
脙	11
脰	11
膂	11
舁	11
艸	11
苖	11
茇	11
莙	11
菗	11
菤	11
葸	11
蓂	11
蘫	11
虵	11
蜢	11
蜮	11
衞	11
袛	11
褓	11
褗	11
褫	11
褬	11
褴	11
襁	11
觎	11
觏	11
譞	11
貹	11
趠	11
蹓	11
辋	11
迬	11
酲	11
锃	11
鍞	11
鍧	11
鏅	11
镥	11
钀	11
閰	11
霂	11
霪	11
颎	11
飮	11
馿	11
騀	11
鲌	11
鲔	11
黧	11
齢	11
亹	10
侓	10
俢	10
偊	10
偛	10
儱	10
勥	10
匼	10
叿	10
哜	10
唴	10
啋	10
啯	10
喌	10
噾	10
囥	10
囻	10
坣	10
垍	10
垰	10
垲	10
埏	10
堣	10
堨	10
堷	10
墖	10
夎	10
妀	10
姵	10
娯	10
媺	10
孳	10
峸	10
幪	10
庒	10
忮	10
怤	10
怶	10
悗	10
惀	10
惣	10
払	10
捭	10
揑	10
摽	10
撘	10
撴	10
敍	10
旡	10
昘	10
暠	10
杮	10
柸	10
棿	10
楢	10
檚	10
毑	10
氻	10
氼	10
汧	10
泘	10
洢	10
洯	10
涗	10
涜	10
涷	10
淓	10
湥	10
湸	10
滠	10
滺	10
漥	10
澬	10
煇	10
熶	10
燐	10
爝	10
玞	10
珽	10
珷	10
瑅	10
疰	10
疻	10
瘅	10
瘰	10
畠	10
瞐	10
穼	10
窹	10
竝	10
笌	10
篥	10
簃	10
綎	10
縄	10
繧	10
罽	10
聙	10
脥	10
脧	10
腧	10
艂	10
芼	10
荛	10
蒇	10
蒉	10
蒢	10
蓧	10
蔯	10
薢	10
薸	10
藌	10
藒	10
蜑	10
螽	10
衎	10
衪	10
袴	10
褏	10
褜	10
諵	10
謜	10
貔	10
赙	10
赪	10
踄	10
躔	10
郿	10
钖	10
铞	10
鍭	10
鎍	10
鏖	10
鐡	10
闅	10
陜	10
鞮	10
頔	10
飖	10
飳	10
駄	10
騩	10
魊	10
鮈	10
鲊	10
鲚	10
鲣	10
鲺	10
鵺	10
黩	10
鼩	10
齁	10
伛	9
侊	9
倞	9
儵	9
劂	9
劒	9
劓	9
劻	9
勅	9
勲	9
厜	9
吜	9
呩	9
咥	9
噷	9
嚱	9
囼	9
垗	9
垯	9
埆	9
堎	9
堢	9
堧	9
塟	9
壱	9
奨	9
妯	9
姽	9
娍	9
媗	9
嬒	9
寜	9
尗	9
崶	9
嶉	9
幞	9
廸	9
弐	9
忐	9
怇	9
怑	9
怓	9
恧	9
悆	9
悎	9
惞	9
扥	9
択	9
抦	9
挙	9
挵	9
捊	9
捔	9
揷	9
旇	9
晧	9
晫	9
暟	9
枊	9
栃	9
栻	9
梏	9
梿	9
棈	9
椄	9
楩	9
榯	9
槙	9
樫	9
檌	9
歖	9
泙	9
涀	9
涚	9
涭	9
湀	9
潗	9
炵	9
焮	9
煭	9
燳	9
牴	9
狝	9
狨	9
獊	9
獴	9
珵	9
珼	9
甃	9
畤	9
瘙	9
皝	9
眈	9
眔	9
瞴	9
矞	9
矧	9
碥	9
磙	9
磻	9
礅	9
禘	9
窅	9
笘	9
篨	9
綝	9
緥	9
緾	9
繍	9
罖	9
罣	9
羼	9
翯	9
聍	9
胼	9
脦	9
脪	9
脽	9
膷	9
臱	9
舣	9
艧	9
苠	9
荢	9
菍	9
菦	9
蔹	9
藠	9
蘾	9
虓	9
蚡	9
蜾	9
蝣	9
衶	9
褀	9
褁	9
褊	9
覌	9
訏	9
訷	9
詀	9
諘	9
諴	9
謉	9
譡	9
贶	9
賎	9
赯	9
跂	9
跕	9
踬	9
蹒	9
蹰	9
轾	9
辿	9
邽	9
郛	9
酎	9
醿	9
鉂	9
铘	9
鏸	9
闿	9
靷	9
颋	9
驩	9
魰	9
鮇	9
鹟	9
鷡	9
麇	9
麺	9
黹	9
鼹	9
齮	9
亠	8
佀	8
俥	8
俫	8
倂	8
偁	8
偍	8
偟	8
傞	8
凮	8
匰	8
卝	8
厰	8
吷	8
咡	8
咵	8
喤	8
嘪	8
嚗	8
嚛	8
囃	8
圎	8
埫	8
堽	8
壒	8
夦	8
姁	8
姸	8
婓	8
媇	8
媊	8
嬮	8
嬾	8
尰	8
崼	8
帞	8
弸	8
彶	8
怱	8
惛	8
憱	8
扽	8
抝	8
捃	8
掮	8
揵	8
摛	8
斝	8
昐	8
暍	8
曐	8
枹	8
栦	8
栬	8
栯	8
梺	8
棤	8
棨	8
樰	8
橂	8
櫔	8
櫕	8
洐	8
浛	8
浡	8
渕	8
渃	8
潪	8
瀣	8
灺	8
炰	8
炶	8
犱	8
狁	8
狌	8
狚	8
猹	8
玗	8
瓞	8
疄	8
痼	8
瘐	8
瘵	8
眳	8
睃	8
睱	8
瞾	8
硶	8
祏	8
祔	8
禔	8
禩	8
筗	8
箣	8
箻	8
籣	8
粺	8
糬	8
纴	8
紷	8
絸	8
綕	8
繘	8
翋	8
耱	8
脗	8
脟	8
臑	8
舗	8
舺	8
芢	8
苨	8
苮	8
茡	8
荋	8
莕	8
莰	8
菉	8
萭	8
葥	8
蒹	8
蓇	8
蔿	8
藦	8
蘰	8
蚷	8
蛧	8
蟱	8
袓	8
袔	8
袘	8
裃	8
觽	8
訞	8
讃	8
賍	8
賥	8
趱	8
踯	8
轱	8
轌	8
迀	8
逜	8
遹	8
郫	8
釈	8
銕	8
铏	8
鋂	8
鍣	8
鍴	8
鎈	8
鏴	8
鑸	8
閄	8
陧	8
雼	8
靐	8
鞥	8
頩	8
顕	8
飜	8
骎	8
騗	8
髃	8
魸	8
鰕	8
鳉	8
鳘	8
鳮	8
鸻	8
鹍	8
亗	7
仛	7
俆	7
俍	7
俹	7
倷	7
偢	7
偱	7
僛	7
儬	7
冞	7
凘	7
刅	7
劅	7
勄	7
勹	7
匂	7
厔	7
哴	7
啍	7
啎	7
啕	7
圵	7
垉	7
垬	7
埍	7
墍	7
墬	7
壸	7
奜	7
妡	7
娕	7
娖	7
娝	7
婥	7
嬶	7
宍	7
寕	7
岕	7
峠	7
嵎	7
嶵	7
巘	7
巟	7
巺	7
帀	7
帴	7
廰	7
彟	7
忎	7
忛	7
怭	7
悈	7
悰	7
惓	7
惝	7
懆	7
懠	7
扠	7
拡	7
挼	7
捽	7
掎	7
掓	7
揎	7
揦	7
揲	7
搌	7
搢	7
撧	7
擐	7
攋	7
晄	7
曺	7
杍	7
杻	7
栞	7
棓	7
棴	7
椇	7
楋	7
槦	7
樿	7
橀	7
橃	7
橪	7
欻	7
殢	7
毞	7
沊	7
泍	7
泦	7
洉	7
洚	7
浵	7
涊	7
淯	7
渱	7
湇	7
溂	7
滣	7
滵	7
漟	7
澊	7
爇	7
犺	7
珦	7
珹	7
琌	7
瓅	7
疬	7
痃	7
瘽	7
皕	7
盉	7
盦	7
眘	7
眛	7
瞺	7
硚	7
碹	7
磾	7
祆	7
祊	7
祤	7
祦	7
祹	7
祾	7
秪	7
稃	7
竒	7
竷	7
笗	7
笵	7
筰	7
篚	7
簩	7
絘	7
綀	7
緳	7
縠	7
縡	7
縸	7
繦	7
纇	7
缷	7
罠	7
罥	7
羕	7
脝	7
脠	7
脬	7
脭	7
腠	7
臓	7
臜	7
臦	7
舢	7
舲	7
苳	7
茖	7
茩	7
莯	7
蕳	7
藾	7
蜉	7
蜊	7
蝳	7
蟕	7
褈	7
訨	7
訸	7
誺	7
谵	7
谻	7
豋	7
豞	7
貭	7
踋	7
轹	7
遯	7
遰	7
釭	7
鈖	7
鈼	7
铓	7
錧	7
镢	7
閟	7
闁	7
陥	7
霗	7
霛	7
靤	7
鞐	7
鞛	7
飔	7
餠	7
骵	7
鮂	7
鲐	7
鲒	7
鲴	7
鯹	7
鰢	7
鳽	7
麤	7
龢	7
乕	6
乥	6
仐	6
仸	6
伀	6
伆	6
侸	6
倴	6
偰	6
傌	6
傪	6
僈	6
僐	6
僫	6
儗	6
兦	6
冃	6
冖	6
冱	6
厖	6
虒	6
吪	6
呫	6
咟	6
唞	6
唢	6
唩	6
唪	6
唼	6
啌	6
嘦	6
噍	6
噭	6
囶	6
圀	6
圐	6
圡	6
坫	6
垙	6
垝	6
垞	6
埄	6
埅	6
埯	6
堦	6
墘	6
墦	6
夵	6
奷	6
妘	6
姃	6
姌	6
姢	6
婅	6
婡	6
婻	6
嫏	6
嬨	6
孅	6
寑	6
屛	6
屴	6
岥	6
岺	6
峜	6
崄	6
嶏	6
幚	6
庨	6
庳	6
廑	6
廒	6
弝	6
弶	6
彯	6
彴	6
徝	6
徧	6
忇	6
忞	6
忭	6
怞	6
恅	6
恉	6
悇	6
悓	6
悧	6
惒	6
愯	6
慓	6
慹	6
抃	6
抧	6
拠	6
挒	6
摅	6
擗	6
攠	6
敭	6
敾	6
斁	6
昛	6
昻	6
晹	6
晽	6
暅	6
暦	6
曀	6
朿	6
柎	6
桕	6
桫	6
梾	6
椑	6
楐	6
楤	6
楳	6
橓	6
橸	6
檒	6
檗	6
檵	6
欥	6
歺	6
毦	6
氕	6
汼	6
沝	6
泆	6
泇	6
洖	6
渇	6
湶	6
溍	6
溘	6
溞	6
溽	6
滐	6
漻	6
潟	6
澫	6
濧	6
灉	6
灡	6
烮	6
焔	6
煕	6
熼	6
牳	6
犝	6
狅	6
猁	6
猢	6
玚	6
玪	6
玵	6
珗	6
珛	6
珨	6
珸	6
琂	6
瑊	6
瑧	6
瑬	6
瓑	6
甽	6
瘊	6
瘯	6
皜	6
盻	6
眎	6
眙	6
睙	6
瞀	6
瞍	6
矝	6
矻	6
磉	6
禋	6
篈	6
篌	6
簠	6
簮	6
籦	6
粋	6
粶	6
糘	6
纻	6
絗	6
絧	6
絿	6
綅	6
缊	6
缞	6
繏	6
胲	6
脜	6
脞	6
脤	6
脺	6
膬	6
膮	6
臒	6
苶	6
荈	6
荍	6
荙	6
荱	6
莁	6
葖	6
蒳	6
蒻	6
蔕	6
蔱	6
藨	6
虷	6
蜯	6
蟳	6
蟿	6
裀	6
襜	6
觔	6
訜	6
詝	6
詷	6
誏	6
謧	6
赇	6
賛	6
賱	6
賷	6
趐	6
趧	6
跢	6
蹁	6
躞	6
轺	6
輠	6
辎	6
辚	6
辬	6
迉	6
迊	6
逥	6
遦	6
郕	6
酺	6
醑	6
鈏	6
鈻	6
鉏	6
銏	6
銈	6
銉	6
铦	6
鋹	6
錋	6
鍉	6
鍨	6
镈	6
鐟	6
镹	6
閖	6
閦	6
闗	6
隷	6
雰	6
霙	6
霺	6
靇	6
鞡	6
頋	6
頬	6
馫	6
骃	6
騑	6
騲	6
髈	6
鬏	6
鮠	6
鲡	6
鲻	6
鰗	6
鳀	6
鳇	6
鵟	6
鹀	6
麹	6
黡	6
黰	6
鼽	6
龁	6
丒	5
乊	5
乷	5
亁	5
仠	5
伮	5
佫	5
侟	5
俖	5
俻	5
偄	5
偆	5
傉	5
僇	5
僗	5
僜	5
儽	5
冎	5
冿	5
刬	5
呡	5
咮	5
唡	5
啀	5
啙	5
喒	5
喦	5
喼	5
噂	5
嚿	5
圴	5
坙	5
坶	5
垀	5
垪	5
堌	5
堛	5
塈	5
墈	5
墚	5
壵	5
奡	5
娮	5
娷	5
婸	5
媤	5
媦	5
嫨	5
孨	5
孭	5
峝	5
崘	5
崱	5
嵁	5
巂	5
巠	5
帡	5
帱	5
幏	5
幓	5
彛	5
彺	5
恓	5
恝	5
悡	5
愑	5
慁	5
憓	5
憺	5
懜	5
懳	5
戽	5
抳	5
揃	5
摰	5
撙	5
擭	5
擿	5
攃	5
攉	5
敊	5
敔	5
敮	5
敱	5
敹	5
敺	5
斺	5
斾	5
旼	5
昚	5
晙	5
晛	5
晥	5
暎	5
曁	5
曂	5
曪	5
曵	5
朸	5
枒	5
枠	5
柉	5
栁	5
棐	5
棫	5
楅	5
楱	5
槄	5
槅	5
槚	5
櫌	5
櫒	5
欓	5
歃	5
歨	5
殈	5
殙	5
毪	5
氇	5
汒	5
汢	5
沲	5
泂	5
洈	5
洓	5
洘	5
涻	5
淍	5
渓	5
渘	5
渞	5
渷	5
湺	5
溮	5
滛	5
潚	5
濓	5
濙	5
瀍	5
烠	5
焌	5
煈	5
熀	5
熋	5
燋	5
燹	5
爜	5
爣	5
牮	5
牱	5
犻	5
猄	5
猋	5
玊	5
珡	5
琁	5
琭	5
璄	5
璆	5
瓟	5
畯	5
痏	5
痖	5
瘎	5
瘑	5
瘖	5
癙	5
皊	5
皦	5
眰	5
眴	5
睒	5
瞹	5
硏	5
碃	5
碏	5
礌	5
祙	5
秄	5
秖	5
秷	5
稂	5
穊	5
竻	5
笒	5
筃	5
筭	5
筲	5
箞	5
篂	5
篃	5
粍	5
粓	5
紨	5
紭	5
綷	5
緃	5
縦	5
繶	5
繺	5
纆	5
纚	5
罶	5
羉	5
耵	5
膰	5
臗	5
舡	5
艅	5
艼	5
芿	5
茀	5
莿	5
萉	5
葍	5
蒄	5
蒟	5
蒠	5
蒤	5
蒺	5
蓱	5
蕡	5
蕣	5
薾	5
蘘	5
虂	5
虸	5
蜍	5
蝾	5
袗	5
袦	5
袩	5
袽	5
褃	5
褩	5
襌	5
襕	5
覅	5
觖	5
觧	5
訉	5
訬	5
詸	5
諡	5
譹	5
豇	5
貐	5
貮	5
賏	5
賗	5
趯	5
跐	5
跘	5
踣	5
踺	5
踽	5
蹀	5
躄	5
躏	5
躜	5
轳	5
輶	5
遖	5
鄀	5
鄘	5
鄩	5
醐	5
釶	5
鈭	5
鉐	5
鉱	5
钷	5
銤	5
鋀	5
鋕	5
錝	5
锳	5
鎓	5
鎕	5
鏶	5
鏾	5
鐌	5
鐚	5
鑴	5
閺	5
陊	5
霃	5
鞖	5
韂	5
韮	5
頠	5
飐	5
饾	5
餤	5
餥	5
鬦	5
鬺	5
鲖	5
鲹	5
鯸	5
鳋	5
鰯	5
鱓	5
鱲	5
鹓	5
鹖	5
鹮	5
龖	5
丮	4
乚	4
亴	4
亸	4
仭	4
仱	4
伃	4
伓	4
佮	4
侅	4
侭	4
侹	4
俛	4
倧	4
倸	4
僋	4
僩	4
僽	4
冐	4
冣	4
冦	4
剅	4
劁	4
劧	4
勔	4
匄	4
卆	4
卙	4
卺	4
吘	4
吤	4
吺	4
呾	4
咓	4
唶	4
唽	4
啘	4
喅	4
喍	4
嗢	4
嘋	4
噖	4
嚢	4
嚫	4
囇	4
圁	4
坆	4
坧	4
垻	4
垾	4
埲	4
塁	4
塅	4
塨	4
塭	4
墺	4
夈	4
妠	4
妬	4
妭	4
姱	4
娡	4
婔	4
婖	4
媃	4
媉	4
媣	4
媥	4
嫊	4
嫝	4
嫟	4
嫪	4
嫳	4
嫺	4
嫽	4
嬄	4
孁	4
孲	4
宊	4
寃	4
寊	4
寖	4
尩	4
屃	4
岊	4
岞	4
岍	4
峎	4
峫	4
崥	4
嵔	4
嵚	4
嶨	4
嶪	4
嶰	4
嶲	4
帉	4
廌	4
廙	4
廯	4
弖	4
弜	4
弪	4
彣	4
徍	4
徣	4
徰	4
怳	4
慠	4
慦	4
憄	4
憜	4
憝	4
懡	4
懽	4
扐	4
抅	4
抮	4
掍	4
掔	4
掫	4
揠	4
摋	4
擕	4
擧	4
攱	4
敳	4
敻	4
敼	4
斲	4
旊	4
旈	4
昣	4
昫	4
昽	4
晅	4
暋	4
暻	4
枟	4
枻	4
柆	4
栘	4
桯	4
桲	4
棎	4
棑	4
椀	4
椆	4
椌	4
椗	4
椘	4
榼	4
槼	4
樉	4
樛	4
樢	4
欬	4
歘	4
殍	4
毣	4
氥	4
汋	4
沇	4
沘	4
沷	4
洨	4
淛	4
淜	4
溚	4
漎	4
潅	4
潣	4
潽	4
澣	4
濩	4
瀯	4
灚	4
炟	4
焄	4
焠	4
煓	4
熈	4
熥	4
燂	4
燏	4
爫	4
牓	4
牥	4
牻	4
犮	4
狖	4
狛	4
狳	4
狴	4
猞	4
猟	4
猦	4
猰	4
獏	4
獚	4
玏	4
玐	4
玬	4
玶	4
珆	4
琋	4
璈	4
璝	4
璪	4
璯	4
瓨	4
甗	4
畄	4
畗	4
畧	4
畳	4
疎	4
瘔	4
皐	4
皥	4
皪	4
皲	4
盩	4
眊	4
眍	4
眕	4
眢	4
眤	4
眵	4
睆	4
瞵	4
瞷	4
矊	4
砃	4
硁	4
碙	4
磲	4
禃	4
禌	4
禟	4
秇	4
秏	4
稆	4
窊	4
窋	4
筣	4
筦	4
筬	4
箖	4
箙	4
箢	4
箶	4
簳	4
簵	4
籿	4
粔	4
粖	4
粙	4
粯	4
糨	4
紞	4
絟	4
绖	4
綨	4
綼	4
緵	4
縢	4
縩	4
罝	4
罫	4
羍	4
羮	4
翭	4
翺	4
耟	4
耢	4
聅	4
肈	4
肶	4
肸	4
胒	4
脁	4
脮	4
腷	4
臋	4
臩	4
臰	4
舚	4
艴	4
芲	4
茻	4
荗	4
茝	4
荰	4
荸	4
莵	4
菧	4
菳	4
萪	4
萯	4
蒡	4
蓗	4
蓣	4
蓰	4
蔙	4
蔤	4
蕐	4
薡	4
薿	4
藛	4
藟	4
藯	4
虍	4
蚿	4
蝥	4
蟓	4
蟜	4
蟥	4
蟽	4
蠋	4
袣	4
袨	4
褖	4
覩	4
訚	4
讧	4
諆	4
諥	4
諲	4
谞	4
谫	4
譂	4
讌	4
貇	4
貎	4
貑	4
賨	4
賲	4
赿	4
踟	4
蹆	4
蹖	4
蹯	4
辁	4
輐	4
輣	4
轕	4
迍	4
逩	4
逰	4
遝	4
遶	4
邌	4
郈	4
鄠	4
鄫	4
鄮	4
酂	4
醤	4
醾	4
釖	4
釿	4
钘	4
鉡	4
鉩	4
铚	4
鋐	4
錼	4
鍎	4
鍕	4
鏓	4
鐈	4
镤	4
鐴	4
鐷	4
阨	4
霅	4
靬	4
靸	4
靹	4
鞁	4
鞓	4
鞕	4
鞗	4
鞬	4
顸	4
頞	4
顚	4
餙	4
骒	4
骕	4
骹	4
髫	4
鬽	4
魵	4
鲗	4
鮽	4
鯟	4
鯩	4
鲼	4
鴂	4
鴏	4
鵼	4
鶾	4
鷟	4
黢	4
黣	4
鼷	4
丩	3
丯	3
丱	3
乣	3
亄	3
仚	3
伒	3
伷	3
佂	3
佊	3
侁	3
侂	3
俤	3
倅	3
倛	3
倢	3
倯	3
倵	3
偐	3
偗	3
偞	3
偡	3
偨	3
偩	3
偼	3
傃	3
傹	3
僔	3
儃	3
儊	3
儎	3
儜	3
儹	3
兊	3
兟	3
冁	3
冾	3
刄	3
刋	3
剳	3
劐	3
劥	3
勧	3
匸	3
卪	3
厃	3
厐	3
厗	3
叀	3
叅	3
吀	3
吰	3
呍	3
咇	3
咍	3
唅	3
唣	3
唹	3
喯	3
嘒	3
嘓	3
噑	3
噒	3
噛	3
嚆	3
嚈	3
嚖	3
嚠	3
嚬	3
嚻	3
囜	3
圂	3
圌	3
圗	3
圚	3
坬	3
坰	3
坲	3
埇	3
埶	3
堬	3
塙	3
塡	3
墝	3
墣	3
墭	3
墵	3
墹	3
墽	3
夳	3
妎	3
妟	3
妱	3
妶	3
姀	3
姄	3
姇	3
姈	3
姛	3
姡	3
姧	3
娀	3
娬	3
婈	3
婌	3
婏	3
婑	3
婜	3
媈	3
媫	3
媱	3
媹	3
嫎	3
嫧	3
嬃	3
嬜	3
孇	3
孎	3
宐	3
宻	3
寚	3
尣	3
尫	3
屰	3
屶	3
屻	3
岇	3
岋	3
峛	3
崈	3
巇	3
巌	3
巓	3
帇	3
帺	3
帿	3
幆	3
幠	3
幰	3
庌	3
庛	3
庯	3
廞	3
弰	3
弻	3
彉	3
彮	3
徯	3
忋	3
忬	3
忹	3
怐	3
怮	3
恖	3
悘	3
悜	3
悥	3
惉	3
惍	3
惏	3
惙	3
惵	3
愌	3
愐	3
愢	3
愳	3
慖	3
慡	3
慭	3
憕	3
挸	3
捰	3
掁	3
掞	3
揜	3
揞	3
搋	3
摂	3
摐	3
摪	3
摱	3
摖	3
撖	3
撯	3
攟	3
敠	3
斠	3
昄	3
昬	3
昸	3
晊	3
勗	3
晣	3
晬	3
晲	3
晸	3
晻	3
暕	3
暩	3
暪	3
曊	3
朅	3
朏	3
朹	3
杕	3
杫	3
枏	3
枓	3
枙	3
枲	3
柂	3
柋	3
柡	3
栟	3
栶	3
栿	3
桊	3
桳	3
桸	3
桺	3
梣	3
棃	3
棪	3
棽	3
椼	3
榅	3
榶	3
槗	3
槪	3
櫎	3
櫘	3
櫙	3
歛	3
殗	3
毊	3
汥	3
沺	3
泃	3
洀	3
洂	3
洜	3
洝	3
浟	3
涖	3
涱	3
涺	3
渮	3
湏	3
湑	3
湗	3
湝	3
湩	3
溓	3
滪	3
滭	3
漑	3
漤	3
漨	3
漶	3
潎	3
潏	3
潬	3
潾	3
澘	3
澴	3
澷	3
澼	3
濔	3
濶	3
瀜	3
瀽	3
瀿	3
灀	3
灋	3
烆	3
烣	3
煚	3
煻	3
煿	3
熇	3
爀	3
爞	3
牃	3
牗	3
牚	3
牫	3
牬	3
牭	3
牿	3
犄	3
犋	3
犓	3
犨	3
犾	3
狔	3
狟	3
狯	3
猐	3
猭	3
猵	3
猸	3
獙	3
獥	3
玭	3
珓	3
珖	3
珝	3
琀	3
琄	3
琈	3
琠	3
瑦	3
瑳	3
璡	3
瓕	3
瓛	3
甞	3
畞	3
畻	3
疂	3
疨	3
疭	3
瘜	3
瘝	3
瘬	3
皅	3
皟	3
盝	3
盨	3
盬	3
盳	3
盺	3
眏	3
眮	3
眹	3
睎	3
睘	3
睲	3
矁	3
矅	3
矰	3
砏	3
砡	3
碞	3
礓	3
祣	3
祲	3
祴	3
禖	3
禥	3
秡	3
秬	3
稊	3
稵	3
穻	3
窉	3
窛	3
窻	3
窾	3
笚	3
笭	3
筁	3
筊	3
筢	3
筯	3
箉	3
箟	3
箥	3
篰	3
篵	3
篸	3
簘	3
簜	3
簺	3
簻	3
粇	3
粈	3
粛	3
粠	3
粦	3
粰	3
糈	3
糚	3
糺	3
紩	3
紪	3
紴	3
絍	3
絣	3
綖	3
绹	3
緖	3
緤	3
緫	3
緭	3
緺	3
繊	3
繑	3
纃	3
纙	3
罜	3
羏	3
羐	3
羖	3
羫	3
羱	3
羴	3
耖	3
耥	3
耲	3
肑	3
肹	3
脎	3
腂	3
腃	3
腍	3
腜	3
腝	3
腵	3
膄	3
膣	3
臵	3
舙	3
芔	3
苅	3
苢	3
苪	3
茮	3
荲	3
荵	3
荶	3
莇	3
莐	3
菄	3
菺	3
莭	3
萮	3
萳	3
葇	3
葢	3
葻	3
葾	3
蒈	3
蒚	3
蒥	3
蒩	3
蓷	3
蔃	3
蔉	3
蔊	3
蔎	3
蔝	3
蕔	3
蕫	3
蕬	3
薖	3
薗	3
藞	3
蘂	3
蘈	3
蚆	3
蚏	3
蚖	3
蚚	3
蜎	3
蝀	3
蝓	3
蝜	3
蝤	3
蝻	3
螗	3
螘	3
螡	3
螵	3
蟌	3
蠵	3
衜	3
衸	3
袠	3
袧	3
裈	3
裞	3
裲	3
褝	3
褞	3
褨	3
襐	3
襾	3
覍	3
覗	3
覜	3
觛	3
觫	3
訦	3
訧	3
詥	3
誀	3
誔	3
誽	3
諻	3
謢	3
謣	3
謵	3
讐	3
讘	3
讙	3
豗	3
豲	3
貦	3
赆	3
賮	3
贂	3
跼	3
踇	3
踡	3
蹍	3
蹜	3
蹡	3
躐	3
軚	3
軴	3
輂	3
輄	3
輋	3
辀	3
輖	3
轘	3
辧	3
迵	3
迻	3
遆	3
邅	3
郚	3
郳	3
鄚	3
酄	3
醁	3
醽	3
鈚	3
鈩	3
鉓	3
鉧	3
鉫	3
鉷	3
铻	3
錍	3
錞	3
錪	3
錺	3
锠	3
鍌	3
鎀	3
锽	3
鎱	3
镋	3
鏻	3
镩	3
鐽	3
鑚	3
镴	3
鑶	3
钃	3
镸	3
閸	3
闉	3
阢	3
阬	3
阽	3
陑	3
陻	3
雘	3
雿	3
靁	3
靰	3
鞄	3
頄	3
颃	3
頣	3
頵	3
颕	3
颟	3
飂	3
饦	3
餀	3
餻	3
饐	3
馡	3
駉	3
駏	3
驵	3
駦	3
駺	3
骍	3
騄	3
騋	3
騛	3
騵	3
驓	3
鬪	3
鮥	3
鲘	3
鲙	3
鮷	3
鯑	3
鲪	3
鯾	3
鱕	3
鱚	3
鳦	3
鴹	3
鶵	3
鷃	3
鷉	3
鹢	3
鸆	3
鸊	3
麀	3
麑	3
黁	3
黪	3
黮	3
鼑	3
鼔	3
鼢	3
鼱	3
齵	3
龒	3
伄	2
伔	2
伬	2
伳	2
佁	2
佖	2
佱	2
侌	2
侫	2
侴	2
俴	2
俿	2
倐	2
倕	2
倝	2
倰	2
偒	2
偔	2
偦	2
偹	2
傎	2
傗	2
僀	2
僆	2
僝	2
僡	2
僢	2
僿	2
儌	2
儓	2
儖	2
儠	2
儣	2
儤	2
儦	2
儨	2
兪	2
凞	2
凬	2
刓	2
刕	2
刧	2
刲	2
剫	2
剼	2
劮	2
勨	2
勴	2
勶	2
匊	2
匢	2
匨	2
匶	2
匽	2
卂	2
卨	2
厞	2
叓	2
叞	2
叴	2
呌	2
呏	2
呞	2
呧	2
咈	2
咢	2
哣	2
哰	2
唂	2
唃	2
唊	2
唝	2
啿	2
喖	2
喡	2
喩	2
嘇	2
嘑	2
嘼	2
噀	2
噟	2
噣	2
噰	2
嚉	2
嚚	2
嚞	2
囒	2
圅	2
圑	2
圤	2
圥	2
圱	2
垐	2
垶	2
垺	2
垿	2
埀	2
埮	2
堉	2
堗	2
塃	2
塥	2
塿	2
墕	2
墯	2
壄	2
壌	2
壝	2
夆	2
夝	2
奤	2
奱	2
奵	2
奺	2
妋	2
姎	2
娒	2
娫	2
娰	2
娵	2
婍	2
婛	2
婰	2
媂	2
媌	2
媓	2
媖	2
媙	2
媟	2
媬	2
媴	2
嫇	2
嫈	2
嫕	2
嫤	2
嫭	2
嬁	2
嬣	2
嬵	2
孉	2
宒	2
宨	2
宼	2
寈	2
寯	2
寴	2
寽	2
尃	2
尞	2
尭	2
屇	2
屧	2
岧	2
峈	2
峑	2
峘	2
峢	2
峲	2
崀	2
崌	2
崒	2
崝	2
崲	2
崿	2
嵀	2
嵃	2
嵄	2
嵆	2
嵕	2
嵜	2
嵨	2
嵼	2
嶓	2
巃	2
巶	2
帒	2
帓	2
帨	2
帪	2
帾	2
幈	2
幙	2
庈	2
廇	2
廗	2
廲	2
廹	2
廼	2
弬	2
弽	2
彇	2
彍	2
彑	2
彜	2
徆	2
徤	2
徫	2
忊	2
忟	2
忣	2
忥	2
忳	2
怊	2
怣	2
恾	2
悙	2
惂	2
惄	2
惌	2
惎	2
惤	2
愓	2
愘	2
愩	2
愲	2
愶	2
慆	2
慒	2
慴	2
憘	2
憟	2
憿	2
懕	2
懗	2
懙	2
懪	2
戉	2
扙	2
扢	2
扲	2
抆	2
抇	2
抷	2
抾	2
拑	2
挍	2
挐	2
挓	2
挭	2
挷	2
捄	2
捖	2
捗	2
捥	2
捴	2
掋	2
掻	2
揂	2
揙	2
揝	2
搒	2
搨	2
搩	2
搷	2
摡	2
摤	2
摴	2
摼	2
撱	2
擏	2
擫	2
擳	2
擸	2
攦	2
攧	2
攲	2
攽	2
敟	2
敧	2
敯	2
斅	2
斶	2
旍	2
旐	2
旔	2
旿	2
昍	2
昞	2
昡	2
昩	2
晍	2
晠	2
晵	2
暏	2
暔	2
暜	2
暼	2
暿	2
曓	2
曕	2
曘	2
朇	2
朘	2
朣	2
杄	2
杅	2
杙	2
杤	2
杬	2
杽	2
枌	2
枩	2
枽	2
柀	2
柅	2
柇	2
柤	2
栥	2
栮	2
栵	2
梖	2
梚	2
梛	2
梠	2
梼	2
棁	2
棝	2
棯	2
棸	2
椪	2
椸	2
楉	2
楍	2
楒	2
楟	2
楡	2
楪	2
楬	2
楴	2
榃	2
榢	2
榤	2
槈	2
槩	2
槬	2
槮	2
槱	2
槺	2
橁	2
橊	2
橕	2
橚	2
檃	2
檇	2
檓	2
檛	2
檽	2
櫄	2
櫑	2
櫠	2
櫣	2
欙	2
欵	2
歀	2
歁	2
歅	2
歠	2
殅	2
殏	2
殜	2
殣	2
毚	2
毹	2
氍	2
汄	2
汌	2
沑	2
沶	2
泟	2
泤	2
泭	2
洦	2
浢	2
浤	2
浰	2
涃	2
涒	2
涽	2
淔	2
淣	2
淽	2
渻	2
湋	2
湕	2
湤	2
湦	2
湬	2
湭	2
湷	2
湼	2
溹	2
溿	2
滮	2
漄	2
漙	2
漝	2
漴	2
漼	2
潄	2
潐	2
潓	2
潖	2
潹	2
潻	2
澃	2
澙	2
澟	2
澢	2
澨	2
澸	2
澺	2
濪	2
瀻	2
灊	2
灥	2
灦	2
炑	2
炣	2
烇	2
烋	2
烚	2
烱	2
焞	2
煆	2
煴	2
煾	2
熌	2
熛	2
熜	2
燑	2
燱	2
爠	2
爤	2
爧	2
牅	2
牑	2
牣	2
牶	2
牷	2
犂	2
犅	2
犎	2
犘	2
犛	2
犪	2
犰	2
狣	2
狦	2
狪	2
狶	2
狺	2
猃	2
猧	2
猺	2
獟	2
獦	2
獳	2
玁	2
玧	2
玼	2
珃	2
珇	2
珌	2
珜	2
珶	2
琣	2
琩	2
琹	2
琞	2
瑈	2
瑉	2
瑐	2
瑑	2
瑡	2
瑥	2
瑮	2
璕	2
璗	2
璮	2
璱	2
璶	2
瓂	2
瓈	2
瓌	2
瓍	2
瓥	2
瓧	2
瓬	2
甮	2
甶	2
甿	2
畁	2
疁	2
疕	2
疢	2
疪	2
痆	2
痓	2
痽	2
瘈	2
癐	2
癓	2
癶	2
癹	2
皀	2
皠	2
皨	2
皻	2
盀	2
盌	2
盷	2
眜	2
眫	2
眻	2
眽	2
睟	2
睠	2
睩	2
睭	2
睳	2
瞤	2
瞦	2
矙	2
矖	2
矟	2
矱	2
矼	2
砫	2
砮	2
砯	2
砳	2
硂	2
硙	2
硿	2
碦	2
磆	2
磏	2
磞	2
磥	2
礑	2
礞	2
礠	2
祃	2
祡	2
祻	2
禢	2
禨	2
禫	2
禷	2
秊	2
秺	2
稙	2
穄	2
穉	2
穘	2
窂	2
窇	2
窐	2
窫	2
窰	2
竵	2
竸	2
笴	2
筈	2
筥	2
筩	2
筳	2
筻	2
箂	2
箊	2
箑	2
箒	2
箘	2
箷	2
箽	2
篍	2
篛	2
篜	2
篟	2
篬	2
篯	2
篴	2
篽	2
簉	2
簊	2
簙	2
簤	2
籇	2
籑	2
籔	2
粐	2
粫	2
糌	2
糥	2
糵	2
紃	2
絻	2
綇	2
綛	2
綡	2
緀	2
緂	2
緉	2
緌	2
緛	2
緼	2
縎	2
縘	2
縤	2
縺	2
繀	2
繄	2
繛	2
繜	2
繝	2
繠	2
繣	2
繵	2
纕	2
罛	2
罞	2
羂	2
羗	2
翆	2
翉	2
翬	2
翶	2
耇	2
耎	2
耏	2
耠	2
耭	2
耰	2
聤	2
聨	2
聱	2
肁	2
肧	2
胐	2
胑	2
胕	2
胠	2
胣	2
脴	2
脶	2
脻	2
脼	2
腁	2
腇	2
腉	2
腟	2
腯	2
膍	2
膸	2
臈	2
臛	2
臞	2
臮	2
臿	2
舃	2
舠	2
艒	2
艻	2
芅	2
芧	2
芺	2
茋	2
茞	2
茠	2
茿	2
莍	2
莗	2
莟	2
莬	2
菶	2
菼	2
菾	2
萐	2
萺	2
葓	2
葝	2
葹	2
蒒	2
蒣	2
蒱	2
蓤	2
蓪	2
蓳	2
蓹	2
蔍	2
蔲	2
蕯	2
蕸	2
薋	2
藂	2
藙	2
蘶	2
蘹	2
虗	2
虡	2
虤	2
虩	2
虳	2
蚛	2
蚟	2
蚦	2
蛜	2
蜣	2
蝃	2
蝪	2
螝	2
螠	2
螬	2
蟐	2
蟫	2
蟰	2
蟼	2
蠀	2
蠄	2
蠈	2
蠙	2
蠧	2
袚	2
袝	2
袻	2
裄	2
裓	2
裗	2
裛	2
裯	2
褢	2
褣	2
褧	2
褭	2
褮	2
褵	2
襃	2
襡	2
襶	2
覠	2
觍	2
觱	2
觿	2
訄	2
詟	2
诇	2
詧	2
誎	2
誜	2
誯	2
誳	2
誷	2
諀	2
諌	2
譓	2
譢	2
讁	2
讟	2
谺	2
豭	2
赒	2
賳	2
贑	2
赻	2
趚	2
跁	2
跅	2
跴	2
踈	2
蹏	2
蹐	2
蹛	2
蹨	2
蹱	2
躝	2
軎	2
軿	2
輫	2
辒	2
辢	2
迆	2
迏	2
迖	2
迿	2
逴	2
遟	2
邎	2
邘	2
邤	2
邲	2
郉	2
鄕	2
鄗	2
鄬	2
酏	2
酦	2
酨	2
醡	2
醨	2
醸	2
醻	2
釪	2
钑	2
鈛	2
铇	2
鉾	2
銊	2
铔	2
铴	2
鋋	2
鋞	2
鋬	2
鋲	2
鋳	2
鉼	2
錱	2
鍫	2
鍸	2
镃	2
鎐	2
鐁	2
鐇	2
鐕	2
镮	2
鑗	2
鑛	2
鑯	2
镵	2
钂	2
閇	2
閊	2
閷	2
阓	2
阛	2
阹	2
陁	2
雊	2
雚	2
雸	2
霌	2
霝	2
霡	2
霦	2
霫	2
靃	2
靘	2
靻	2
靾	2
鞶	2
韎	2
韔	2
韣	2
頟	2
頺	2
顜	2
顠	2
顭	2
颲	2
颵	2
飗	2
饤	2
飦	2
餂	2
餇	2
馂	2
饄	2
饛	2
馚	2
駌	2
騊	2
骙	2
驎	2
骦	2
骳	2
髄	2
髇	2
髣	2
髧	2
鬐	2
鬰	2
魆	2
魋	2
魶	2
魿	2
鮗	2
鮡	2
鮨	2
鯈	2
鯣	2
鯥	2
鯭	2
鯯	2
鲯	2
鲰	2
鰅	2
鰎	2
鰔	2
鲿	2
鳁	2
鳆	2
鰡	2
鳑	2
鰸	2
鱆	2
鳚	2
鱌	2
鳣	2
鵞	2
鵩	2
鵶	2
鵻	2
鶤	2
鹙	2
鹥	2
鹯	2
鸑	2
麕	2
麭	2
黺	2
齛	2
龏	2
亐	1
丏	1
丣	1
丳	1
丵	1
乑	1
乤	1
乨	1
乪	1
乫	1
乭	1
乴	1
乵	1
乶	1
乹	1
乺	1
乼	1
亃	1
亝	1
亪	1
亯	1
亷	1
仜	1
仢	1
仹	1
仾	1
伂	1
伇	1
伌	1
伕	1
伜	1
伣	1
伨	1
伭	1
伵	1
伹	1
伻	1
佅	1
佋	1
佒	1
佪	1
佭	1
侇	1
侐	1
侙	1
侜	1
侰	1
侱	1
侲	1
侺	1
侻	1
侼	1
侾	1
俀	1
俇	1
俈	1
俋	1
俌	1
俒	1
俕	1
俰	1
俲	1
俵	1
俼	1
倃	1
倄	1
倇	1
倊	1
倎	1
倠	1
倣	1
倱	1
倹	1
偀	1
偋	1
偖	1
偘	1
偤	1
偧	1
偪	1
偫	1
偮	1
偯	1
偳	1
傁	1
傂	1
傄	1
傇	1
傊	1
傏	1
傐	1
傓	1
傔	1
傚	1
傟	1
傠	1
傡	1
傮	1
傰	1
傱	1
傶	1
傸	1
傼	1
傽	1
傿	1
僁	1
僃	1
僄	1
僌	1
僎	1
僒	1
僓	1
僘	1
僙	1
僠	1
僣	1
僪	1
僯	1
僴	1
僶	1
僺	1
僼	1
儅	1
儑	1
儙	1
儝	1
儫	1
儢	1
儥	1
儧	1
儩	1
儮	1
儯	1
儳	1
儶	1
儾	1
兏	1
兓	1
兙	1
兛	1
兝	1
兞	1
兡	1
兣	1
兤	1
兾	1
冓	1
冔	1
冘	1
冝	1
冟	1
冡	1
冸	1
冹	1
冺	1
凁	1
凂	1
凎	1
凐	1
凒	1
凓	1
凔	1
凕	1
凗	1
凚	1
凟	1
凥	1
凧	1
凩	1
凲	1
凷	1
凾	1
刉	1
刌	1
刏	1
刐	1
刔	1
刜	1
刞	1
刟	1
刡	1
刢	1
刣	1
刦	1
刯	1
刱	1
刴	1
刵	1
刼	1
剆	1
剈	1
剏	1
剒	1
剓	1
剕	1
剙	1
剚	1
剟	1
剠	1
剢	1
剨	1
剬	1
剭	1
剱	1
剶	1
剸	1
剹	1
剺	1
剻	1
剾	1
劀	1
劆	1
劋	1
劎	1
劔	1
劕	1
劖	1
劗	1
劘	1
劙	1
劜	1
劤	1
劯	1
劰	1
劶	1
劷	1
劸	1
劺	1
劽	1
勀	1
勂	1
勆	1
勈	1
勊	1
勌	1
勎	1
勏	1
勑	1
勓	1
勚	1
勜	1
勠	1
勡	1
勷	1
勽	1
匁	1
匃	1
匇	1
匉	1
匌	1
匎	1
匑	1
匒	1
匓	1
匔	1
匘	1
匞	1
匟	1
匤	1
匥	1
匧	1
匩	1
匫	1
匬	1
匲	1
匳	1
匵	1
匷	1
卛	1
卬	1
卭	1
卶	1
卼	1
卾	1
厀	1
厇	1
厈	1
厏	1
厒	1
厧	1
厪	1
厫	1
厯	1
厬	1
厱	1
厹	1
厽	1
叜	1
叝	1
叡	1
壡	1
呁	1
呄	1
呇	1
呚	1
呝	1
呟	1
呠	1
呥	1
呹	1
咅	1
咉	1
咞	1
咠	1
咰	1
咶	1
咺	1
哅	1
哤	1
哱	1
哳	1
哵	1
哷	1
哸	1
哹	1
哻	1
唀	1
唈	1
唋	1
唌	1
唒	1
唕	1
唗	1
唘	1
唙	1
唺	1
啂	1
啅	1
啑	1
啒	1
啔	1
啚	1
啛	1
啠	1
啺	1
啽	1
喗	1
喛	1
喢	1
喣	1
喭	1
喴	1
喿	1
嗀	1
嗁	1
嗂	1
嗃	1
嗈	1
嗋	1
嗠	1
嗸	1
嗺	1
嘃	1
嘄	1
嘊	1
嘐	1
嘕	1
嘝	1
嘨	1
嘳	1
嘷	1
嘺	1
嘾	1
噄	1
噅	1
噆	1
噇	1
噊	1
噋	1
噞	1
噡	1
噧	1
噮	1
噳	1
噽	1
噿	1
嚁	1
嚂	1
嚃	1
嚊	1
嚋	1
嚍	1
嚔	1
嚘	1
嚝	1
嚪	1
嚵	1
嚽	1
嚾	1
囆	1
囋	1
囎	1
囏	1
囐	1
圔	1
圛	1
圠	1
圢	1
圦	1
圫	1
圲	1
圶	1
圸	1
圼	1
圽	1
圿	1
坁	1
坃	1
坄	1
坅	1
坈	1
坉	1
坋	1
坒	1
坓	1
坔	1
坕	1
坖	1
坘	1
坢	1
坥	1
坮	1
坱	1
坴	1
坸	1
坹	1
坺	1
坽	1
坾	1
坿	1
垁	1
垇	1
垈	1
垏	1
垑	1
垔	1
垖	1
垘	1
垥	1
垷	1
垹	1
垼	1
垽	1
埁	1
埈	1
埉	1
埊	1
埐	1
埑	1
埓	1
埜	1
埞	1
埢	1
埣	1
埦	1
埨	1
埩	1
埬	1
埱	1
埳	1
埻	1
埼	1
埾	1
埿	1
堁	1
堄	1
堈	1
堐	1
埪	1
堘	1
堚	1
堩	1
堫	1
堭	1
堮	1
堲	1
堳	1
堶	1
堸	1
堹	1
堻	1
堼	1
堾	1
塀	1
塉	1
塎	1
塐	1
塓	1
塕	1
塖	1
塛	1
塜	1
塠	1
塣	1
塦	1
塧	1
塪	1
塯	1
塳	1
塴	1
塶	1
塷	1
塸	1
塺	1
塻	1
塼	1
塽	1
墂	1
墄	1
墆	1
墇	1
墋	1
墌	1
墎	1
墏	1
墐	1
墔	1
墡	1
墢	1
墤	1
墥	1
墧	1
墪	1
墱	1
墴	1
墷	1
墸	1
壀	1
壂	1
壃	1
壉	1
壍	1
壏	1
壐	1
壔	1
壖	1
壗	1
壛	1
壣	1
壥	1
壦	1
壧	1
壨	1
壭	1
壴	1
壷	1
壻	1
壾	1
壿	1
夁	1
夃	1
夅	1
夓	1
夒	1
夗	1
夘	1
夡	1
夰	1
夽	1
奃	1
奅	1
奆	1
奒	1
奊	1
奙	1
奛	1
奝	1
奞	1
奟	1
奣	1
奦	1
奫	1
奯	1
奰	1
奲	1
奾	1
奿	1
妅	1
妉	1
妌	1
妐	1
妔	1
妛	1
妜	1
妦	1
妰	1
妳	1
妴	1
妵	1
妼	1
妽	1
妿	1
姂	1
姕	1
姪	1
姭	1
姯	1
姰	1
姲	1
姴	1
姶	1
姼	1
姾	1
娂	1
娊	1
娋	1
娎	1
娏	1
娐	1
娔	1
娗	1
娙	1
娞	1
娢	1
娦	1
娧	1
娨	1
娳	1
娽	1
娹	1
娺	1
娻	1
娾	1
婋	1
婎	1
婐	1
婒	1
婘	1
婙	1
婝	1
婟	1
婣	1
婤	1
婨	1
婩	1
婬	1
婮	1
婱	1
婽	1
婾	1
媀	1
媁	1
媅	1
媆	1
媋	1
媍	1
媎	1
媏	1
媑	1
媕	1
媘	1
媝	1
媠	1
媡	1
媢	1
媨	1
媩	1
媮	1
媐	1
媰	1
媶	1
媷	1
媻	1
嫅	1
嫍	1
嫛	1
嫞	1
嫢	1
嫥	1
嫬	1
嫮	1
嫯	1
嫴	1
嫶	1
嫷	1
嫸	1
嫹	1
嫾	1
嬂	1
嬆	1
嬇	1
嬊	1
嬍	1
嬎	1
嬏	1
嬐	1
嬓	1
嬔	1
嬕	1
嬘	1
嬚	1
嬟	1
嬠	1
嬤	1
嬥	1
嬦	1
嬧	1
嬭	1
嬯	1
嬱	1
嬳	1
嬺	1
嬻	1
嬼	1
嬽	1
嬹	1
孂	1
孄	1
孆	1
孈	1
孊	1
孍	1
孏	1
孠	1
孡	1
孮	1
孯	1
孴	1
孶	1
孷	1
孹	1
孻	1
孼	1
孾	1
宂	1
宆	1
宎	1
宖	1
宧	1
宭	1
宯	1
宱	1
宲	1
宷	1
宺	1
寁	1
寉	1
寋	1
寍	1
寏	1
寪	1
寗	1
寙	1
寠	1
寣	1
寭	1
寱	1
寷	1
尀	1
尌	1
尟	1
尠	1
尳	1
尵	1
尶	1
屒	1
屔	1
屖	1
屘	1
屚	1
屝	1
屟	1
屪	1
屫	1
屭	1
乢	1
屳	1
屵	1
屸	1
岅	1
岉	1
岎	1
岏	1
岒	1
岓	1
岝	1
岟	1
岤	1
岦	1
岨	1
岪	1
岮	1
岯	1
岰	1
岲	1
岴	1
岶	1
岹	1
岻	1
峀	1
峅	1
峆	1
峉	1
峊	1
峌	1
峍	1
峏	1
峐	1
峓	1
峔	1
峖	1
峗	1
峚	1
峞	1
峬	1
峮	1
峱	1
峳	1
峵	1
峷	1
峹	1
峺	1
峼	1
峾	1
峿	1
崉	1
崊	1
崏	1
崓	1
崜	1
崣	1
崨	1
崪	1
崫	1
崯	1
崰	1
崳	1
崵	1
崷	1
崸	1
崹	1
崺	1
崻	1
嵅	1
嵈	1
嵉	1
嵍	1
嵏	1
嵑	1
嵒	1
嵓	1
嵙	1
嵞	1
嵟	1
嵠	1
嵡	1
嵢	1
嵣	1
嵤	1
嵥	1
嵦	1
嵧	1
嵪	1
嵭	1
嵮	1
嵰	1
嵱	1
嵲	1
嵳	1
嵶	1
嵷	1
嵸	1
嵹	1
嵺	1
嵻	1
嵽	1
嵾	1
嶀	1
嶃	1
嶊	1
嶍	1
嶐	1
嶑	1
嶕	1
嶖	1
嶘	1
嶚	1
嶛	1
嶜	1
嶞	1
嶟	1
嶡	1
嶣	1
嶤	1
嶦	1
嶩	1
嶫	1
嶬	1
嶭	1
嶯	1
嶱	1
嶳	1
嶹	1
嶾	1
巀	1
巁	1
嶻	1
巄	1
巆	1
巈	1
巊	1
巏	1
巐	1
巎	1
巑	1
巕	1
巗	1
巙	1
巚	1
巤	1
巵	1
巸	1
帄	1
帊	1
帋	1
帍	1
帎	1
帗	1
帟	1
帠	1
帢	1
帣	1
帤	1
帩	1
帬	1
帲	1
帵	1
幁	1
幊	1
幋	1
幍	1
幎	1
幑	1
幒	1
幖	1
幜	1
幝	1
幤	1
幦	1
幧	1
幨	1
幩	1
幭	1
幮	1
幯	1
幵	1
庉	1
庍	1
庎	1
庘	1
庩	1
庪	1
庬	1
庮	1
庰	1
庱	1
庲	1
庴	1
庺	1
庻	1
庽	1
庿	1
廀	1
廅	1
廍	1
廎	1
廏	1
廐	1
廔	1
廘	1
廜	1
廥	1
廦	1
廧	1
廫	1
廮	1
廵	1
廽	1
弅	1
弉	1
弙	1
弞	1
弡	1
弣	1
弤	1
弨	1
弫	1
弮	1
弲	1
弴	1
弿	1
彃	1
彄	1
彋	1
彏	1
彚	1
彠	1
彸	1
彾	1
徎	1
徏	1
徖	1
徛	1
徟	1
徢	1
徬	1
徱	1
徲	1
徶	1
徸	1
徾	1
徿	1
忀	1
忁	1
忂	1
忦	1
忨	1
忩	1
忯	1
忰	1
忴	1
忶	1
忺	1
忼	1
怈	1
怉	1
怋	1
怌	1
怗	1
怘	1
怚	1
怟	1
怢	1
怬	1
怰	1
怲	1
怴	1
怷	1
怸	1
怽	1
恀	1
恄	1
恇	1
恈	1
恊	1
恌	1
恎	1
恑	1
恔	1
恗	1
恘	1
恜	1
恞	1
恡	1
恦	1
恮	1
恱	1
恲	1
恷	1
悀	1
悁	1
悂	1
悋	1
悏	1
悐	1
悑	1
悤	1
悮	1
悷	1
悹	1
悺	1
悿	1
惁	1
惃	1
惐	1
惖	1
惥	1
惷	1
惸	1
惼	1
惽	1
惾	1
愂	1
愃	1
愄	1
愅	1
愇	1
愊	1
愋	1
愒	1
愖	1
愗	1
愝	1
愞	1
愡	1
愱	1
愵	1
愸	1
愹	1
愻	1
愼	1
慀	1
慂	1
慃	1
慅	1
慉	1
慏	1
慔	1
慗	1
慙	1
慛	1
慞	1
慩	1
慱	1
慸	1
慺	1
慻	1
慽	1
慿	1
憀	1
憁	1
憃	1
憆	1
憈	1
憉	1
憌	1
憏	1
憖	1
憗	1
憛	1
憞	1
憠	1
憢	1
憣	1
憥	1
憦	1
憪	1
憭	1
憯	1
憰	1
憴	1
憵	1
憸	1
憹	1
憼	1
憽	1
懀	1
懁	1
懄	1
懅	1
懎	1
懏	1
憻	1
懖	1
懘	1
懚	1
懛	1
懝	1
懢	1
懤	1
懥	1
懧	1
懩	1
懫	1
懬	1
懭	1
懯	1
懰	1
懱	1
懴	1
懹	1
懻	1
戂	1
戃	1
戄	1
戅	1
戤	1
戫	1
戵	1
戹	1
戺	1
戼	1
扅	1
扊	1
扏	1
扗	1
扜	1
扝	1
扡	1
扤	1
扨	1
扟	1
扴	1
扵	1
扷	1
扻	1
抁	1
抂	1
抈	1
抋	1
抌	1
抍	1
抎	1
抏	1
抐	1
抙	1
扸	1
抩	1
抪	1
抭	1
抲	1
抶	1
抸	1
拀	1
拁	1
拕	1
拞	1
拤	1
拪	1
拲	1
拵	1
拸	1
拹	1
拺	1
拻	1
挀	1
挃	1
挄	1
挅	1
挆	1
挊	1
挋	1
挏	1
挔	1
挕	1
挗	1
挜	1
挦	1
挧	1
挬	1
挮	1
挰	1
挳	1
挴	1
挶	1
捀	1
捁	1
捇	1
捈	1
捑	1
捒	1
捓	1
捘	1
捙	1
捚	1
捛	1
捝	1
捦	1
捪	1
捬	1
捳	1
捵	1
捸	1
捹	1
捼	1
捾	1
捿	1
掅	1
掆	1
掚	1
掜	1
掝	1
掦	1
掯	1
掽	1
掿	1
揁	1
揇	1
揈	1
揊	1
揋	1
揌	1
揓	1
揔	1
揕	1
揗	1
揘	1
揟	1
揢	1
揤	1
揥	1
揧	1
揨	1
揫	1
揬	1
揯	1
揰	1
揱	1
揳	1
揹	1
搇	1
搈	1
搉	1
搊	1
搎	1
搑	1
搕	1
搘	1
搙	1
搚	1
搝	1
搤	1
搥	1
搫	1
搮	1
搰	1
搲	1
搳	1
搸	1
搹	1
搻	1
搼	1
揅	1
摌	1
摍	1
摎	1
摏	1
摓	1
摕	1
摗	1
摙	1
摚	1
摝	1
摠	1
摢	1
摣	1
摥	1
摦	1
摨	1
摫	1
摬	1
摮	1
摲	1
摵	1
摷	1
摾	1
摿	1
撀	1
搱	1
撆	1
撉	1
撊	1
撋	1
撌	1
撍	1
撎	1
撔	1
撗	1
撚	1
撛	1
撜	1
撠	1
撡	1
撦	1
撨	1
撪	1
擆	1
撽	1
擃	1
擈	1
擉	1
擌	1
擑	1
擖	1
擙	1
擛	1
擜	1
擟	1
擨	1
擩	1
擪	1
擮	1
擥	1
擵	1
擶	1
擹	1
擽	1
攁	1
攂	1
攅	1
攇	1
攈	1
攊	1
攌	1
攍	1
攎	1
攐	1
攑	1
攓	1
攕	1
攗	1
攡	1
攨	1
攩	1
攭	1
攳	1
攷	1
攼	1
敀	1
敁	1
敂	1
敃	1
敄	1
敆	1
敇	1
敋	1
敐	1
敒	1
敚	1
敜	1
敡	1
敥	1
敨	1
敪	1
敶	1
敿	1
斀	1
斄	1
斈	1
斊	1
斍	1
斒	1
斔	1
斖	1
斘	1
斚	1
斞	1
斢	1
斣	1
斦	1
斨	1
斪	1
斮	1
斱	1
斳	1
斴	1
斵	1
斸	1
斻	1
旉	1
旑	1
旓	1
旘	1
旙	1
旚	1
旜	1
旝	1
旞	1
旟	1
旤	1
旫	1
旲	1
旴	1
旵	1
旹	1
旽	1
旾	1
昁	1
昅	1
昈	1
昋	1
昑	1
昒	1
昖	1
昗	1
昢	1
昤	1
昦	1
昮	1
昲	1
昷	1
昹	1
昿	1
晀	1
晆	1
晇	1
晈	1
晎	1
晐	1
晑	1
晘	1
晜	1
晪	1
晭	1
晱	1
晼	1
暃	1
暆	1
暊	1
暓	1
暙	1
暚	1
暛	1
暞	1
暡	1
暤	1
暥	1
暬	1
暭	1
暯	1
暰	1
暱	1
暲	1
暳	1
暵	1
暶	1
暷	1
暺	1
暽	1
曃	1
曅	1
曋	1
曍	1
曎	1
曑	1
曒	1
曔	1
曗	1
曣	1
曤	1
曥	1
曧	1
曫	1
曭	1
曮	1
曯	1
曶	1
曻	1
朁	1
朄	1
朆	1
朌	1
朎	1
朒	1
朖	1
朚	1
朜	1
朞	1
朠	1
朢	1
朰	1
朳	1
朷	1
朻	1
朼	1
朾	1
杁	1
杊	1
杋	1
杒	1
杔	1
杗	1
杘	1
杚	1
杛	1
杝	1
杢	1
杣	1
杦	1
杶	1
杸	1
杹	1
枀	1
枅	1
枆	1
枈	1
枍	1
枎	1
枑	1
枔	1
枖	1
枛	1
枦	1
枮	1
枺	1
枾	1
枿	1
柌	1
柍	1
柕	1
柖	1
柗	1
柛	1
柣	1
柧	1
柨	1
柪	1
柫	1
柭	1
柮	1
柲	1
柶	1
柹	1
柼	1
柾	1
栂	1
栒	1
栔	1
栕	1
栙	1
栚	1
栛	1
栜	1
栠	1
栣	1
栰	1
桇	1
桋	1
桍	1
桏	1
桒	1
桘	1
桙	1
桝	1
桟	1
桬	1
桭	1
桰	1
桱	1
桵	1
桹	1
桻	1
桼	1
桽	1
桾	1
梀	1
梂	1
梄	1
梇	1
梈	1
梉	1
梊	1
梋	1
梌	1
梍	1
梎	1
梐	1
梑	1
梒	1
梕	1
梙	1
梜	1
梞	1
梡	1
梤	1
梥	1
梩	1
梪	1
梫	1
梬	1
梮	1
梴	1
梷	1
梸	1
梹	1
棅	1
棆	1
棇	1
棔	1
棙	1
棛	1
棜	1
棞	1
棢	1
棥	1
棦	1
棭	1
棳	1
棷	1
棾	1
椃	1
椉	1
椊	1
椓	1
椔	1
椕	1
椙	1
椞	1
椢	1
椣	1
椦	1
椨	1
椮	1
椯	1
椱	1
椲	1
椳	1
椵	1
椶	1
椷	1
椺	1
椻	1
楄	1
楇	1
楈	1
楌	1
楎	1
楏	1
楑	1
楕	1
楖	1
楘	1
楜	1
楥	1
楧	1
楰	1
楲	1
楶	1
楺	1
楻	1
楾	1
榁	1
榏	1
榑	1
榒	1
榓	1
榗	1
榙	1
榚	1
榝	1
榞	1
榟	1
榠	1
榡	1
榣	1
榥	1
榩	1
榬	1
榰	1
榳	1
榵	1
榸	1
榹	1
榺	1
榽	1
榾	1
槀	1
槂	1
槃	1
槆	1
槉	1
槏	1
槒	1
槕	1
槖	1
槝	1
槞	1
槡	1
樮	1
槢	1
槣	1
槥	1
槫	1
槯	1
槰	1
槴	1
槵	1
槶	1
槷	1
槹	1
槾	1
樀	1
樃	1
樄	1
樆	1
樇	1
樈	1
樌	1
樍	1
樎	1
樏	1
樐	1
樒	1
樔	1
樕	1
樖	1
樚	1
樜	1
樝	1
樠	1
樤	1
樥	1
樦	1
樧	1
樬	1
樲	1
樳	1
樴	1
樷	1
橅	1
橉	1
橌	1
橍	1
橎	1
橏	1
橑	1
橒	1
橔	1
橖	1
橗	1
橜	1
橝	1
橞	1
橠	1
橣	1
橤	1
橧	1
橨	1
橩	1
橬	1
橭	1
橮	1
橯	1
橰	1
橲	1
橳	1
橶	1
橽	1
橾	1
橿	1
檂	1
檅	1
檆	1
檈	1
檊	1
檋	1
檍	1
檏	1
檕	1
檖	1
檘	1
檙	1
檝	1
檡	1
檥	1
檦	1
檧	1
檨	1
檪	1
檭	1
檱	1
檲	1
檴	1
檶	1
檷	1
檹	1
檼	1
檿	1
櫀	1
櫁	1
櫅	1
櫆	1
櫇	1
櫋	1
櫍	1
櫏	1
櫖	1
櫗	1
櫜	1
櫡	1
櫢	1
櫤	1
櫭	1
櫩	1
櫮	1
櫯	1
櫰	1
櫲	1
櫴	1
櫶	1
櫹	1
櫼	1
櫽	1
櫾	1
櫿	1
欀	1
欁	1
欂	1
欃	1
欌	1
欆	1
欇	1
欈	1
欉	1
欋	1
欔	1
欗	1
欘	1
欚	1
欛	1
欜	1
欝	1
欟	1
欦	1
欨	1
欩	1
欪	1
欫	1
欭	1
欮	1
欯	1
欰	1
欱	1
欳	1
欴	1
欶	1
欸	1
欼	1
欿	1
歂	1
歄	1
歈	1
歊	1
歋	1
歍	1
歏	1
歑	1
歒	1
歕	1
歗	1
歜	1
歝	1
歞	1
歫	1
歬	1
歮	1
歰	1
歱	1
歵	1
歶	1
歽	1
歾	1
殌	1
殎	1
殐	1
殔	1
殕	1
殝	1
殟	1
殥	1
殦	1
殩	1
殬	1
殱	1
殶	1
殹	1
殽	1
殾	1
毃	1
毄	1
毇	1
毈	1
毉	1
毟	1
毠	1
毢	1
毤	1
毥	1
毧	1
毨	1
毩	1
毭	1
毰	1
毱	1
毲	1
毴	1
毷	1
毸	1
毺	1
毻	1
毼	1
毾	1
氀	1
氁	1
氃	1
氄	1
氆	1
氉	1
氊	1
氋	1
氒	1
氝	1
氠	1
汃	1
汅	1
汆	1
汑	1
汓	1
汖	1
汘	1
汷	1
汦	1
汫	1
汬	1
汮	1
汯	1
汱	1
汳	1
汵	1
汿	1
沀	1
沎	1
沗	1
沜	1
沞	1
沠	1
沯	1
沰	1
泀	1
泈	1
泋	1
泎	1
泏	1
泑	1
泒	1
泜	1
泧	1
泬	1
泲	1
泴	1
泿	1
洆	1
洔	1
洕	1
洠	1
洡	1
洬	1
洭	1
洴	1
洷	1
浂	1
洍	1
浖	1
浝	1
浧	1
浨	1
浫	1
浱	1
浲	1
浳	1
浶	1
浺	1
浻	1
浽	1
浾	1
浿	1
涁	1
涄	1
涆	1
涋	1
涍	1
涏	1
涰	1
涶	1
涹	1
涾	1
淁	1
淃	1
淈	1
淊	1
淎	1
淐	1
淕	1
淗	1
淟	1
淢	1
淧	1
淭	1
淲	1
淴	1
淾	1
淿	1
渂	1
渄	1
渆	1
渒	1
渜	1
渨	1
渪	1
渰	1
渳	1
渵	1
渹	1
渽	1
渿	1
湂	1
湆	1
湌	1
湐	1
湒	1
湙	1
湚	1
湠	1
湣	1
湨	1
湱	1
湵	1
湹	1
湻	1
湽	1
溌	1
溎	1
溑	1
溒	1
溔	1
溕	1
溗	1
溙	1
溛	1
溠	1
溣	1
溤	1
溨	1
溩	1
溬	1
溭	1
溰	1
溳	1
溵	1
溸	1
溾	1
滍	1
滖	1
滜	1
滫	1
滰	1
滱	1
滳	1
滶	1
滼	1
滽	1
漀	1
漅	1
漇	1
漊	1
漌	1
漍	1
漐	1
漒	1
漗	1
漘	1
漛	1
漜	1
漞	1
漡	1
漦	1
漧	1
漮	1
漰	1
漹	1
漺	1
潀	1
潂	1
潊	1
漋	1
漽	1
潝	1
潠	1
潡	1
潥	1
潨	1
潩	1
潫	1
潱	1
潳	1
澁	1
澅	1
澋	1
澏	1
澑	1
澒	1
澓	1
澖	1
濐	1
澞	1
澭	1
澯	1
澰	1
澲	1
澵	1
澻	1
澽	1
澿	1
濌	1
濍	1
濎	1
濏	1
濖	1
濗	1
濚	1
濜	1
濝	1
濢	1
濣	1
濥	1
濦	1
濨	1
濭	1
濲	1
濴	1
濵	1
濷	1
濻	1
濽	1
濿	1
瀀	1
瀂	1
瀃	1
瀄	1
瀈	1
瀊	1
瀌	1
瀎	1
瀐	1
瀒	1
瀓	1
瀔	1
濳	1
瀖	1
瀗	1
瀢	1
瀤	1
瀥	1
瀩	1
瀪	1
瀫	1
瀱	1
瀳	1
瀴	1
瀶	1
瀸	1
瀺	1
灁	1
灂	1
灅	1
灇	1
灈	1
灍	1
灐	1
灒	1
灓	1
灔	1
灖	1
灗	1
灙	1
灛	1
灟	1
灢	1
灨	1
灪	1
灮	1
灱	1
灲	1
灳	1
炇	1
灴	1
灷	1
灹	1
灻	1
炂	1
炃	1
炄	1
炈	1
炋	1
炌	1
炍	1
炏	1
炐	1
炓	1
炗	1
炚	1
炛	1
炠	1
炡	1
炢	1
炥	1
炦	1
炧	1
炨	1
炩	1
炾	1
烄	1
烅	1
烉	1
烌	1
烍	1
烐	1
烑	1
烒	1
烓	1
烕	1
烖	1
烗	1
烞	1
烡	1
烢	1
烰	1
烲	1
烳	1
烵	1
烶	1
烻	1
烼	1
烾	1
烿	1
焀	1
焁	1
焂	1
焃	1
焅	1
焆	1
焇	1
焈	1
焋	1
焍	1
焎	1
焏	1
焛	1
焝	1
焟	1
焢	1
焣	1
焤	1
焥	1
焧	1
焨	1
焪	1
焫	1
焬	1
焭	1
焲	1
焳	1
焴	1
焵	1
焷	1
焸	1
焺	1
煁	1
煂	1
煃	1
煍	1
煏	1
煐	1
煑	1
煔	1
煖	1
煗	1
煘	1
煝	1
煟	1
煠	1
煣	1
煪	1
煫	1
煯	1
煰	1
煛	1
煹	1
煼	1
熁	1
熂	1
熃	1
熆	1
熉	1
熍	1
熎	1
熐	1
熑	1
熕	1
熦	1
熚	1
熝	1
熞	1
熡	1
熢	1
熣	1
熤	1
熧	1
熩	1
熪	1
熫	1
熭	1
熮	1
熯	1
熰	1
熽	1
熿	1
燀	1
燅	1
燆	1
燇	1
燌	1
燍	1
燓	1
燖	1
燗	1
燘	1
燛	1
燡	1
燢	1
燣	1
燤	1
燨	1
燩	1
燪	1
燫	1
燯	1
燰	1
燲	1
燵	1
燸	1
燺	1
燽	1
爁	1
爂	1
爃	1
爄	1
爅	1
爈	1
爉	1
爊	1
爌	1
爕	1
爋	1
爏	1
爑	1
爒	1
爓	1
爔	1
爖	1
爗	1
爙	1
爚	1
爟	1
爡	1
爢	1
爥	1
爦	1
爩	1
爮	1
爯	1
噕	1
爴	1
爼	1
牄	1
牉	1
牊	1
牏	1
牔	1
牕	1
牠	1
牨	1
牪	1
牰	1
牼	1
犃	1
犆	1
犈	1
犉	1
犌	1
犏	1
犐	1
犑	1
犔	1
犕	1
犗	1
犙	1
犚	1
犜	1
犞	1
犡	1
犣	1
犥	1
犩	1
犫	1
犿	1
狇	1
狉	1
狊	1
狋	1
狏	1
狑	1
狓	1
狕	1
狘	1
狜	1
狢	1
狤	1
狥	1
狧	1
狫	1
狵	1
狾	1
狿	1
猀	1
猂	1
猅	1
猆	1
猇	1
猈	1
猉	1
猌	1
猍	1
猏	1
猑	1
猒	1
猔	1
猘	1
猚	1
猣	1
猤	1
猨	1
猯	1
猲	1
猳	1
猼	1
猽	1
獀	1
獂	1
獆	1
獉	1
獌	1
獑	1
獓	1
獔	1
獕	1
獋	1
獖	1
獘	1
獛	1
獜	1
獝	1
獞	1
獡	1
獢	1
獧	1
獩	1
獶	1
獹	1
獽	1
獿	1
玂	1
玃	1
玅	1
玆	1
玈	1
玌	1
玒	1
玔	1
玜	1
玝	1
玣	1
玤	1
玱	1
玴	1
玸	1
玽	1
玾	1
玿	1
珁	1
珋	1
珒	1
珔	1
珕	1
珘	1
珚	1
珟	1
珢	1
珤	1
珫	1
珬	1
珮	1
珱	1
珳	1
珿	1
琔	1
琕	1
琖	1
琗	1
琘	1
琙	1
琜	1
琝	1
琟	1
琡	1
琧	1
琫	1
琸	1
琽	1
瑂	1
瑃	1
瑇	1
瑌	1
瑍	1
瑎	1
瑓	1
瑔	1
瑖	1
瑘	1
瑫	1
瑯	1
瑴	1
瑵	1
瑹	1
瑻	1
瑼	1
瑿	1
璂	1
璅	1
璊	1
璌	1
璓	1
璏	1
璒	1
璔	1
璖	1
璙	1
璚	1
璛	1
璢	1
璥	1
璬	1
璭	1
璲	1
璳	1
璵	1
璷	1
璸	1
璹	1
璻	1
璼	1
璾	1
瓀	1
瓃	1
瓄	1
瓆	1
瓇	1
瓉	1
瓋	1
瓎	1
瓐	1
瓓	1
瓖	1
瓗	1
瓝	1
瓡	1
瓩	1
瓪	1
瓫	1
瓭	1
瓰	1
瓱	1
瓲	1
瓳	1
瓵	1
瓸	1
瓹	1
瓺	1
瓻	1
瓼	1
瓽	1
瓾	1
甀	1
甂	1
甆	1
甇	1
甈	1
甉	1
甊	1
甋	1
甎	1
甐	1
甒	1
甔	1
甖	1
甝	1
甠	1
甤	1
甧	1
甪	1
甹	1
甼	1
畂	1
畃	1
畆	1
畇	1
畉	1
畍	1
畓	1
畕	1
畖	1
畘	1
畟	1
畡	1
畣	1
畬	1
畭	1
畮	1
畷	1
畺	1
畽	1
疀	1
疅	1
疈	1
疉	1
疌	1
疐	1
疓	1
疘	1
疛	1
疞	1
疦	1
疩	1
疺	1
疶	1
疷	1
疿	1
痀	1
痁	1
痄	1
痎	1
痐	1
痑	1
痗	1
痚	1
痜	1
痝	1
痟	1
痡	1
痥	1
痬	1
痭	1
痮	1
痯	1
痲	1
痳	1
痵	1
痶	1
痷	1
痸	1
痺	1
痻	1
瘃	1
瘇	1
瘉	1
瘏	1
瘒	1
瘚	1
瘣	1
瘨	1
瘭	1
瘱	1
瘶	1
瘷	1
瘹	1
癊	1
癁	1
癄	1
癅	1
癋	1
癏	1
癑	1
癕	1
癗	1
癚	1
癛	1
癠	1
癨	1
癪	1
癴	1
癵	1
皃	1
皉	1
皌	1
皍	1
皏	1
皔	1
皗	1
皘	1
皡	1
皣	1
皩	1
皫	1
皭	1
皳	1
皶	1
皷	1
皹	1
皽	1
皾	1
盁	1
盄	1
盇	1
盋	1
盓	1
盕	1
盙	1
盚	1
盠	1
盢	1
盫	1
盭	1
盰	1
盶	1
盽	1
盿	1
眂	1
眃	1
眅	1
眆	1
眐	1
眑	1
眒	1
眓	1
眖	1
眗	1
眝	1
眡	1
眣	1
眧	1
眪	1
眿	1
眱	1
眲	1
睂	1
睄	1
睅	1
睈	1
睉	1
睊	1
睌	1
睓	1
睔	1
睕	1
睖	1
睗	1
睝	1
睤	1
睧	1
睪	1
睮	1
睯	1
睰	1
睴	1
睵	1
睶	1
睷	1
睸	1
睻	1
睼	1
瞁	1
瞂	1
瞃	1
瞆	1
瞇	1
瞈	1
瞉	1
瞊	1
瞏	1
瞔	1
瞕	1
瞖	1
瞗	1
瞙	1
瞚	1
瞛	1
瞝	1
瞡	1
瞣	1
瞨	1
瞫	1
瞮	1
瞯	1
瞱	1
瞲	1
瞸	1
矀	1
矂	1
矃	1
矄	1
矆	1
矉	1
矌	1
矎	1
矏	1
矐	1
矑	1
矒	1
矔	1
矕	1
矘	1
矠	1
矡	1
矤	1
矦	1
矨	1
矪	1
矲	1
矴	1
矵	1
矷	1
矹	1
矺	1
砄	1
砅	1
砆	1
砇	1
砈	1
砊	1
砋	1
砎	1
砐	1
砓	1
砠	1
砤	1
砨	1
砪	1
砱	1
砲	1
砶	1
砿	1
硄	1
硆	1
硈	1
硉	1
硊	1
硋	1
硍	1
硑	1
硞	1
硟	1
硠	1
硡	1
硢	1
硣	1
硥	1
硦	1
硧	1
硩	1
硪	1
硰	1
硱	1
硲	1
硴	1
硷	1
硸	1
硹	1
硺	1
硻	1
硽	1
碀	1
碂	1
碄	1
碅	1
碆	1
碈	1
碊	1
碋	1
碐	1
碒	1
碔	1
碖	1
硾	1
碝	1
碠	1
碡	1
碢	1
碤	1
碨	1
碪	1
碫	1
碬	1
碮	1
碯	1
碵	1
碻	1
碽	1
碿	1
磀	1
磂	1
磃	1
磄	1
磇	1
磈	1
磌	1
磍	1
磎	1
磒	1
磓	1
磖	1
磜	1
磤	1
磛	1
磝	1
磟	1
磠	1
磢	1
磦	1
磩	1
磪	1
磫	1
磭	1
磰	1
磱	1
磳	1
磵	1
磶	1
磸	1
磹	1
磼	1
磿	1
礂	1
礄	1
礇	1
礈	1
礉	1
礊	1
礋	1
礍	1
礏	1
礒	1
礔	1
礕	1
礖	1
礗	1
礘	1
礚	1
礛	1
礜	1
礝	1
礟	1
礡	1
礣	1
礥	1
礧	1
礨	1
礩	1
礭	1
礮	1
礯	1
礰	1
礲	1
礵	1
礷	1
礸	1
礹	1
礿	1
祂	1
祄	1
祇	1
祋	1
祍	1
祐	1
祑	1
祒	1
祩	1
祪	1
祬	1
祮	1
祰	1
祱	1
祳	1
祵	1
祶	1
祼	1
祽	1
禂	1
禈	1
禉	1
禐	1
禑	1
禒	1
禓	1
禗	1
禜	1
禝	1
禞	1
禠	1
禬	1
禭	1
禯	1
禲	1
禴	1
禶	1
秅	1
秎	1
秐	1
秓	1
秔	1
秗	1
秙	1
秚	1
秛	1
秜	1
秝	1
秞	1
秠	1
秢	1
秥	1
秨	1
秮	1
秱	1
秲	1
秳	1
秵	1
秶	1
秹	1
秿	1
稁	1
稄	1
稇	1
稉	1
稌	1
稐	1
稑	1
稒	1
稓	1
稕	1
稖	1
稘	1
稛	1
稝	1
稡	1
稢	1
稦	1
稧	1
稨	1
稩	1
稪	1
稫	1
稬	1
稭	1
稯	1
稰	1
稴	1
稶	1
稸	1
稺	1
稾	1
穁	1
穃	1
穅	1
穇	1
穈	1
穋	1
穐	1
穓	1
穔	1
穕	1
穖	1
穙	1
穚	1
穛	1
穟	1
穣	1
穤	1
穥	1
穦	1
穧	1
穨	1
穪	1
穬	1
穮	1
穯	1
穳	1
穱	1
穲	1
穵	1
穽	1
穾	1
窌	1
窎	1
窏	1
窔	1
窙	1
窚	1
窡	1
窢	1
窤	1
窱	1
窲	1
窴	1
窼	1
窽	1
竀	1
竁	1
竂	1
竃	1
竆	1
竉	1
竌	1
竍	1
竎	1
竏	1
竐	1
竓	1
竕	1
竗	1
竘	1
竚	1
竛	1
竡	1
竢	1
竤	1
竧	1
竨	1
竩	1
竫	1
竬	1
竰	1
竮	1
竱	1
竲	1
竳	1
竼	1
笍	1
笎	1
笐	1
笜	1
笝	1
笡	1
笧	1
笯	1
笰	1
笲	1
笻	1
笿	1
筀	1
筂	1
筄	1
筓	1
筕	1
筞	1
筟	1
筡	1
筤	1
筨	1
筪	1
筫	1
筶	1
筸	1
筺	1
筽	1
箁	1
箃	1
箄	1
箆	1
箈	1
箎	1
箚	1
箠	1
箤	1
箯	1
箲	1
箳	1
箵	1
箺	1
箾	1
箿	1
篅	1
篊	1
篎	1
篏	1
篒	1
篕	1
篖	1
篗	1
篘	1
篞	1
篢	1
篣	1
篧	1
篫	1
篭	1
篲	1
篶	1
篹	1
篻	1
篿	1
簁	1
簂	1
簄	1
簅	1
簆	1
簈	1
簎	1
簐	1
簒	1
簓	1
簔	1
簗	1
簚	1
簛	1
簝	1
簢	1
簥	1
簴	1
簶	1
簷	1
簼	1
籄	1
籅	1
籆	1
籈	1
籉	1
籊	1
籋	1
籏	1
籕	1
籖	1
籒	1
籗	1
籘	1
籚	1
籛	1
籝	1
籞	1
籢	1
籥	1
籧	1
籫	1
籭	1
籯	1
籰	1
籱	1
籵	1
籶	1
籷	1
籸	1
籺	1
籾	1
粀	1
粁	1
粂	1
粃	1
粆	1
粊	1
粌	1
粚	1
粣	1
粧	1
粭	1
粴	1
粷	1
粸	1
粻	1
糂	1
糃	1
糄	1
糆	1
糉	1
糋	1
糎	1
糏	1
糐	1
糑	1
糒	1
糓	1
糔	1
糛	1
糡	1
糣	1
糤	1
糦	1
糩	1
糪	1
糫	1
糭	1
糮	1
糱	1
糳	1
糷	1
糽	1
糿	1
紁	1
紌	1
紎	1
紏	1
紣	1
紤	1
纼	1
紻	1
紽	1
絁	1
絇	1
絈	1
絉	1
絊	1
絋	1
絏	1
絑	1
絒	1
絓	1
絖	1
絙	1
絚	1
絤	1
絥	1
絩	1
絫	1
絬	1
絭	1
絴	1
絼	1
絽	1
綂	1
綊	1
綒	1
綗	1
绤	1
綟	1
綤	1
綥	1
綧	1
綩	1
緁	1
緅	1
緆	1
緎	1
緕	1
绬	1
緜	1
緧	1
緪	1
緮	1
緰	1
緷	1
緸	1
緽	1
緿	1
縀	1
縃	1
縅	1
縍	1
縏	1
縒	1
縓	1
縔	1
縙	1
縚	1
縜	1
縥	1
縪	1
縬	1
縯	1
縰	1
縿	1
繂	1
繉	1
繈	1
繓	1
繗	1
繙	1
繟	1
繱	1
繨	1
繬	1
繷	1
纄	1
纅	1
纉	1
纎	1
纐	1
纑	1
纒	1
纗	1
纝	1
缹	1
缻	1
缿	1
罁	1
罃	1
罆	1
罇	1
罊	1
罋	1
罏	1
罤	1
罧	1
罬	1
罭	1
罯	1
罳	1
罸	1
罺	1
罻	1
罼	1
罿	1
羀	1
羃	1
羄	1
羇	1
羒	1
羓	1
羘	1
羛	1
羜	1
羠	1
羢	1
羦	1
羬	1
羭	1
羳	1
羵	1
羷	1
羺	1
羻	1
羾	1
翂	1
翄	1
翇	1
翈	1
翍	1
翏	1
翐	1
翑	1
翓	1
翖	1
翗	1
翜	1
翝	1
翞	1
翢	1
翣	1
翤	1
翧	1
翨	1
翪	1
翲	1
翴	1
翵	1
翷	1
翸	1
翽	1
翿	1
耈	1
耉	1
耊	1
耑	1
耓	1
耚	1
耛	1
耝	1
耞	1
耡	1
耣	1
耤	1
耫	1
耯	1
耴	1
耹	1
耺	1
耼	1
耾	1
聀	1
聄	1
聇	1
聈	1
聉	1
聎	1
聏	1
聐	1
聑	1
聠	1
聕	1
聗	1
聛	1
聜	1
聝	1
聟	1
聢	1
聥	1
聦	1
聧	1
聫	1
聬	1
聭	1
聮	1
聸	1
聺	1
聻	1
肂	1
肊	1
肍	1
肎	1
肐	1
肒	1
肔	1
肕	1
肗	1
肙	1
肞	1
肣	1
肦	1
肨	1
肬	1
肰	1
肳	1
肵	1
胅	1
胇	1
胈	1
胉	1
胊	1
胋	1
胏	1
胓	1
胔	1
胘	1
胟	1
胢	1
胦	1
胮	1
胵	1
胷	1
胹	1
胻	1
胾	1
胿	1
脀	1
脄	1
腀	1
腅	1
腏	1
腒	1
幐	1
朡	1
腛	1
腞	1
腢	1
腣	1
腤	1
腨	1
腪	1
腬	1
腲	1
腶	1
腽	1
膁	1
膅	1
膆	1
膇	1
膉	1
膋	1
膌	1
膎	1
膐	1
膒	1
膓	1
膔	1
膕	1
膖	1
膗	1
膙	1
膞	1
膟	1
膡	1
膢	1
膧	1
膪	1
膫	1
膭	1
膱	1
膲	1
膴	1
膵	1
膹	1
膼	1
臄	1
臅	1
臇	1
臎	1
臐	1
臔	1
臕	1
臖	1
臙	1
臝	1
臡	1
臤	1
臲	1
臶	1
臷	1
臹	1
臽	1
舋	1
舏	1
舑	1
舓	1
舕	1
舖	1
舝	1
舤	1
舦	1
舧	1
舩	1
舮	1
舼	1
舽	1
舿	1
艀	1
艁	1
艃	1
艆	1
艊	1
艌	1
艎	1
艐	1
艑	1
艓	1
艕	1
艖	1
艗	1
艛	1
艜	1
艝	1
艞	1
艡	1
艢	1
艣	1
艥	1
艩	1
艪	1
艬	1
艭	1
艵	1
芀	1
芁	1
芆	1
芇	1
芌	1
芕	1
芖	1
芚	1
芛	1
芵	1
苀	1
苂	1
苉	1
茾	1
苙	1
苧	1
苬	1
苭	1
苰	1
苲	1
苵	1
苺	1
茊	1
茍	1
茘	1
茙	1
茟	1
茢	1
茥	1
茦	1
茰	1
茷	1
荁	1
荂	1
荅	1
荎	1
荕	1
荮	1
茣	1
荳	1
荴	1
荺	1
荾	1
莀	1
莌	1
莏	1
莑	1
莚	1
莝	1
莡	1
莤	1
莥	1
莦	1
荓	1
莾	1
菃	1
菆	1
菎	1
菐	1
菒	1
菕	1
菙	1
菚	1
菞	1
菣	1
菨	1
菫	1
菬	1
菭	1
菮	1
菵	1
菷	1
萀	1
萅	1
萈	1
萒	1
萓	1
萔	1
萕	1
萖	1
萗	1
萛	1
萟	1
萰	1
萲	1
萴	1
萶	1
萷	1
萹	1
萻	1
萾	1
葀	1
葁	1
葂	1
葄	1
葅	1
葈	1
葊	1
葋	1
葌	1
葏	1
葐	1
葕	1
葘	1
葞	1
葟	1
葠	1
葧	1
葨	1
葪	1
葲	1
葴	1
葼	1
葿	1
蒀	1
蒁	1
蒃	1
蒆	1
蒏	1
蒑	1
蒕	1
蒘	1
蒧	1
蒪	1
蒫	1
蒬	1
蒭	1
蒮	1
蒰	1
蒵	1
蒷	1
蓃	1
蓈	1
蓌	1
蓎	1
蓏	1
蓔	1
蓕	1
蓘	1
蓚	1
蓛	1
蓨	1
蓩	1
蓫	1
蓭	1
蓲	1
蓵	1
蓸	1
蓺	1
蓻	1
蓾	1
蔁	1
蔄	1
蔅	1
蔆	1
蔈	1
蔋	1
蔏	1
蔐	1
蔒	1
蔖	1
蔛	1
蔜	1
蔧	1
蔨	1
蔩	1
蔪	1
蔮	1
蔰	1
蔳	1
蔾	1
蕀	1
蕂	1
蕄	1
蕇	1
蕋	1
蕌	1
蕍	1
蕑	1
蕚	1
蕛	1
蕠	1
蕦	1
蕧	1
蕮	1
蕱	1
蕵	1
蕼	1
蕽	1
蕿	1
薁	1
薂	1
薃	1
薉	1
薎	1
薐	1
薒	1
薓	1
薕	1
薙	1
薚	1
薝	1
薞	1
薣	1
薥	1
薧	1
薲	1
薵	1
薶	1
薻	1
薼	1
薽	1
藀	1
藃	1
藄	1
藅	1
藆	1
藇	1
藈	1
藊	1
藋	1
藑	1
蘤	1
藖	1
藗	1
藘	1
藚	1
藡	1
藢	1
藣	1
藧	1
藫	1
藬	1
藭	1
藰	1
藱	1
藲	1
藳	1
藮	1
藼	1
蘁	1
蘃	1
蘉	1
蘋	1
蘌	1
蘍	1
蘎	1
蘏	1
蘐	1
蘓	1
蘕	1
蘗	1
蘙	1
蘛	1
蘜	1
蘝	1
蘟	1
蘠	1
蘡	1
蘣	1
蘥	1
蘦	1
蘨	1
蘪	1
蘬	1
蘮	1
蘯	1
蘲	1
蘳	1
蘴	1
蘵	1
蘱	1
蘻	1
蘽	1
虀	1
虁	1
虃	1
虇	1
虈	1
虉	1
虊	1
虋	1
虌	1
虖	1
虘	1
虙	1
虝	1
虠	1
虣	1
虥	1
虦	1
虨	1
虪	1
虭	1
虰	1
虴	1
虶	1
蚄	1
蚅	1
蚇	1
蚉	1
蚎	1
蚐	1
蚑	1
蚒	1
蚔	1
蚗	1
蚘	1
蚙	1
蚞	1
蚠	1
蚢	1
蚥	1
蚫	1
蚭	1
蚮	1
蚲	1
蚳	1
蚸	1
蚹	1
蚻	1
蚼	1
蚽	1
蚾	1
蛁	1
蛂	1
蛃	1
蛅	1
蛈	1
蛌	1
蚈	1
蛒	1
蛓	1
蛕	1
蛗	1
蛚	1
蛝	1
蛠	1
蛡	1
蛢	1
蛣	1
蛥	1
蛦	1
蛨	1
蛪	1
蛫	1
蛬	1
蛖	1
蛵	1
蛶	1
蛷	1
蛼	1
蛽	1
蛿	1
蜁	1
蜄	1
蜅	1
蜋	1
蜌	1
蜏	1
蜐	1
蜔	1
蜖	1
蜫	1
蝆	1
蜙	1
蜛	1
蜝	1
蜟	1
蜠	1
蜤	1
蜦	1
蜧	1
蜨	1
蜪	1
蜬	1
蜭	1
蜰	1
蜲	1
蜳	1
蜵	1
蜶	1
蜸	1
蜹	1
蜺	1
蜼	1
蜽	1
蝁	1
蝅	1
蝋	1
蝍	1
蝏	1
蝐	1
蝑	1
蝒	1
蝔	1
蝖	1
蝘	1
蝚	1
蝛	1
蝝	1
蝞	1
蝡	1
蝢	1
蝧	1
蝩	1
蝫	1
蝬	1
蝭	1
蝯	1
蝱	1
蝵	1
蝷	1
蝺	1
蝿	1
螀	1
蟡	1
蝹	1
螁	1
螆	1
螇	1
螉	1
螊	1
螋	1
螌	1
螎	1
螏	1
螐	1
螑	1
螒	1
螔	1
螕	1
螖	1
螙	1
螛	1
螜	1
螤	1
螥	1
螪	1
螰	1
螱	1
螲	1
螴	1
螶	1
螷	1
螸	1
螹	1
螼	1
螾	1
蟁	1
蟂	1
蟃	1
蟅	1
蟇	1
蟉	1
蟍	1
蟏	1
蟔	1
蟖	1
蟗	1
蟘	1
蟙	1
蟚	1
蟝	1
蟞	1
蟟	1
蟢	1
蟤	1
蟦	1
蟧	1
蟨	1
蟩	1
蟭	1
蟴	1
蠁	1
蠎	1
蟷	1
蟸	1
蠂	1
蠇	1
蠉	1
蠌	1
蠏	1
蠒	1
蠗	1
蠘	1
蠚	1
蠜	1
蠝	1
蠞	1
蠠	1
蠤	1
蠥	1
蠦	1
蠩	1
蠪	1
蠫	1
蠬	1
蠭	1
蠮	1
蠯	1
蠰	1
蠳	1
蠷	1
蠸	1
蠺	1
蠽	1
蠾	1
蠿	1
衁	1
衂	1
衃	1
衇	1
衈	1
衉	1
衋	1
衏	1
衑	1
衒	1
衖	1
衘	1
衟	1
衠	1
衦	1
衭	1
衱	1
衳	1
衴	1
衵	1
衹	1
衺	1
衻	1
衼	1
袀	1
袃	1
袉	1
袊	1
袌	1
袎	1
袐	1
袑	1
袕	1
袟	1
袡	1
袥	1
袪	1
袬	1
袯	1
袲	1
袳	1
袵	1
袶	1
袸	1
袹	1
袺	1
袾	1
袿	1
裋	1
裌	1
裍	1
裐	1
裖	1
裚	1
裠	1
裧	1
裩	1
裪	1
裫	1
裬	1
裭	1
裮	1
裵	1
裶	1
裷	1
裺	1
裻	1
裿	1
褄	1
裦	1
褅	1
褠	1
褤	1
褯	1
褱	1
褷	1
褹	1
褺	1
褼	1
褽	1
褾	1
褿	1
襂	1
襈	1
襉	1
襊	1
襋	1
襍	1
襎	1
襑	1
襒	1
襓	1
襗	1
襙	1
襚	1
襛	1
襢	1
襣	1
襥	1
襧	1
襩	1
襫	1
襭	1
襮	1
襰	1
襱	1
襳	1
襴	1
襽	1
襵	1
襷	1
襸	1
襹	1
襺	1
襼	1
覂	1
覉	1
覊	1
覙	1
觃	1
覐	1
覒	1
覔	1
覕	1
覛	1
覝	1
覞	1
覟	1
覢	1
覣	1
覤	1
覨	1
覫	1
覭	1
覮	1
覰	1
覱	1
覴	1
覵	1
覶	1
覹	1
覻	1
覾	1
觓	1
觕	1
觗	1
觘	1
觙	1
觝	1
觟	1
觠	1
觡	1
觢	1
觤	1
觨	1
觩	1
觪	1
觬	1
觭	1
觮	1
觰	1
觲	1
鵤	1
觵	1
觷	1
觹	1
觺	1
觻	1
觼	1
觾	1
訅	1
訋	1
訍	1
訔	1
訙	1
讱	1
訠	1
訤	1
訮	1
訯	1
訰	1
訲	1
讻	1
訵	1
訹	1
証	1
訽	1
訿	1
詂	1
詃	1
詄	1
詅	1
詇	1
詉	1
詊	1
詋	1
詍	1
詏	1
詑	1
詙	1
詚	1
詜	1
诐	1
詨	1
詴	1
詶	1
詻	1
詽	1
詾	1
誁	1
誂	1
誈	1
誖	1
誗	1
誙	1
誛	1
誝	1
誟	1
誢	1
誧	1
誫	1
诪	1
誱	1
誴	1
誵	1
誻	1
諁	1
諃	1
諅	1
諈	1
諊	1
諐	1
諓	1
諔	1
諕	1
諙	1
諚	1
諩	1
諣	1
諬	1
諯	1
諹	1
諽	1
諿	1
謆	1
謈	1
謋	1
謍	1
謑	1
謒	1
謕	1
謘	1
謞	1
謟	1
謤	1
謥	1
謩	1
謪	1
謮	1
謯	1
謰	1
謱	1
謲	1
謴	1
謶	1
謷	1
謺	1
謻	1
謽	1
譀	1
譄	1
譆	1
譇	1
譈	1
譋	1
譌	1
譐	1
譑	1
譒	1
譔	1
譗	1
譛	1
譍	1
譝	1
譠	1
譣	1
譤	1
譥	1
譧	1
譨	1
譪	1
譱	1
譳	1
譶	1
譺	1
譻	1
譼	1
譿	1
讂	1
讄	1
讅	1
讆	1
讇	1
讈	1
讋	1
讍	1
讑	1
讔	1
讗	1
讛	1
讝	1
谸	1
谹	1
谼	1
谽	1
谾	1
谿	1
豀	1
豂	1
豃	1
豄	1
豅	1
豍	1
豏	1
豑	1
豓	1
豖	1
豘	1
豙	1
豛	1
豜	1
豝	1
豟	1
豠	1
豣	1
豤	1
豥	1
豦	1
豧	1
豩	1
豮	1
豯	1
豰	1
豱	1
豴	1
豵	1
豷	1
豻	1
豼	1
豽	1
豾	1
貀	1
貁	1
貃	1
貄	1
貆	1
貈	1
貋	1
貏	1
貒	1
貕	1
貖	1
貗	1
貚	1
貛	1
貜	1
貣	1
貤	1
貥	1
貱	1
貵	1
貾	1
賆	1
賉	1
賋	1
賌	1
賐	1
賔	1
賖	1
賝	1
賟	1
賩	1
賯	1
赗	1
賶	1
賹	1
賿	1
贀	1
贃	1
贆	1
贉	1
贎	1
贒	1
贕	1
贙	1
贚	1
赥	1
赨	1
赩	1
赮	1
赲	1
赸	1
赹	1
赺	1
赼	1
赾	1
趀	1
趂	1
趃	1
趆	1
趇	1
趈	1
趌	1
趍	1
趎	1
趏	1
趑	1
趒	1
趓	1
趖	1
趗	1
趘	1
趛	1
趜	1
趝	1
趞	1
趡	1
趢	1
趤	1
趥	1
趦	1
趩	1
趪	1
趬	1
趭	1
趮	1
趶	1
趷	1
趹	1
趻	1
趽	1
跀	1
跇	1
跈	1
跉	1
跊	1
跍	1
跒	1
跓	1
跔	1
跙	1
跜	1
跠	1
跦	1
跧	1
跭	1
跮	1
跰	1
跱	1
跲	1
跾	1
跿	1
踀	1
踁	1
踂	1
踃	1
踆	1
踍	1
踑	1
踒	1
踓	1
踕	1
踖	1
踗	1
踘	1
踙	1
踚	1
踛	1
踜	1
踠	1
踤	1
踥	1
踦	1
踧	1
踨	1
踫	1
踲	1
踳	1
踶	1
踷	1
踸	1
踻	1
踼	1
踾	1
踿	1
蹃	1
蹅	1
蹎	1
蹔	1
蹗	1
蹘	1
蹝	1
蹞	1
蹠	1
蹢	1
蹥	1
蹮	1
蹪	1
蹫	1
蹳	1
蹵	1
蹷	1
蹸	1
蹹	1
躃	1
躆	1
躈	1
躎	1
躖	1
躗	1
躘	1
躙	1
躛	1
躟	1
躠	1
躢	1
躣	1
躤	1
躧	1
躩	1
躨	1
躭	1
躳	1
躴	1
躶	1
躷	1
躸	1
躹	1
躽	1
躾	1
躿	1
軁	1
軂	1
軃	1
軄	1
軅	1
軇	1
軈	1
軉	1
軐	1
軓	1
轪	1
軖	1
軗	1
軘	1
軙	1
軜	1
軝	1
軞	1
軠	1
軡	1
軣	1
軥	1
軦	1
軧	1
軩	1
軪	1
軬	1
軮	1
軯	1
軱	1
軳	1
軵	1
軶	1
軷	1
轷	1
軭	1
輀	1
輁	1
輆	1
輌	1
輍	1
輎	1
輏	1
輑	1
輘	1
輙	1
輚	1
輡	1
輢	1
輤	1
輧	1
輨	1
辌	1
輭	1
輰	1
輱	1
輲	1
輴	1
輵	1
輷	1
輹	1
輺	1
輼	1
輽	1
轁	1
轃	1
轇	1
轈	1
轊	1
轋	1
轏	1
轐	1
轑	1
轒	1
轓	1
轖	1
轗	1
轙	1
轚	1
轛	1
轜	1
轝	1
轞	1
轠	1
轥	1
辝	1
辠	1
辡	1
辥	1
辳	1
辴	1
辸	1
迃	1
迌	1
迒	1
迠	1
迧	1
迱	1
迺	1
迼	1
迾	1
逇	1
逈	1
逌	1
逎	1
逓	1
逘	1
逤	1
逧	1
逪	1
逫	1
逬	1
逳	1
逷	1
逽	1
逿	1
遀	1
遃	1
遉	1
遌	1
遚	1
遧	1
遪	1
遫	1
遬	1
遱	1
遳	1
遻	1
邆	1
遾	1
邍	1
邒	1
邔	1
邖	1
邚	1
邞	1
邟	1
邥	1
邧	1
邩	1
邫	1
邭	1
邷	1
邼	1
邿	1
郀	1
郂	1
郆	1
郋	1
郌	1
郍	1
郔	1
郖	1
郘	1
郙	1
郠	1
郣	1
郥	1
郩	1
郬	1
郮	1
郰	1
郱	1
郲	1
郶	1
郹	1
郺	1
郻	1
郼	1
鄁	1
鄃	1
鄅	1
鄇	1
鄈	1
鄊	1
鄋	1
鄌	1
鄍	1
鄎	1
鄏	1
鄐	1
鄑	1
鄓	1
鄛	1
鄝	1
鄟	1
鄡	1
鄤	1
鄥	1
鄦	1
鄨	1
鄪	1
鄳	1
鄵	1
鄷	1
鄸	1
鄻	1
鄼	1
鄽	1
鄾	1
鄿	1
酀	1
酁	1
酅	1
酑	1
酓	1
酕	1
酖	1
酘	1
酙	1
酟	1
酠	1
酧	1
酫	1
酭	1
酳	1
酻	1
酼	1
醀	1
醂	1
醄	1
醈	1
醊	1
醎	1
醏	1
醓	1
醔	1
醕	1
醗	1
醘	1
醙	1
醝	1
醟	1
醠	1
醥	1
醦	1
醧	1
醩	1
醰	1
醲	1
醳	1
醶	1
醷	1
醹	1
醼	1
釂	1
釄	1
釆	1
釚	1
釛	1
釞	1
釟	1
釠	1
釡	1
釥	1
釫	1
釬	1
釮	1
釯	1
釰	1
釱	1
釲	1
釴	1
釸	1
釼	1
釽	1
鈂	1
鈆	1
鈌	1
鈓	1
鈗	1
鈘	1
鈙	1
鈜	1
鈝	1
鈟	1
鈢	1
鈬	1
鈱	1
鈵	1
鈶	1
鉆	1
鉇	1
鉊	1
鉌	1
鉔	1
鉖	1
鉘	1
鉙	1
鉜	1
鉝	1
鉟	1
鉠	1
鉣	1
鉥	1
鉪	1
鉰	1
鉵	1
鉹	1
銁	1
銂	1
銋	1
銌	1
銐	1
銒	1
銔	1
銙	1
銝	1
銞	1
銟	1
銡	1
銢	1
銰	1
銲	1
銴	1
銵	1
銸	1
銺	1
銽	1
銾	1
銿	1
鋄	1
鋊	1
鋍	1
鋎	1
鋑	1
鋓	1
鋔	1
鋖	1
鋗	1
鋘	1
鋚	1
鋛	1
鋜	1
鋠	1
鋡	1
鋢	1
鋧	1
鋫	1
鋷	1
鋺	1
鋻	1
鋾	1
鋿	1
錀	1
錃	1
錅	1
錉	1
錊	1
錌	1
錎	1
錓	1
錔	1
錖	1
錗	1
錜	1
錣	1
錤	1
錥	1
錭	1
錰	1
錴	1
錷	1
錹	1
錻	1
錽	1
锧	1
鍡	1
鍯	1
鍱	1
鍲	1
鍳	1
鍷	1
鍹	1
鍻	1
鍽	1
鍿	1
鎁	1
鎃	1
鎉	1
鎋	1
鎎	1
鎑	1
鎒	1
鎙	1
鎜	1
鎞	1
鎟	1
鎠	1
鎤	1
鎥	1
鎨	1
鎫	1
鎮	1
鏎	1
鏏	1
鏒	1
鏔	1
鏕	1
鏙	1
鏠	1
鏣	1
鏥	1
鏧	1
鏩	1
鏪	1
鏫	1
鏬	1
鏭	1
鏮	1
鏳	1
鏼	1
鏿	1
鐀	1
鐂	1
鐄	1
鐅	1
鐆	1
鐉	1
鐊	1
鐛	1
鐬	1
鐰	1
鐱	1
鐻	1
鐼	1
鑁	1
鑂	1
鑃	1
鑅	1
鑆	1
鑇	1
鑈	1
鑉	1
鑋	1
鑍	1
鑎	1
鑏	1
鑐	1
鑓	1
鑖	1
鑘	1
鑙	1
鑜	1
鑝	1
鑟	1
鑡	1
鑢	1
鑤	1
鑨	1
鑩	1
鑪	1
鑬	1
鑮	1
鑵	1
钄	1
镺	1
镻	1
镼	1
镽	1
镾	1
闬	1
閕	1
閚	1
閛	1
閜	1
閝	1
閠	1
閧	1
閯	1
閳	1
閴	1
閵	1
闑	1
阘	1
闙	1
闚	1
闛	1
闝	1
闟	1
闣	1
阞	1
阠	1
阤	1
阥	1
阦	1
阧	1
阩	1
阫	1
阭	1
阰	1
阷	1
阸	1
阺	1
阾	1
陃	1
陎	1
陒	1
陓	1
陖	1
陗	1
陙	1
陠	1
陦	1
陚	1
陫	1
陭	1
陮	1
陯	1
陱	1
陹	1
陼	1
陾	1
陿	1
隀	1
隁	1
隃	1
隇	1
隌	1
隑	1
隒	1
隓	1
隖	1
隚	1
隝	1
隞	1
隟	1
隡	1
隢	1
隤	1
隥	1
隦	1
隫	1
隭	1
隮	1
隯	1
隲	1
隵	1
隺	1
隿	1
雂	1
雃	1
雈	1
雐	1
雓	1
雔	1
雗	1
雝	1
雟	1
雡	1
雤	1
雥	1
雦	1
雧	1
雬	1
雭	1
雴	1
雵	1
雺	1
雽	1
霋	1
霐	1
霒	1
霔	1
霕	1
霘	1
霚	1
霟	1
霠	1
霣	1
霤	1
霥	1
霨	1
霩	1
霬	1
霮	1
霯	1
霱	1
霳	1
霴	1
霵	1
霶	1
霷	1
霼	1
霿	1
靀	1
靅	1
靆	1
靊	1
靋	1
靍	1
靏	1
靕	1
靗	1
靝	1
靟	1
靧	1
靪	1
靫	1
靭	1
靮	1
靯	1
靱	1
靲	1
靵	1
靽	1
靿	1
鞂	1
鞃	1
鞆	1
鞇	1
鞈	1
鞉	1
鞊	1
鞌	1
鞙	1
鞜	1
鞟	1
鞢	1
鞧	1
鞩	1
鞪	1
鞰	1
鞱	1
鞳	1
鞵	1
鞷	1
鞸	1
鞹	1
鞺	1
鞻	1
鞼	1
鞾	1
鞿	1
韀	1
韄	1
韅	1
韇	1
韈	1
韊	1
韨	1
韏	1
韐	1
韑	1
韒	1
韕	1
韖	1
韗	1
韘	1
韚	1
韟	1
韛	1
韠	1
韢	1
韤	1
韥	1
韯	1
韰	1
韱	1
韲	1
韴	1
韷	1
韸	1
韹	1
韺	1
韼	1
韽	1
韾	1
頀	1
頉	1
頍	1
頕	1
頙	1
頚	1
頛	1
頝	1
頢	1
頧	1
頨	1
頪	1
頥	1
頯	1
頱	1
頳	1
頶	1
颒	1
頿	1
顀	1
顂	1
顄	1
顅	1
顇	1
顈	1
顉	1
顊	1
頾	1
顋	1
顐	1
顑	1
顖	1
顝	1
顟	1
顡	1
顣	1
顤	1
顦	1
顨	1
顩	1
顪	1
顮	1
颥	1
顲	1
颪	1
颫	1
颬	1
颹	1
颽	1
颿	1
飁	1
飇	1
飉	1
飊	1
飋	1
飌	1
飍	1
飡	1
飬	1
飰	1
飵	1
飶	1
飷	1
飸	1
飹	1
飻	1
饳	1
飺	1
餁	1
餆	1
餈	1
餋	1
饻	1
餝	1
餟	1
餢	1
餣	1
餧	1
餩	1
餪	1
餫	1
餬	1
餯	1
餰	1
餲	1
餴	1
餽	1
饀	1
饂	1
馉	1
馌	1
馎	1
饆	1
饇	1
饍	1
饎	1
饏	1
饓	1
饖	1
饙	1
饚	1
饝	1
饟	1
饠	1
饡	1
馛	1
馜	1
馝	1
馞	1
馟	1
馠	1
馢	1
馣	1
馤	1
馦	1
馧	1
馩	1
馪	1
馯	1
馰	1
馲	1
馵	1
馶	1
馷	1
馸	1
馺	1
馻	1
馽	1
馾	1
駀	1
駂	1
駇	1
駈	1
駊	1
駋	1
駍	1
駓	1
駖	1
駗	1
駜	1
駞	1
駠	1
駣	1
駤	1
駥	1
駨	1
駪	1
駫	1
駬	1
駮	1
駯	1
駲	1
駴	1
駵	1
駷	1
駹	1
駼	1
駽	1
駾	1
駳	1
騆	1
騇	1
騈	1
騉	1
騐	1
骔	1
騘	1
騜	1
騞	1
騡	1
騢	1
騣	1
騥	1
騦	1
騨	1
騬	1
騯	1
騱	1
騳	1
騴	1
騹	1
騺	1
騻	1
騼	1
騽	1
騿	1
驆	1
驇	1
驈	1
驉	1
驐	1
驑	1
驒	1
驔	1
骣	1
驖	1
驘	1
驙	1
驜	1
驝	1
驞	1
驠	1
驡	1
驣	1
驧	1
驨	1
骩	1
骪	1
骫	1
骬	1
骭	1
骮	1
骲	1
骴	1
骻	1
骽	1
骾	1
骿	1
髆	1
髉	1
髊	1
髍	1
髐	1
髗	1
髚	1
髛	1
髜	1
髝	1
髞	1
髠	1
髢	1
髤	1
髥	1
髨	1
髩	1
髬	1
髰	1
髱	1
髲	1
髳	1
髴	1
髵	1
髶	1
髷	1
髸	1
髺	1
鬇	1
髼	1
髽	1
髾	1
髿	1
鬀	1
鬁	1
鬂	1
鬄	1
鬅	1
鬉	1
鬊	1
鬋	1
鬌	1
鬎	1
鬑	1
鬒	1
鬔	1
鬕	1
鬖	1
鬗	1
鬙	1
鬛	1
鬜	1
鬞	1
鬠	1
鬡	1
鬤	1
鬫	1
鬬	1
鬭	1
鬳	1
鬴	1
鬵	1
鬷	1
鬸	1
鬹	1
鬾	1
鬿	1
魀	1
魌	1
魐	1
魒	1
魓	1
魕	1
魖	1
魗	1
魙	1
魝	1
鱽	1
魠	1
魣	1
魤	1
魦	1
魧	1
魩	1
魪	1
魫	1
魬	1
魮	1
魱	1
魲	1
魳	1
魻	1
魽	1
魾	1
鮅	1
鮆	1
鮉	1
鮌	1
鮖	1
鲄	1
鲏	1
鮙	1
鮛	1
鮢	1
鮤	1
鮧	1
鮩	1
鮬	1
鮯	1
鮴	1
鲓	1
鲝	1
鮵	1
鮹	1
鮻	1
鮼	1
鮾	1
鮿	1
鯂	1
鯅	1
鯋	1
鯌	1
鯍	1
鯏	1
鲬	1
鯘	1
鯙	1
鯚	1
鯜	1
鯞	1
鯦	1
鯬	1
鯮	1
鯲	1
鯵	1
鯺	1
鯼	1
鰀	1
鰄	1
鰇	1
鰊	1
鰋	1
鰑	1
鰖	1
鰛	1
鳂	1
鳈	1
鰝	1
鰞	1
鰦	1
鰪	1
鰫	1
鰬	1
鲾	1
鳒	1
鰴	1
鰶	1
鰽	1
鰿	1
鱀	1
鱁	1
鱃	1
鱄	1
鷠	1
鳛	1
鱊	1
鱋	1
鱍	1
鱎	1
鱏	1
鱐	1
鱑	1
鱙	1
鱞	1
鱡	1
鱢	1
鱥	1
鱦	1
鳠	1
鱬	1
鱱	1
鱳	1
鱴	1
鱵	1
鱶	1
鱹	1
鳨	1
鳫	1
鳭	1
鳰	1
鳱	1
鳵	1
鸤	1
鳸	1
鳹	1
鳺	1
鳻	1
鳿	1
鴀	1
鴁	1
鴄	1
鴅	1
鴈	1
鴋	1
鴌	1
鴍	1
鴎	1
鸧	1
鴊	1
鴐	1
鴑	1
鴓	1
鴔	1
鴖	1
鴘	1
鴙	1
鴚	1
鴠	1
鴡	1
鴢	1
鴤	1
鴥	1
鴧	1
鴩	1
鴪	1
鴫	1
鴬	1
鸴	1
鴭	1
鴮	1
鴱	1
鴳	1
鴵	1
鴶	1
鴸	1
鴺	1
鴼	1
鴽	1
鴾	1
鵀	1
鵄	1
鵅	1
鵆	1
鵈	1
鸼	1
鵊	1
鵋	1
鵌	1
鵍	1
鵎	1
鵏	1
鵔	1
鵕	1
鵖	1
鵗	1
鵘	1
鵙	1
鵛	1
鵢	1
鵣	1
鵦	1
鵧	1
鵨	1
鵫	1
鵭	1
鵱	1
鵳	1
鵴	1
鵵	1
鵸	1
鵹	1
鵽	1
鵿	1
鶀	1
鶁	1
鶂	1
鶃	1
鶅	1
鶆	1
鶈	1
鶋	1
鶌	1
鶑	1
鹐	1
鹒	1
鹔	1
鶐	1
鶔	1
鶕	1
鶙	1
鶛	1
鶜	1
鶝	1
鶞	1
鶟	1
鶠	1
鶢	1
鶣	1
鶦	1
鶧	1
鶨	1
鶫	1
鶭	1
鶮	1
鶰	1
鶱	1
鶳	1
鶶	1
鶷	1
鶸	1
鶽	1
鷅	1
鷆	1
鷇	1
鷌	1
鷍	1
鷎	1
鷏	1
鹝	1
鹠	1
鷋	1
鷐	1
鷑	1
鷒	1
鷕	1
鷘	1
鷛	1
鷜	1
鷝	1
鷞	1
鷢	1
鷣	1
鷤	1
鷧	1
鷩	1
鷪	1
鷬	1
鷭	1
鷮	1
鷰	1
鷱	1
鷵	1
鷶	1
鷷	1
鷻	1
鷼	1
鷾	1
鸁	1
鸃	1
鸄	1
鸅	1
鸈	1
鸉	1
鸍	1
鸎	1
鸐	1
鸒	1
鹲	1
鸓	1
鸔	1
鸖	1
鸗	1
鸙	1
鹴	1
鸜	1
鹶	1
鹷	1
鹸	1
鹻	1
麁	1
麃	1
麄	1
麅	1
麆	1
麉	1
麊	1
麌	1
麍	1
麎	1
麏	1
麐	1
麔	1
麖	1
麘	1
麙	1
麚	1
麛	1
麜	1
麞	1
麠	1
麡	1
麢	1
麣	1
麧	1
麬	1
麰	1
麱	1
麶	1
麷	1
黀	1
黂	1
黅	1
黆	1
黇	1
黈	1
黊	1
黋	1
黓	1
黕	1
黖	1
黗	1
黚	1
黤	1
黦	1
黫	1
黬	1
黭	1
黳	1
黵	1
黸	1
鼀	1
鼁	1
鼂	1
鼃	1
鼄	1
鼅	1
鼆	1
鼇	1
鼈	1
鼊	1
鼏	1
鼒	1
鼖	1
鼘	1
鼚	1
鼛	1
鼜	1
鼝	1
鼞	1
鼣	1
鼤	1
鼥	1
鼦	1
鼧	1
鼨	1
鼪	1
鼫	1
鼭	1
鼮	1
鼰	1
鼲	1
鼳	1
鼵	1
鼶	1
鼸	1
鼺	1
鼼	1
鼿	1
齀	1
齂	1
齃	1
齄	1
齅	1
齆	1
齈	1
齉	1
齌	1
齍	1
齓	1
齖	1
齘	1
龂	1
齚	1
齝	1
齞	1
齤	1
齥	1
齨	1
齩	1
齫	1
齭	1
齯	1
齰	1
齱	1
齳	1
齴	1
齸	1
齹	1
齺	1
齻	1
齼	1
齽	1
齾	1
龓	1
龗	1
龝	1
龞	1
龡	1
龣	1
龤	1
龥	1
